ISO-10303-21;
HEADER;
/* Generated by software containing ST-Developer
 * from STEP Tools, Inc. (www.steptools.com) 
 */

FILE_DESCRIPTION(
/* description */ (''),
/* implementation_level */ '2;1');

FILE_NAME(
/* name */ '37898463-0f86-47fa-8490-20c2b523ddf2.stp',
/* time_stamp */ '2026-08-07T02:22:24Z',
/* author */ (''),
/* organization */ (''),
/* preprocessor_version */ 'ST-DEVELOPER v20.2',
/* originating_system */ 'Autodesk Translation Framework v15.15.0.0',
/* authorisation */ '');

FILE_SCHEMA (('AUTOMOTIVE_DESIGN { 1 0 10303 214 3 1 1 }'));
ENDSEC;

DATA;
#10=MECHANICAL_DESIGN_GEOMETRIC_PRESENTATION_REPRESENTATION('',(#13,#14,
#15,#16,#17,#18,#19),#4685);
#11=SHAPE_REPRESENTATION_RELATIONSHIP('SRR','None',#4692,#12);
#12=ADVANCED_BREP_SHAPE_REPRESENTATION('',(#20,#21,#22,#23,#24,#25,#26),
#4684);
#13=STYLED_ITEM('',(#4701),#20);
#14=STYLED_ITEM('',(#4701),#21);
#15=STYLED_ITEM('',(#4701),#22);
#16=STYLED_ITEM('',(#4701),#23);
#17=STYLED_ITEM('',(#4701),#24);
#18=STYLED_ITEM('',(#4701),#25);
#19=STYLED_ITEM('',(#4701),#26);
#20=MANIFOLD_SOLID_BREP('Body1',#2815);
#21=MANIFOLD_SOLID_BREP('Body4',#2816);
#22=MANIFOLD_SOLID_BREP('Body5',#2817);
#23=MANIFOLD_SOLID_BREP('Body6',#2818);
#24=MANIFOLD_SOLID_BREP('Body8',#2819);
#25=MANIFOLD_SOLID_BREP('Body9',#2820);
#26=MANIFOLD_SOLID_BREP('Body10',#2821);
#27=CONICAL_SURFACE('',#2863,2.425,0.785398163397448);
#28=CONICAL_SURFACE('',#2868,2.425,0.785398163397448);
#29=CONICAL_SURFACE('',#2873,2.425,0.785398163397448);
#30=CONICAL_SURFACE('',#2878,2.425,0.785398163397448);
#31=CONICAL_SURFACE('',#2883,2.425,0.785398163397448);
#32=CONICAL_SURFACE('',#2888,2.425,0.785398163397448);
#33=CONICAL_SURFACE('',#2893,2.425,0.785398163397448);
#34=CONICAL_SURFACE('',#2898,2.425,0.785398163397448);
#35=FACE_BOUND('',#370,.T.);
#36=FACE_BOUND('',#371,.T.);
#37=FACE_BOUND('',#372,.T.);
#38=FACE_BOUND('',#374,.T.);
#39=FACE_BOUND('',#375,.T.);
#40=FACE_BOUND('',#376,.T.);
#41=FACE_BOUND('',#441,.T.);
#42=FACE_BOUND('',#442,.T.);
#43=FACE_BOUND('',#449,.T.);
#44=FACE_BOUND('',#450,.T.);
#45=FACE_BOUND('',#463,.T.);
#46=FACE_BOUND('',#464,.T.);
#47=FACE_BOUND('',#471,.T.);
#48=FACE_BOUND('',#472,.T.);
#49=FACE_BOUND('',#492,.T.);
#50=FACE_BOUND('',#493,.T.);
#51=FACE_BOUND('',#494,.T.);
#52=FACE_BOUND('',#495,.T.);
#53=FACE_BOUND('',#496,.T.);
#54=FACE_BOUND('',#497,.T.);
#55=FACE_BOUND('',#498,.T.);
#56=FACE_BOUND('',#499,.T.);
#57=FACE_BOUND('',#500,.T.);
#58=FACE_BOUND('',#509,.T.);
#59=FACE_BOUND('',#510,.T.);
#60=FACE_BOUND('',#511,.T.);
#61=FACE_BOUND('',#512,.T.);
#62=FACE_BOUND('',#513,.T.);
#63=FACE_BOUND('',#514,.T.);
#64=FACE_BOUND('',#515,.T.);
#65=FACE_BOUND('',#516,.T.);
#66=FACE_BOUND('',#520,.T.);
#67=FACE_BOUND('',#522,.T.);
#68=FACE_BOUND('',#527,.T.);
#69=FACE_BOUND('',#528,.T.);
#70=FACE_BOUND('',#529,.T.);
#71=FACE_BOUND('',#533,.T.);
#72=FACE_BOUND('',#534,.T.);
#73=FACE_BOUND('',#535,.T.);
#74=FACE_BOUND('',#543,.T.);
#75=FACE_BOUND('',#545,.T.);
#76=FACE_BOUND('',#550,.T.);
#77=FACE_BOUND('',#551,.T.);
#78=FACE_BOUND('',#552,.T.);
#79=FACE_BOUND('',#556,.T.);
#80=FACE_BOUND('',#557,.T.);
#81=FACE_BOUND('',#558,.T.);
#82=FACE_BOUND('',#566,.T.);
#83=FACE_BOUND('',#568,.T.);
#84=FACE_BOUND('',#573,.T.);
#85=FACE_BOUND('',#574,.T.);
#86=FACE_BOUND('',#575,.T.);
#87=FACE_BOUND('',#579,.T.);
#88=FACE_BOUND('',#580,.T.);
#89=FACE_BOUND('',#581,.T.);
#90=PLANE('',#2844);
#91=PLANE('',#2845);
#92=PLANE('',#2846);
#93=PLANE('',#2847);
#94=PLANE('',#2848);
#95=PLANE('',#2849);
#96=PLANE('',#2850);
#97=PLANE('',#2906);
#98=PLANE('',#2907);
#99=PLANE('',#2908);
#100=PLANE('',#2910);
#101=PLANE('',#2912);
#102=PLANE('',#2913);
#103=PLANE('',#2915);
#104=PLANE('',#2919);
#105=PLANE('',#2920);
#106=PLANE('',#2921);
#107=PLANE('',#2923);
#108=PLANE('',#2925);
#109=PLANE('',#2926);
#110=PLANE('',#2928);
#111=PLANE('',#2932);
#112=PLANE('',#2933);
#113=PLANE('',#2934);
#114=PLANE('',#2936);
#115=PLANE('',#2938);
#116=PLANE('',#2939);
#117=PLANE('',#2941);
#118=PLANE('',#2945);
#119=PLANE('',#2946);
#120=PLANE('',#2947);
#121=PLANE('',#2949);
#122=PLANE('',#2951);
#123=PLANE('',#2952);
#124=PLANE('',#2954);
#125=PLANE('',#2958);
#126=PLANE('',#2959);
#127=PLANE('',#2960);
#128=PLANE('',#2962);
#129=PLANE('',#2964);
#130=PLANE('',#2965);
#131=PLANE('',#2967);
#132=PLANE('',#2971);
#133=PLANE('',#2972);
#134=PLANE('',#2973);
#135=PLANE('',#2975);
#136=PLANE('',#2977);
#137=PLANE('',#2978);
#138=PLANE('',#2980);
#139=PLANE('',#2984);
#140=PLANE('',#2985);
#141=PLANE('',#2986);
#142=PLANE('',#2988);
#143=PLANE('',#2990);
#144=PLANE('',#2991);
#145=PLANE('',#2993);
#146=PLANE('',#2997);
#147=PLANE('',#2998);
#148=PLANE('',#2999);
#149=PLANE('',#3001);
#150=PLANE('',#3003);
#151=PLANE('',#3004);
#152=PLANE('',#3006);
#153=PLANE('',#3007);
#154=PLANE('',#3008);
#155=PLANE('',#3009);
#156=PLANE('',#3010);
#157=PLANE('',#3011);
#158=PLANE('',#3012);
#159=PLANE('',#3013);
#160=PLANE('',#3014);
#161=PLANE('',#3015);
#162=PLANE('',#3016);
#163=PLANE('',#3017);
#164=PLANE('',#3018);
#165=PLANE('',#3019);
#166=PLANE('',#3020);
#167=PLANE('',#3021);
#168=PLANE('',#3022);
#169=PLANE('',#3023);
#170=PLANE('',#3024);
#171=PLANE('',#3031);
#172=PLANE('',#3032);
#173=PLANE('',#3042);
#174=PLANE('',#3043);
#175=PLANE('',#3044);
#176=PLANE('',#3045);
#177=PLANE('',#3046);
#178=PLANE('',#3047);
#179=PLANE('',#3048);
#180=PLANE('',#3049);
#181=PLANE('',#3056);
#182=PLANE('',#3057);
#183=PLANE('',#3067);
#184=PLANE('',#3068);
#185=PLANE('',#3069);
#186=PLANE('',#3070);
#187=PLANE('',#3071);
#188=PLANE('',#3072);
#189=PLANE('',#3073);
#190=PLANE('',#3074);
#191=PLANE('',#3081);
#192=PLANE('',#3082);
#193=PLANE('',#3092);
#194=PLANE('',#3093);
#195=PLANE('',#3094);
#196=PLANE('',#3095);
#197=PLANE('',#3096);
#198=PLANE('',#3097);
#199=PLANE('',#3098);
#200=PLANE('',#3099);
#201=FACE_OUTER_BOUND('',#366,.T.);
#202=FACE_OUTER_BOUND('',#367,.T.);
#203=FACE_OUTER_BOUND('',#368,.T.);
#204=FACE_OUTER_BOUND('',#369,.T.);
#205=FACE_OUTER_BOUND('',#373,.T.);
#206=FACE_OUTER_BOUND('',#377,.T.);
#207=FACE_OUTER_BOUND('',#378,.T.);
#208=FACE_OUTER_BOUND('',#379,.T.);
#209=FACE_OUTER_BOUND('',#380,.T.);
#210=FACE_OUTER_BOUND('',#381,.T.);
#211=FACE_OUTER_BOUND('',#382,.T.);
#212=FACE_OUTER_BOUND('',#383,.T.);
#213=FACE_OUTER_BOUND('',#384,.T.);
#214=FACE_OUTER_BOUND('',#385,.T.);
#215=FACE_OUTER_BOUND('',#386,.T.);
#216=FACE_OUTER_BOUND('',#387,.T.);
#217=FACE_OUTER_BOUND('',#388,.T.);
#218=FACE_OUTER_BOUND('',#389,.T.);
#219=FACE_OUTER_BOUND('',#390,.T.);
#220=FACE_OUTER_BOUND('',#391,.T.);
#221=FACE_OUTER_BOUND('',#392,.T.);
#222=FACE_OUTER_BOUND('',#393,.T.);
#223=FACE_OUTER_BOUND('',#394,.T.);
#224=FACE_OUTER_BOUND('',#395,.T.);
#225=FACE_OUTER_BOUND('',#396,.T.);
#226=FACE_OUTER_BOUND('',#397,.T.);
#227=FACE_OUTER_BOUND('',#398,.T.);
#228=FACE_OUTER_BOUND('',#399,.T.);
#229=FACE_OUTER_BOUND('',#400,.T.);
#230=FACE_OUTER_BOUND('',#401,.T.);
#231=FACE_OUTER_BOUND('',#402,.T.);
#232=FACE_OUTER_BOUND('',#403,.T.);
#233=FACE_OUTER_BOUND('',#404,.T.);
#234=FACE_OUTER_BOUND('',#405,.T.);
#235=FACE_OUTER_BOUND('',#406,.T.);
#236=FACE_OUTER_BOUND('',#407,.T.);
#237=FACE_OUTER_BOUND('',#408,.T.);
#238=FACE_OUTER_BOUND('',#409,.T.);
#239=FACE_OUTER_BOUND('',#410,.T.);
#240=FACE_OUTER_BOUND('',#411,.T.);
#241=FACE_OUTER_BOUND('',#412,.T.);
#242=FACE_OUTER_BOUND('',#413,.T.);
#243=FACE_OUTER_BOUND('',#414,.T.);
#244=FACE_OUTER_BOUND('',#415,.T.);
#245=FACE_OUTER_BOUND('',#416,.T.);
#246=FACE_OUTER_BOUND('',#417,.T.);
#247=FACE_OUTER_BOUND('',#418,.T.);
#248=FACE_OUTER_BOUND('',#419,.T.);
#249=FACE_OUTER_BOUND('',#420,.T.);
#250=FACE_OUTER_BOUND('',#421,.T.);
#251=FACE_OUTER_BOUND('',#422,.T.);
#252=FACE_OUTER_BOUND('',#423,.T.);
#253=FACE_OUTER_BOUND('',#424,.T.);
#254=FACE_OUTER_BOUND('',#425,.T.);
#255=FACE_OUTER_BOUND('',#426,.T.);
#256=FACE_OUTER_BOUND('',#427,.T.);
#257=FACE_OUTER_BOUND('',#428,.T.);
#258=FACE_OUTER_BOUND('',#429,.T.);
#259=FACE_OUTER_BOUND('',#430,.T.);
#260=FACE_OUTER_BOUND('',#431,.T.);
#261=FACE_OUTER_BOUND('',#432,.T.);
#262=FACE_OUTER_BOUND('',#433,.T.);
#263=FACE_OUTER_BOUND('',#434,.T.);
#264=FACE_OUTER_BOUND('',#435,.T.);
#265=FACE_OUTER_BOUND('',#436,.T.);
#266=FACE_OUTER_BOUND('',#437,.T.);
#267=FACE_OUTER_BOUND('',#438,.T.);
#268=FACE_OUTER_BOUND('',#439,.T.);
#269=FACE_OUTER_BOUND('',#440,.T.);
#270=FACE_OUTER_BOUND('',#443,.T.);
#271=FACE_OUTER_BOUND('',#444,.T.);
#272=FACE_OUTER_BOUND('',#445,.T.);
#273=FACE_OUTER_BOUND('',#446,.T.);
#274=FACE_OUTER_BOUND('',#447,.T.);
#275=FACE_OUTER_BOUND('',#448,.T.);
#276=FACE_OUTER_BOUND('',#451,.T.);
#277=FACE_OUTER_BOUND('',#452,.T.);
#278=FACE_OUTER_BOUND('',#453,.T.);
#279=FACE_OUTER_BOUND('',#454,.T.);
#280=FACE_OUTER_BOUND('',#455,.T.);
#281=FACE_OUTER_BOUND('',#456,.T.);
#282=FACE_OUTER_BOUND('',#457,.T.);
#283=FACE_OUTER_BOUND('',#458,.T.);
#284=FACE_OUTER_BOUND('',#459,.T.);
#285=FACE_OUTER_BOUND('',#460,.T.);
#286=FACE_OUTER_BOUND('',#461,.T.);
#287=FACE_OUTER_BOUND('',#462,.T.);
#288=FACE_OUTER_BOUND('',#465,.T.);
#289=FACE_OUTER_BOUND('',#466,.T.);
#290=FACE_OUTER_BOUND('',#467,.T.);
#291=FACE_OUTER_BOUND('',#468,.T.);
#292=FACE_OUTER_BOUND('',#469,.T.);
#293=FACE_OUTER_BOUND('',#470,.T.);
#294=FACE_OUTER_BOUND('',#473,.T.);
#295=FACE_OUTER_BOUND('',#474,.T.);
#296=FACE_OUTER_BOUND('',#475,.T.);
#297=FACE_OUTER_BOUND('',#476,.T.);
#298=FACE_OUTER_BOUND('',#477,.T.);
#299=FACE_OUTER_BOUND('',#478,.T.);
#300=FACE_OUTER_BOUND('',#479,.T.);
#301=FACE_OUTER_BOUND('',#480,.T.);
#302=FACE_OUTER_BOUND('',#481,.T.);
#303=FACE_OUTER_BOUND('',#482,.T.);
#304=FACE_OUTER_BOUND('',#483,.T.);
#305=FACE_OUTER_BOUND('',#484,.T.);
#306=FACE_OUTER_BOUND('',#485,.T.);
#307=FACE_OUTER_BOUND('',#486,.T.);
#308=FACE_OUTER_BOUND('',#487,.T.);
#309=FACE_OUTER_BOUND('',#488,.T.);
#310=FACE_OUTER_BOUND('',#489,.T.);
#311=FACE_OUTER_BOUND('',#490,.T.);
#312=FACE_OUTER_BOUND('',#491,.T.);
#313=FACE_OUTER_BOUND('',#501,.T.);
#314=FACE_OUTER_BOUND('',#502,.T.);
#315=FACE_OUTER_BOUND('',#503,.T.);
#316=FACE_OUTER_BOUND('',#504,.T.);
#317=FACE_OUTER_BOUND('',#505,.T.);
#318=FACE_OUTER_BOUND('',#506,.T.);
#319=FACE_OUTER_BOUND('',#507,.T.);
#320=FACE_OUTER_BOUND('',#508,.T.);
#321=FACE_OUTER_BOUND('',#517,.T.);
#322=FACE_OUTER_BOUND('',#518,.T.);
#323=FACE_OUTER_BOUND('',#519,.T.);
#324=FACE_OUTER_BOUND('',#521,.T.);
#325=FACE_OUTER_BOUND('',#523,.T.);
#326=FACE_OUTER_BOUND('',#524,.T.);
#327=FACE_OUTER_BOUND('',#525,.T.);
#328=FACE_OUTER_BOUND('',#526,.T.);
#329=FACE_OUTER_BOUND('',#530,.T.);
#330=FACE_OUTER_BOUND('',#531,.T.);
#331=FACE_OUTER_BOUND('',#532,.T.);
#332=FACE_OUTER_BOUND('',#536,.T.);
#333=FACE_OUTER_BOUND('',#537,.T.);
#334=FACE_OUTER_BOUND('',#538,.T.);
#335=FACE_OUTER_BOUND('',#539,.T.);
#336=FACE_OUTER_BOUND('',#540,.T.);
#337=FACE_OUTER_BOUND('',#541,.T.);
#338=FACE_OUTER_BOUND('',#542,.T.);
#339=FACE_OUTER_BOUND('',#544,.T.);
#340=FACE_OUTER_BOUND('',#546,.T.);
#341=FACE_OUTER_BOUND('',#547,.T.);
#342=FACE_OUTER_BOUND('',#548,.T.);
#343=FACE_OUTER_BOUND('',#549,.T.);
#344=FACE_OUTER_BOUND('',#553,.T.);
#345=FACE_OUTER_BOUND('',#554,.T.);
#346=FACE_OUTER_BOUND('',#555,.T.);
#347=FACE_OUTER_BOUND('',#559,.T.);
#348=FACE_OUTER_BOUND('',#560,.T.);
#349=FACE_OUTER_BOUND('',#561,.T.);
#350=FACE_OUTER_BOUND('',#562,.T.);
#351=FACE_OUTER_BOUND('',#563,.T.);
#352=FACE_OUTER_BOUND('',#564,.T.);
#353=FACE_OUTER_BOUND('',#565,.T.);
#354=FACE_OUTER_BOUND('',#567,.T.);
#355=FACE_OUTER_BOUND('',#569,.T.);
#356=FACE_OUTER_BOUND('',#570,.T.);
#357=FACE_OUTER_BOUND('',#571,.T.);
#358=FACE_OUTER_BOUND('',#572,.T.);
#359=FACE_OUTER_BOUND('',#576,.T.);
#360=FACE_OUTER_BOUND('',#577,.T.);
#361=FACE_OUTER_BOUND('',#578,.T.);
#362=FACE_OUTER_BOUND('',#582,.T.);
#363=FACE_OUTER_BOUND('',#583,.T.);
#364=FACE_OUTER_BOUND('',#584,.T.);
#365=FACE_OUTER_BOUND('',#585,.T.);
#366=EDGE_LOOP('',(#1848,#1849,#1850,#1851));
#367=EDGE_LOOP('',(#1852,#1853,#1854,#1855));
#368=EDGE_LOOP('',(#1856,#1857,#1858,#1859));
#369=EDGE_LOOP('',(#1860,#1861,#1862,#1863));
#370=EDGE_LOOP('',(#1864));
#371=EDGE_LOOP('',(#1865));
#372=EDGE_LOOP('',(#1866));
#373=EDGE_LOOP('',(#1867,#1868,#1869,#1870));
#374=EDGE_LOOP('',(#1871));
#375=EDGE_LOOP('',(#1872));
#376=EDGE_LOOP('',(#1873));
#377=EDGE_LOOP('',(#1874,#1875,#1876,#1877));
#378=EDGE_LOOP('',(#1878,#1879,#1880,#1881,#1882,#1883));
#379=EDGE_LOOP('',(#1884,#1885,#1886,#1887,#1888,#1889));
#380=EDGE_LOOP('',(#1890,#1891,#1892,#1893));
#381=EDGE_LOOP('',(#1894,#1895,#1896,#1897));
#382=EDGE_LOOP('',(#1898,#1899,#1900,#1901));
#383=EDGE_LOOP('',(#1902,#1903,#1904,#1905));
#384=EDGE_LOOP('',(#1906,#1907,#1908,#1909));
#385=EDGE_LOOP('',(#1910,#1911,#1912,#1913));
#386=EDGE_LOOP('',(#1914,#1915,#1916,#1917));
#387=EDGE_LOOP('',(#1918,#1919,#1920,#1921));
#388=EDGE_LOOP('',(#1922,#1923,#1924,#1925));
#389=EDGE_LOOP('',(#1926,#1927,#1928,#1929));
#390=EDGE_LOOP('',(#1930,#1931,#1932,#1933));
#391=EDGE_LOOP('',(#1934,#1935,#1936,#1937));
#392=EDGE_LOOP('',(#1938,#1939,#1940,#1941));
#393=EDGE_LOOP('',(#1942,#1943,#1944,#1945));
#394=EDGE_LOOP('',(#1946,#1947,#1948,#1949));
#395=EDGE_LOOP('',(#1950,#1951,#1952,#1953));
#396=EDGE_LOOP('',(#1954,#1955,#1956,#1957));
#397=EDGE_LOOP('',(#1958,#1959,#1960,#1961));
#398=EDGE_LOOP('',(#1962,#1963,#1964,#1965));
#399=EDGE_LOOP('',(#1966,#1967,#1968,#1969));
#400=EDGE_LOOP('',(#1970,#1971,#1972,#1973));
#401=EDGE_LOOP('',(#1974,#1975,#1976,#1977));
#402=EDGE_LOOP('',(#1978,#1979,#1980,#1981));
#403=EDGE_LOOP('',(#1982,#1983,#1984,#1985));
#404=EDGE_LOOP('',(#1986,#1987,#1988,#1989));
#405=EDGE_LOOP('',(#1990,#1991,#1992,#1993));
#406=EDGE_LOOP('',(#1994,#1995,#1996,#1997));
#407=EDGE_LOOP('',(#1998,#1999,#2000,#2001));
#408=EDGE_LOOP('',(#2002,#2003,#2004,#2005));
#409=EDGE_LOOP('',(#2006,#2007,#2008,#2009));
#410=EDGE_LOOP('',(#2010,#2011,#2012,#2013));
#411=EDGE_LOOP('',(#2014,#2015,#2016,#2017));
#412=EDGE_LOOP('',(#2018,#2019,#2020,#2021));
#413=EDGE_LOOP('',(#2022,#2023,#2024,#2025));
#414=EDGE_LOOP('',(#2026,#2027,#2028,#2029));
#415=EDGE_LOOP('',(#2030,#2031,#2032,#2033));
#416=EDGE_LOOP('',(#2034,#2035,#2036,#2037));
#417=EDGE_LOOP('',(#2038,#2039,#2040,#2041));
#418=EDGE_LOOP('',(#2042,#2043,#2044,#2045));
#419=EDGE_LOOP('',(#2046,#2047,#2048,#2049));
#420=EDGE_LOOP('',(#2050,#2051,#2052,#2053));
#421=EDGE_LOOP('',(#2054,#2055,#2056,#2057));
#422=EDGE_LOOP('',(#2058,#2059,#2060,#2061));
#423=EDGE_LOOP('',(#2062,#2063,#2064,#2065));
#424=EDGE_LOOP('',(#2066,#2067,#2068,#2069));
#425=EDGE_LOOP('',(#2070,#2071,#2072,#2073));
#426=EDGE_LOOP('',(#2074,#2075,#2076,#2077));
#427=EDGE_LOOP('',(#2078,#2079,#2080,#2081));
#428=EDGE_LOOP('',(#2082,#2083,#2084,#2085));
#429=EDGE_LOOP('',(#2086,#2087,#2088,#2089));
#430=EDGE_LOOP('',(#2090,#2091,#2092,#2093));
#431=EDGE_LOOP('',(#2094,#2095,#2096,#2097));
#432=EDGE_LOOP('',(#2098,#2099,#2100,#2101));
#433=EDGE_LOOP('',(#2102,#2103,#2104,#2105));
#434=EDGE_LOOP('',(#2106,#2107,#2108,#2109));
#435=EDGE_LOOP('',(#2110,#2111,#2112,#2113));
#436=EDGE_LOOP('',(#2114,#2115,#2116,#2117));
#437=EDGE_LOOP('',(#2118,#2119,#2120,#2121));
#438=EDGE_LOOP('',(#2122,#2123,#2124,#2125));
#439=EDGE_LOOP('',(#2126,#2127,#2128,#2129));
#440=EDGE_LOOP('',(#2130,#2131,#2132,#2133));
#441=EDGE_LOOP('',(#2134));
#442=EDGE_LOOP('',(#2135));
#443=EDGE_LOOP('',(#2136,#2137,#2138,#2139));
#444=EDGE_LOOP('',(#2140,#2141,#2142,#2143));
#445=EDGE_LOOP('',(#2144,#2145,#2146,#2147));
#446=EDGE_LOOP('',(#2148,#2149,#2150,#2151));
#447=EDGE_LOOP('',(#2152,#2153,#2154,#2155));
#448=EDGE_LOOP('',(#2156,#2157,#2158,#2159));
#449=EDGE_LOOP('',(#2160));
#450=EDGE_LOOP('',(#2161));
#451=EDGE_LOOP('',(#2162,#2163,#2164,#2165));
#452=EDGE_LOOP('',(#2166,#2167,#2168,#2169));
#453=EDGE_LOOP('',(#2170,#2171,#2172,#2173));
#454=EDGE_LOOP('',(#2174,#2175,#2176,#2177));
#455=EDGE_LOOP('',(#2178,#2179,#2180,#2181));
#456=EDGE_LOOP('',(#2182,#2183,#2184,#2185));
#457=EDGE_LOOP('',(#2186,#2187,#2188,#2189));
#458=EDGE_LOOP('',(#2190,#2191,#2192,#2193));
#459=EDGE_LOOP('',(#2194,#2195,#2196,#2197));
#460=EDGE_LOOP('',(#2198,#2199,#2200,#2201));
#461=EDGE_LOOP('',(#2202,#2203,#2204,#2205));
#462=EDGE_LOOP('',(#2206,#2207,#2208,#2209));
#463=EDGE_LOOP('',(#2210));
#464=EDGE_LOOP('',(#2211));
#465=EDGE_LOOP('',(#2212,#2213,#2214,#2215));
#466=EDGE_LOOP('',(#2216,#2217,#2218,#2219));
#467=EDGE_LOOP('',(#2220,#2221,#2222,#2223));
#468=EDGE_LOOP('',(#2224,#2225,#2226,#2227));
#469=EDGE_LOOP('',(#2228,#2229,#2230,#2231));
#470=EDGE_LOOP('',(#2232,#2233,#2234,#2235));
#471=EDGE_LOOP('',(#2236));
#472=EDGE_LOOP('',(#2237));
#473=EDGE_LOOP('',(#2238,#2239,#2240,#2241));
#474=EDGE_LOOP('',(#2242,#2243,#2244,#2245));
#475=EDGE_LOOP('',(#2246,#2247,#2248,#2249));
#476=EDGE_LOOP('',(#2250,#2251,#2252,#2253));
#477=EDGE_LOOP('',(#2254,#2255,#2256,#2257));
#478=EDGE_LOOP('',(#2258,#2259,#2260,#2261));
#479=EDGE_LOOP('',(#2262,#2263,#2264,#2265));
#480=EDGE_LOOP('',(#2266,#2267,#2268,#2269));
#481=EDGE_LOOP('',(#2270,#2271,#2272,#2273));
#482=EDGE_LOOP('',(#2274,#2275,#2276,#2277));
#483=EDGE_LOOP('',(#2278,#2279,#2280,#2281));
#484=EDGE_LOOP('',(#2282,#2283,#2284,#2285));
#485=EDGE_LOOP('',(#2286,#2287,#2288,#2289));
#486=EDGE_LOOP('',(#2290,#2291,#2292,#2293));
#487=EDGE_LOOP('',(#2294,#2295,#2296,#2297));
#488=EDGE_LOOP('',(#2298,#2299,#2300,#2301));
#489=EDGE_LOOP('',(#2302,#2303,#2304,#2305));
#490=EDGE_LOOP('',(#2306,#2307,#2308,#2309));
#491=EDGE_LOOP('',(#2310,#2311,#2312,#2313,#2314,#2315,#2316,#2317,#2318,
#2319,#2320,#2321,#2322,#2323,#2324,#2325,#2326,#2327,#2328,#2329,#2330,
#2331,#2332,#2333));
#492=EDGE_LOOP('',(#2334));
#493=EDGE_LOOP('',(#2335));
#494=EDGE_LOOP('',(#2336));
#495=EDGE_LOOP('',(#2337));
#496=EDGE_LOOP('',(#2338));
#497=EDGE_LOOP('',(#2339));
#498=EDGE_LOOP('',(#2340));
#499=EDGE_LOOP('',(#2341));
#500=EDGE_LOOP('',(#2342,#2343,#2344,#2345));
#501=EDGE_LOOP('',(#2346,#2347,#2348,#2349));
#502=EDGE_LOOP('',(#2350,#2351,#2352,#2353));
#503=EDGE_LOOP('',(#2354,#2355,#2356,#2357));
#504=EDGE_LOOP('',(#2358,#2359,#2360,#2361));
#505=EDGE_LOOP('',(#2362,#2363,#2364,#2365));
#506=EDGE_LOOP('',(#2366,#2367,#2368,#2369));
#507=EDGE_LOOP('',(#2370,#2371,#2372,#2373));
#508=EDGE_LOOP('',(#2374,#2375,#2376,#2377,#2378,#2379,#2380,#2381,#2382,
#2383,#2384,#2385,#2386,#2387,#2388,#2389,#2390,#2391,#2392,#2393,#2394,
#2395,#2396,#2397));
#509=EDGE_LOOP('',(#2398));
#510=EDGE_LOOP('',(#2399));
#511=EDGE_LOOP('',(#2400));
#512=EDGE_LOOP('',(#2401));
#513=EDGE_LOOP('',(#2402));
#514=EDGE_LOOP('',(#2403));
#515=EDGE_LOOP('',(#2404));
#516=EDGE_LOOP('',(#2405));
#517=EDGE_LOOP('',(#2406,#2407,#2408,#2409));
#518=EDGE_LOOP('',(#2410,#2411,#2412,#2413));
#519=EDGE_LOOP('',(#2414));
#520=EDGE_LOOP('',(#2415));
#521=EDGE_LOOP('',(#2416));
#522=EDGE_LOOP('',(#2417));
#523=EDGE_LOOP('',(#2418,#2419,#2420,#2421));
#524=EDGE_LOOP('',(#2422,#2423,#2424,#2425));
#525=EDGE_LOOP('',(#2426,#2427,#2428,#2429));
#526=EDGE_LOOP('',(#2430,#2431,#2432,#2433));
#527=EDGE_LOOP('',(#2434));
#528=EDGE_LOOP('',(#2435));
#529=EDGE_LOOP('',(#2436));
#530=EDGE_LOOP('',(#2437,#2438,#2439,#2440));
#531=EDGE_LOOP('',(#2441,#2442,#2443,#2444));
#532=EDGE_LOOP('',(#2445,#2446,#2447,#2448));
#533=EDGE_LOOP('',(#2449));
#534=EDGE_LOOP('',(#2450));
#535=EDGE_LOOP('',(#2451));
#536=EDGE_LOOP('',(#2452,#2453,#2454,#2455,#2456,#2457));
#537=EDGE_LOOP('',(#2458,#2459,#2460,#2461));
#538=EDGE_LOOP('',(#2462,#2463,#2464,#2465,#2466,#2467));
#539=EDGE_LOOP('',(#2468,#2469,#2470,#2471));
#540=EDGE_LOOP('',(#2472,#2473,#2474,#2475));
#541=EDGE_LOOP('',(#2476,#2477,#2478,#2479));
#542=EDGE_LOOP('',(#2480));
#543=EDGE_LOOP('',(#2481));
#544=EDGE_LOOP('',(#2482));
#545=EDGE_LOOP('',(#2483));
#546=EDGE_LOOP('',(#2484,#2485,#2486,#2487));
#547=EDGE_LOOP('',(#2488,#2489,#2490,#2491));
#548=EDGE_LOOP('',(#2492,#2493,#2494,#2495));
#549=EDGE_LOOP('',(#2496,#2497,#2498,#2499));
#550=EDGE_LOOP('',(#2500));
#551=EDGE_LOOP('',(#2501));
#552=EDGE_LOOP('',(#2502));
#553=EDGE_LOOP('',(#2503,#2504,#2505,#2506));
#554=EDGE_LOOP('',(#2507,#2508,#2509,#2510));
#555=EDGE_LOOP('',(#2511,#2512,#2513,#2514));
#556=EDGE_LOOP('',(#2515));
#557=EDGE_LOOP('',(#2516));
#558=EDGE_LOOP('',(#2517));
#559=EDGE_LOOP('',(#2518,#2519,#2520,#2521,#2522,#2523));
#560=EDGE_LOOP('',(#2524,#2525,#2526,#2527));
#561=EDGE_LOOP('',(#2528,#2529,#2530,#2531,#2532,#2533));
#562=EDGE_LOOP('',(#2534,#2535,#2536,#2537));
#563=EDGE_LOOP('',(#2538,#2539,#2540,#2541));
#564=EDGE_LOOP('',(#2542,#2543,#2544,#2545));
#565=EDGE_LOOP('',(#2546));
#566=EDGE_LOOP('',(#2547));
#567=EDGE_LOOP('',(#2548));
#568=EDGE_LOOP('',(#2549));
#569=EDGE_LOOP('',(#2550,#2551,#2552,#2553));
#570=EDGE_LOOP('',(#2554,#2555,#2556,#2557));
#571=EDGE_LOOP('',(#2558,#2559,#2560,#2561));
#572=EDGE_LOOP('',(#2562,#2563,#2564,#2565));
#573=EDGE_LOOP('',(#2566));
#574=EDGE_LOOP('',(#2567));
#575=EDGE_LOOP('',(#2568));
#576=EDGE_LOOP('',(#2569,#2570,#2571,#2572));
#577=EDGE_LOOP('',(#2573,#2574,#2575,#2576));
#578=EDGE_LOOP('',(#2577,#2578,#2579,#2580));
#579=EDGE_LOOP('',(#2581));
#580=EDGE_LOOP('',(#2582));
#581=EDGE_LOOP('',(#2583));
#582=EDGE_LOOP('',(#2584,#2585,#2586,#2587,#2588,#2589));
#583=EDGE_LOOP('',(#2590,#2591,#2592,#2593));
#584=EDGE_LOOP('',(#2594,#2595,#2596,#2597,#2598,#2599));
#585=EDGE_LOOP('',(#2600,#2601,#2602,#2603));
#586=LINE('',#3915,#864);
#587=LINE('',#3921,#865);
#588=LINE('',#3927,#866);
#589=LINE('',#3932,#867);
#590=LINE('',#3934,#868);
#591=LINE('',#3936,#869);
#592=LINE('',#3937,#870);
#593=LINE('',#3941,#871);
#594=LINE('',#3943,#872);
#595=LINE('',#3945,#873);
#596=LINE('',#3946,#874);
#597=LINE('',#3948,#875);
#598=LINE('',#3949,#876);
#599=LINE('',#3952,#877);
#600=LINE('',#3954,#878);
#601=LINE('',#3955,#879);
#602=LINE('',#3958,#880);
#603=LINE('',#3960,#881);
#604=LINE('',#3961,#882);
#605=LINE('',#3963,#883);
#606=LINE('',#3964,#884);
#607=LINE('',#3970,#885);
#608=LINE('',#3976,#886);
#609=LINE('',#3982,#887);
#610=LINE('',#3988,#888);
#611=LINE('',#3994,#889);
#612=LINE('',#3998,#890);
#613=LINE('',#4004,#891);
#614=LINE('',#4008,#892);
#615=LINE('',#4014,#893);
#616=LINE('',#4018,#894);
#617=LINE('',#4024,#895);
#618=LINE('',#4028,#896);
#619=LINE('',#4034,#897);
#620=LINE('',#4038,#898);
#621=LINE('',#4044,#899);
#622=LINE('',#4048,#900);
#623=LINE('',#4054,#901);
#624=LINE('',#4058,#902);
#625=LINE('',#4064,#903);
#626=LINE('',#4068,#904);
#627=LINE('',#4073,#905);
#628=LINE('',#4077,#906);
#629=LINE('',#4081,#907);
#630=LINE('',#4083,#908);
#631=LINE('',#4085,#909);
#632=LINE('',#4086,#910);
#633=LINE('',#4089,#911);
#634=LINE('',#4091,#912);
#635=LINE('',#4092,#913);
#636=LINE('',#4094,#914);
#637=LINE('',#4097,#915);
#638=LINE('',#4100,#916);
#639=LINE('',#4104,#917);
#640=LINE('',#4105,#918);
#641=LINE('',#4107,#919);
#642=LINE('',#4109,#920);
#643=LINE('',#4114,#921);
#644=LINE('',#4118,#922);
#645=LINE('',#4122,#923);
#646=LINE('',#4124,#924);
#647=LINE('',#4126,#925);
#648=LINE('',#4127,#926);
#649=LINE('',#4130,#927);
#650=LINE('',#4132,#928);
#651=LINE('',#4133,#929);
#652=LINE('',#4135,#930);
#653=LINE('',#4138,#931);
#654=LINE('',#4141,#932);
#655=LINE('',#4145,#933);
#656=LINE('',#4146,#934);
#657=LINE('',#4148,#935);
#658=LINE('',#4150,#936);
#659=LINE('',#4155,#937);
#660=LINE('',#4159,#938);
#661=LINE('',#4163,#939);
#662=LINE('',#4165,#940);
#663=LINE('',#4167,#941);
#664=LINE('',#4168,#942);
#665=LINE('',#4171,#943);
#666=LINE('',#4173,#944);
#667=LINE('',#4174,#945);
#668=LINE('',#4176,#946);
#669=LINE('',#4179,#947);
#670=LINE('',#4182,#948);
#671=LINE('',#4186,#949);
#672=LINE('',#4187,#950);
#673=LINE('',#4189,#951);
#674=LINE('',#4191,#952);
#675=LINE('',#4196,#953);
#676=LINE('',#4200,#954);
#677=LINE('',#4204,#955);
#678=LINE('',#4206,#956);
#679=LINE('',#4208,#957);
#680=LINE('',#4209,#958);
#681=LINE('',#4212,#959);
#682=LINE('',#4214,#960);
#683=LINE('',#4215,#961);
#684=LINE('',#4217,#962);
#685=LINE('',#4220,#963);
#686=LINE('',#4223,#964);
#687=LINE('',#4227,#965);
#688=LINE('',#4228,#966);
#689=LINE('',#4230,#967);
#690=LINE('',#4232,#968);
#691=LINE('',#4237,#969);
#692=LINE('',#4241,#970);
#693=LINE('',#4245,#971);
#694=LINE('',#4247,#972);
#695=LINE('',#4249,#973);
#696=LINE('',#4250,#974);
#697=LINE('',#4253,#975);
#698=LINE('',#4255,#976);
#699=LINE('',#4256,#977);
#700=LINE('',#4258,#978);
#701=LINE('',#4261,#979);
#702=LINE('',#4264,#980);
#703=LINE('',#4268,#981);
#704=LINE('',#4269,#982);
#705=LINE('',#4271,#983);
#706=LINE('',#4273,#984);
#707=LINE('',#4278,#985);
#708=LINE('',#4282,#986);
#709=LINE('',#4286,#987);
#710=LINE('',#4288,#988);
#711=LINE('',#4290,#989);
#712=LINE('',#4291,#990);
#713=LINE('',#4294,#991);
#714=LINE('',#4296,#992);
#715=LINE('',#4297,#993);
#716=LINE('',#4299,#994);
#717=LINE('',#4302,#995);
#718=LINE('',#4305,#996);
#719=LINE('',#4309,#997);
#720=LINE('',#4310,#998);
#721=LINE('',#4312,#999);
#722=LINE('',#4314,#1000);
#723=LINE('',#4319,#1001);
#724=LINE('',#4323,#1002);
#725=LINE('',#4327,#1003);
#726=LINE('',#4329,#1004);
#727=LINE('',#4331,#1005);
#728=LINE('',#4332,#1006);
#729=LINE('',#4335,#1007);
#730=LINE('',#4337,#1008);
#731=LINE('',#4338,#1009);
#732=LINE('',#4340,#1010);
#733=LINE('',#4343,#1011);
#734=LINE('',#4346,#1012);
#735=LINE('',#4350,#1013);
#736=LINE('',#4351,#1014);
#737=LINE('',#4353,#1015);
#738=LINE('',#4355,#1016);
#739=LINE('',#4360,#1017);
#740=LINE('',#4364,#1018);
#741=LINE('',#4368,#1019);
#742=LINE('',#4370,#1020);
#743=LINE('',#4372,#1021);
#744=LINE('',#4373,#1022);
#745=LINE('',#4376,#1023);
#746=LINE('',#4378,#1024);
#747=LINE('',#4379,#1025);
#748=LINE('',#4381,#1026);
#749=LINE('',#4384,#1027);
#750=LINE('',#4387,#1028);
#751=LINE('',#4391,#1029);
#752=LINE('',#4392,#1030);
#753=LINE('',#4394,#1031);
#754=LINE('',#4396,#1032);
#755=LINE('',#4400,#1033);
#756=LINE('',#4402,#1034);
#757=LINE('',#4403,#1035);
#758=LINE('',#4406,#1036);
#759=LINE('',#4408,#1037);
#760=LINE('',#4409,#1038);
#761=LINE('',#4412,#1039);
#762=LINE('',#4414,#1040);
#763=LINE('',#4415,#1041);
#764=LINE('',#4418,#1042);
#765=LINE('',#4420,#1043);
#766=LINE('',#4421,#1044);
#767=LINE('',#4424,#1045);
#768=LINE('',#4426,#1046);
#769=LINE('',#4427,#1047);
#770=LINE('',#4430,#1048);
#771=LINE('',#4432,#1049);
#772=LINE('',#4433,#1050);
#773=LINE('',#4436,#1051);
#774=LINE('',#4438,#1052);
#775=LINE('',#4439,#1053);
#776=LINE('',#4442,#1054);
#777=LINE('',#4444,#1055);
#778=LINE('',#4445,#1056);
#779=LINE('',#4447,#1057);
#780=LINE('',#4448,#1058);
#781=LINE('',#4450,#1059);
#782=LINE('',#4451,#1060);
#783=LINE('',#4452,#1061);
#784=LINE('',#4453,#1062);
#785=LINE('',#4454,#1063);
#786=LINE('',#4455,#1064);
#787=LINE('',#4456,#1065);
#788=LINE('',#4458,#1066);
#789=LINE('',#4460,#1067);
#790=LINE('',#4462,#1068);
#791=LINE('',#4464,#1069);
#792=LINE('',#4466,#1070);
#793=LINE('',#4468,#1071);
#794=LINE('',#4470,#1072);
#795=LINE('',#4476,#1073);
#796=LINE('',#4482,#1074);
#797=LINE('',#4490,#1075);
#798=LINE('',#4496,#1076);
#799=LINE('',#4502,#1077);
#800=LINE('',#4507,#1078);
#801=LINE('',#4509,#1079);
#802=LINE('',#4511,#1080);
#803=LINE('',#4512,#1081);
#804=LINE('',#4515,#1082);
#805=LINE('',#4517,#1083);
#806=LINE('',#4518,#1084);
#807=LINE('',#4521,#1085);
#808=LINE('',#4523,#1086);
#809=LINE('',#4524,#1087);
#810=LINE('',#4528,#1088);
#811=LINE('',#4529,#1089);
#812=LINE('',#4530,#1090);
#813=LINE('',#4533,#1091);
#814=LINE('',#4534,#1092);
#815=LINE('',#4537,#1093);
#816=LINE('',#4538,#1094);
#817=LINE('',#4540,#1095);
#818=LINE('',#4546,#1096);
#819=LINE('',#4552,#1097);
#820=LINE('',#4560,#1098);
#821=LINE('',#4566,#1099);
#822=LINE('',#4572,#1100);
#823=LINE('',#4577,#1101);
#824=LINE('',#4579,#1102);
#825=LINE('',#4581,#1103);
#826=LINE('',#4582,#1104);
#827=LINE('',#4585,#1105);
#828=LINE('',#4587,#1106);
#829=LINE('',#4588,#1107);
#830=LINE('',#4591,#1108);
#831=LINE('',#4593,#1109);
#832=LINE('',#4594,#1110);
#833=LINE('',#4598,#1111);
#834=LINE('',#4599,#1112);
#835=LINE('',#4600,#1113);
#836=LINE('',#4603,#1114);
#837=LINE('',#4604,#1115);
#838=LINE('',#4607,#1116);
#839=LINE('',#4608,#1117);
#840=LINE('',#4610,#1118);
#841=LINE('',#4616,#1119);
#842=LINE('',#4622,#1120);
#843=LINE('',#4630,#1121);
#844=LINE('',#4636,#1122);
#845=LINE('',#4642,#1123);
#846=LINE('',#4647,#1124);
#847=LINE('',#4649,#1125);
#848=LINE('',#4651,#1126);
#849=LINE('',#4652,#1127);
#850=LINE('',#4655,#1128);
#851=LINE('',#4657,#1129);
#852=LINE('',#4658,#1130);
#853=LINE('',#4661,#1131);
#854=LINE('',#4663,#1132);
#855=LINE('',#4664,#1133);
#856=LINE('',#4668,#1134);
#857=LINE('',#4669,#1135);
#858=LINE('',#4670,#1136);
#859=LINE('',#4673,#1137);
#860=LINE('',#4674,#1138);
#861=LINE('',#4677,#1139);
#862=LINE('',#4678,#1140);
#863=LINE('',#4680,#1141);
#864=VECTOR('',#3106,3.225);
#865=VECTOR('',#3113,1.95);
#866=VECTOR('',#3120,1.95);
#867=VECTOR('',#3125,10.);
#868=VECTOR('',#3126,10.);
#869=VECTOR('',#3127,10.);
#870=VECTOR('',#3128,10.);
#871=VECTOR('',#3131,10.);
#872=VECTOR('',#3132,10.);
#873=VECTOR('',#3133,10.);
#874=VECTOR('',#3134,10.);
#875=VECTOR('',#3137,10.);
#876=VECTOR('',#3138,10.);
#877=VECTOR('',#3141,10.);
#878=VECTOR('',#3142,10.);
#879=VECTOR('',#3143,10.);
#880=VECTOR('',#3146,10.);
#881=VECTOR('',#3147,10.);
#882=VECTOR('',#3148,10.);
#883=VECTOR('',#3151,10.);
#884=VECTOR('',#3152,10.);
#885=VECTOR('',#3159,11.814888229925);
#886=VECTOR('',#3166,11.814888229925);
#887=VECTOR('',#3173,11.75);
#888=VECTOR('',#3180,11.75);
#889=VECTOR('',#3187,2.425);
#890=VECTOR('',#3192,1.6);
#891=VECTOR('',#3199,2.425);
#892=VECTOR('',#3204,1.6);
#893=VECTOR('',#3211,2.425);
#894=VECTOR('',#3216,1.6);
#895=VECTOR('',#3223,2.425);
#896=VECTOR('',#3228,1.6);
#897=VECTOR('',#3235,2.425);
#898=VECTOR('',#3240,1.6);
#899=VECTOR('',#3247,2.425);
#900=VECTOR('',#3252,1.6);
#901=VECTOR('',#3259,2.425);
#902=VECTOR('',#3264,1.6);
#903=VECTOR('',#3271,2.425);
#904=VECTOR('',#3276,1.6);
#905=VECTOR('',#3281,10.);
#906=VECTOR('',#3284,10.);
#907=VECTOR('',#3289,10.);
#908=VECTOR('',#3290,10.);
#909=VECTOR('',#3291,10.);
#910=VECTOR('',#3292,10.);
#911=VECTOR('',#3295,10.);
#912=VECTOR('',#3296,10.);
#913=VECTOR('',#3297,10.);
#914=VECTOR('',#3300,10.);
#915=VECTOR('',#3303,10.);
#916=VECTOR('',#3306,10.);
#917=VECTOR('',#3311,10.);
#918=VECTOR('',#3312,10.);
#919=VECTOR('',#3315,10.);
#920=VECTOR('',#3318,10.);
#921=VECTOR('',#3323,10.);
#922=VECTOR('',#3326,10.);
#923=VECTOR('',#3331,10.);
#924=VECTOR('',#3332,10.);
#925=VECTOR('',#3333,10.);
#926=VECTOR('',#3334,10.);
#927=VECTOR('',#3337,10.);
#928=VECTOR('',#3338,10.);
#929=VECTOR('',#3339,10.);
#930=VECTOR('',#3342,10.);
#931=VECTOR('',#3345,10.);
#932=VECTOR('',#3348,10.);
#933=VECTOR('',#3353,10.);
#934=VECTOR('',#3354,10.);
#935=VECTOR('',#3357,10.);
#936=VECTOR('',#3360,10.);
#937=VECTOR('',#3365,10.);
#938=VECTOR('',#3368,10.);
#939=VECTOR('',#3373,10.);
#940=VECTOR('',#3374,10.);
#941=VECTOR('',#3375,10.);
#942=VECTOR('',#3376,10.);
#943=VECTOR('',#3379,10.);
#944=VECTOR('',#3380,10.);
#945=VECTOR('',#3381,10.);
#946=VECTOR('',#3384,10.);
#947=VECTOR('',#3387,10.);
#948=VECTOR('',#3390,10.);
#949=VECTOR('',#3395,10.);
#950=VECTOR('',#3396,10.);
#951=VECTOR('',#3399,10.);
#952=VECTOR('',#3402,10.);
#953=VECTOR('',#3407,10.);
#954=VECTOR('',#3410,10.);
#955=VECTOR('',#3415,10.);
#956=VECTOR('',#3416,10.);
#957=VECTOR('',#3417,10.);
#958=VECTOR('',#3418,10.);
#959=VECTOR('',#3421,10.);
#960=VECTOR('',#3422,10.);
#961=VECTOR('',#3423,10.);
#962=VECTOR('',#3426,10.);
#963=VECTOR('',#3429,10.);
#964=VECTOR('',#3432,10.);
#965=VECTOR('',#3437,10.);
#966=VECTOR('',#3438,10.);
#967=VECTOR('',#3441,10.);
#968=VECTOR('',#3444,10.);
#969=VECTOR('',#3449,10.);
#970=VECTOR('',#3452,10.);
#971=VECTOR('',#3457,10.);
#972=VECTOR('',#3458,10.);
#973=VECTOR('',#3459,10.);
#974=VECTOR('',#3460,10.);
#975=VECTOR('',#3463,10.);
#976=VECTOR('',#3464,10.);
#977=VECTOR('',#3465,10.);
#978=VECTOR('',#3468,10.);
#979=VECTOR('',#3471,10.);
#980=VECTOR('',#3474,10.);
#981=VECTOR('',#3479,10.);
#982=VECTOR('',#3480,10.);
#983=VECTOR('',#3483,10.);
#984=VECTOR('',#3486,10.);
#985=VECTOR('',#3491,10.);
#986=VECTOR('',#3494,10.);
#987=VECTOR('',#3499,10.);
#988=VECTOR('',#3500,10.);
#989=VECTOR('',#3501,10.);
#990=VECTOR('',#3502,10.);
#991=VECTOR('',#3505,10.);
#992=VECTOR('',#3506,10.);
#993=VECTOR('',#3507,10.);
#994=VECTOR('',#3510,10.);
#995=VECTOR('',#3513,10.);
#996=VECTOR('',#3516,10.);
#997=VECTOR('',#3521,10.);
#998=VECTOR('',#3522,10.);
#999=VECTOR('',#3525,10.);
#1000=VECTOR('',#3528,10.);
#1001=VECTOR('',#3533,10.);
#1002=VECTOR('',#3536,10.);
#1003=VECTOR('',#3541,10.);
#1004=VECTOR('',#3542,10.);
#1005=VECTOR('',#3543,10.);
#1006=VECTOR('',#3544,10.);
#1007=VECTOR('',#3547,10.);
#1008=VECTOR('',#3548,10.);
#1009=VECTOR('',#3549,10.);
#1010=VECTOR('',#3552,10.);
#1011=VECTOR('',#3555,10.);
#1012=VECTOR('',#3558,10.);
#1013=VECTOR('',#3563,10.);
#1014=VECTOR('',#3564,10.);
#1015=VECTOR('',#3567,10.);
#1016=VECTOR('',#3570,10.);
#1017=VECTOR('',#3575,10.);
#1018=VECTOR('',#3578,10.);
#1019=VECTOR('',#3583,10.);
#1020=VECTOR('',#3584,10.);
#1021=VECTOR('',#3585,10.);
#1022=VECTOR('',#3586,10.);
#1023=VECTOR('',#3589,10.);
#1024=VECTOR('',#3590,10.);
#1025=VECTOR('',#3591,10.);
#1026=VECTOR('',#3594,10.);
#1027=VECTOR('',#3597,10.);
#1028=VECTOR('',#3600,10.);
#1029=VECTOR('',#3605,10.);
#1030=VECTOR('',#3606,10.);
#1031=VECTOR('',#3609,10.);
#1032=VECTOR('',#3612,10.);
#1033=VECTOR('',#3617,10.);
#1034=VECTOR('',#3618,10.);
#1035=VECTOR('',#3619,10.);
#1036=VECTOR('',#3622,10.);
#1037=VECTOR('',#3623,10.);
#1038=VECTOR('',#3624,10.);
#1039=VECTOR('',#3627,10.);
#1040=VECTOR('',#3628,10.);
#1041=VECTOR('',#3629,10.);
#1042=VECTOR('',#3632,10.);
#1043=VECTOR('',#3633,10.);
#1044=VECTOR('',#3634,10.);
#1045=VECTOR('',#3637,10.);
#1046=VECTOR('',#3638,10.);
#1047=VECTOR('',#3639,10.);
#1048=VECTOR('',#3642,10.);
#1049=VECTOR('',#3643,10.);
#1050=VECTOR('',#3644,10.);
#1051=VECTOR('',#3647,10.);
#1052=VECTOR('',#3648,10.);
#1053=VECTOR('',#3649,10.);
#1054=VECTOR('',#3652,10.);
#1055=VECTOR('',#3653,10.);
#1056=VECTOR('',#3654,10.);
#1057=VECTOR('',#3657,10.);
#1058=VECTOR('',#3658,10.);
#1059=VECTOR('',#3661,10.);
#1060=VECTOR('',#3662,10.);
#1061=VECTOR('',#3663,10.);
#1062=VECTOR('',#3664,10.);
#1063=VECTOR('',#3665,10.);
#1064=VECTOR('',#3666,10.);
#1065=VECTOR('',#3667,10.);
#1066=VECTOR('',#3670,10.);
#1067=VECTOR('',#3673,10.);
#1068=VECTOR('',#3676,10.);
#1069=VECTOR('',#3679,10.);
#1070=VECTOR('',#3682,10.);
#1071=VECTOR('',#3685,10.);
#1072=VECTOR('',#3688,10.);
#1073=VECTOR('',#3695,3.185);
#1074=VECTOR('',#3702,12.192);
#1075=VECTOR('',#3713,3.37976334142548);
#1076=VECTOR('',#3720,1.975);
#1077=VECTOR('',#3727,1.975);
#1078=VECTOR('',#3732,10.);
#1079=VECTOR('',#3733,10.);
#1080=VECTOR('',#3734,10.);
#1081=VECTOR('',#3735,10.);
#1082=VECTOR('',#3738,10.);
#1083=VECTOR('',#3739,10.);
#1084=VECTOR('',#3740,10.);
#1085=VECTOR('',#3743,10.);
#1086=VECTOR('',#3744,10.);
#1087=VECTOR('',#3745,10.);
#1088=VECTOR('',#3748,10.);
#1089=VECTOR('',#3749,10.);
#1090=VECTOR('',#3750,10.);
#1091=VECTOR('',#3753,10.);
#1092=VECTOR('',#3754,10.);
#1093=VECTOR('',#3757,10.);
#1094=VECTOR('',#3758,10.);
#1095=VECTOR('',#3761,10.);
#1096=VECTOR('',#3768,3.17500000000001);
#1097=VECTOR('',#3775,12.192);
#1098=VECTOR('',#3786,3.37976334142548);
#1099=VECTOR('',#3793,1.975);
#1100=VECTOR('',#3800,1.975);
#1101=VECTOR('',#3805,10.);
#1102=VECTOR('',#3806,10.);
#1103=VECTOR('',#3807,10.);
#1104=VECTOR('',#3808,10.);
#1105=VECTOR('',#3811,10.);
#1106=VECTOR('',#3812,10.);
#1107=VECTOR('',#3813,10.);
#1108=VECTOR('',#3816,10.);
#1109=VECTOR('',#3817,10.);
#1110=VECTOR('',#3818,10.);
#1111=VECTOR('',#3821,10.);
#1112=VECTOR('',#3822,10.);
#1113=VECTOR('',#3823,10.);
#1114=VECTOR('',#3826,10.);
#1115=VECTOR('',#3827,10.);
#1116=VECTOR('',#3830,10.);
#1117=VECTOR('',#3831,10.);
#1118=VECTOR('',#3834,10.);
#1119=VECTOR('',#3841,3.185);
#1120=VECTOR('',#3848,12.192);
#1121=VECTOR('',#3859,3.37976334142548);
#1122=VECTOR('',#3866,1.975);
#1123=VECTOR('',#3873,1.975);
#1124=VECTOR('',#3878,10.);
#1125=VECTOR('',#3879,10.);
#1126=VECTOR('',#3880,10.);
#1127=VECTOR('',#3881,10.);
#1128=VECTOR('',#3884,10.);
#1129=VECTOR('',#3885,10.);
#1130=VECTOR('',#3886,10.);
#1131=VECTOR('',#3889,10.);
#1132=VECTOR('',#3890,10.);
#1133=VECTOR('',#3891,10.);
#1134=VECTOR('',#3894,10.);
#1135=VECTOR('',#3895,10.);
#1136=VECTOR('',#3896,10.);
#1137=VECTOR('',#3899,10.);
#1138=VECTOR('',#3900,10.);
#1139=VECTOR('',#3903,10.);
#1140=VECTOR('',#3904,10.);
#1141=VECTOR('',#3907,10.);
#1142=CIRCLE('',#2836,3.225);
#1143=CIRCLE('',#2837,3.225);
#1144=CIRCLE('',#2839,1.95);
#1145=CIRCLE('',#2840,1.95);
#1146=CIRCLE('',#2842,1.95);
#1147=CIRCLE('',#2843,1.95);
#1148=CIRCLE('',#2852,11.814888229925);
#1149=CIRCLE('',#2853,11.814888229925);
#1150=CIRCLE('',#2855,11.814888229925);
#1151=CIRCLE('',#2856,11.814888229925);
#1152=CIRCLE('',#2858,11.75);
#1153=CIRCLE('',#2859,11.75);
#1154=CIRCLE('',#2861,11.75);
#1155=CIRCLE('',#2862,11.75);
#1156=CIRCLE('',#2864,3.25);
#1157=CIRCLE('',#2865,1.6);
#1158=CIRCLE('',#2867,1.6);
#1159=CIRCLE('',#2869,3.25);
#1160=CIRCLE('',#2870,1.6);
#1161=CIRCLE('',#2872,1.6);
#1162=CIRCLE('',#2874,3.25);
#1163=CIRCLE('',#2875,1.6);
#1164=CIRCLE('',#2877,1.6);
#1165=CIRCLE('',#2879,3.25);
#1166=CIRCLE('',#2880,1.6);
#1167=CIRCLE('',#2882,1.6);
#1168=CIRCLE('',#2884,3.25);
#1169=CIRCLE('',#2885,1.6);
#1170=CIRCLE('',#2887,1.6);
#1171=CIRCLE('',#2889,3.25);
#1172=CIRCLE('',#2890,1.6);
#1173=CIRCLE('',#2892,1.6);
#1174=CIRCLE('',#2894,3.25);
#1175=CIRCLE('',#2895,1.6);
#1176=CIRCLE('',#2897,1.6);
#1177=CIRCLE('',#2899,3.25);
#1178=CIRCLE('',#2900,1.6);
#1179=CIRCLE('',#2902,1.6);
#1180=CIRCLE('',#2904,3.99999999999997);
#1181=CIRCLE('',#2905,3.99999999999999);
#1182=CIRCLE('',#2909,1.99999999999999);
#1183=CIRCLE('',#2911,1.99999999999999);
#1184=CIRCLE('',#2917,4.);
#1185=CIRCLE('',#2918,3.99999999999999);
#1186=CIRCLE('',#2922,1.99999999999999);
#1187=CIRCLE('',#2924,1.99999999999999);
#1188=CIRCLE('',#2930,3.99999999999998);
#1189=CIRCLE('',#2931,3.99999999999999);
#1190=CIRCLE('',#2935,1.99999999999999);
#1191=CIRCLE('',#2937,1.99999999999999);
#1192=CIRCLE('',#2943,4.00000000000009);
#1193=CIRCLE('',#2944,3.99999999999999);
#1194=CIRCLE('',#2948,1.99999999999999);
#1195=CIRCLE('',#2950,1.99999999999999);
#1196=CIRCLE('',#2956,3.99999999999997);
#1197=CIRCLE('',#2957,3.99999999999999);
#1198=CIRCLE('',#2961,1.99999999999999);
#1199=CIRCLE('',#2963,1.99999999999999);
#1200=CIRCLE('',#2969,3.99999999999997);
#1201=CIRCLE('',#2970,3.99999999999999);
#1202=CIRCLE('',#2974,1.99999999999999);
#1203=CIRCLE('',#2976,1.99999999999999);
#1204=CIRCLE('',#2982,3.99999999999995);
#1205=CIRCLE('',#2983,3.99999999999999);
#1206=CIRCLE('',#2987,1.99999999999999);
#1207=CIRCLE('',#2989,1.99999999999999);
#1208=CIRCLE('',#2995,3.99999999999997);
#1209=CIRCLE('',#2996,3.99999999999999);
#1210=CIRCLE('',#3000,1.99999999999999);
#1211=CIRCLE('',#3002,1.99999999999999);
#1212=CIRCLE('',#3026,3.185);
#1213=CIRCLE('',#3027,3.185);
#1214=CIRCLE('',#3029,12.192);
#1215=CIRCLE('',#3030,12.192);
#1216=CIRCLE('',#3034,3.37976334142548);
#1217=CIRCLE('',#3035,3.37976334142548);
#1218=CIRCLE('',#3037,1.975);
#1219=CIRCLE('',#3038,1.975);
#1220=CIRCLE('',#3040,1.975);
#1221=CIRCLE('',#3041,1.975);
#1222=CIRCLE('',#3051,3.17500000000001);
#1223=CIRCLE('',#3052,3.17500000000001);
#1224=CIRCLE('',#3054,12.192);
#1225=CIRCLE('',#3055,12.192);
#1226=CIRCLE('',#3059,3.37976334142548);
#1227=CIRCLE('',#3060,3.37976334142548);
#1228=CIRCLE('',#3062,1.975);
#1229=CIRCLE('',#3063,1.975);
#1230=CIRCLE('',#3065,1.975);
#1231=CIRCLE('',#3066,1.975);
#1232=CIRCLE('',#3076,3.185);
#1233=CIRCLE('',#3077,3.185);
#1234=CIRCLE('',#3079,12.192);
#1235=CIRCLE('',#3080,12.192);
#1236=CIRCLE('',#3084,3.37976334142548);
#1237=CIRCLE('',#3085,3.37976334142548);
#1238=CIRCLE('',#3087,1.975);
#1239=CIRCLE('',#3088,1.975);
#1240=CIRCLE('',#3090,1.975);
#1241=CIRCLE('',#3091,1.975);
#1242=VERTEX_POINT('',#3912);
#1243=VERTEX_POINT('',#3914);
#1244=VERTEX_POINT('',#3918);
#1245=VERTEX_POINT('',#3920);
#1246=VERTEX_POINT('',#3924);
#1247=VERTEX_POINT('',#3926);
#1248=VERTEX_POINT('',#3930);
#1249=VERTEX_POINT('',#3931);
#1250=VERTEX_POINT('',#3933);
#1251=VERTEX_POINT('',#3935);
#1252=VERTEX_POINT('',#3939);
#1253=VERTEX_POINT('',#3940);
#1254=VERTEX_POINT('',#3942);
#1255=VERTEX_POINT('',#3944);
#1256=VERTEX_POINT('',#3951);
#1257=VERTEX_POINT('',#3953);
#1258=VERTEX_POINT('',#3957);
#1259=VERTEX_POINT('',#3959);
#1260=VERTEX_POINT('',#3967);
#1261=VERTEX_POINT('',#3969);
#1262=VERTEX_POINT('',#3973);
#1263=VERTEX_POINT('',#3975);
#1264=VERTEX_POINT('',#3979);
#1265=VERTEX_POINT('',#3981);
#1266=VERTEX_POINT('',#3985);
#1267=VERTEX_POINT('',#3987);
#1268=VERTEX_POINT('',#3991);
#1269=VERTEX_POINT('',#3993);
#1270=VERTEX_POINT('',#3997);
#1271=VERTEX_POINT('',#4001);
#1272=VERTEX_POINT('',#4003);
#1273=VERTEX_POINT('',#4007);
#1274=VERTEX_POINT('',#4011);
#1275=VERTEX_POINT('',#4013);
#1276=VERTEX_POINT('',#4017);
#1277=VERTEX_POINT('',#4021);
#1278=VERTEX_POINT('',#4023);
#1279=VERTEX_POINT('',#4027);
#1280=VERTEX_POINT('',#4031);
#1281=VERTEX_POINT('',#4033);
#1282=VERTEX_POINT('',#4037);
#1283=VERTEX_POINT('',#4041);
#1284=VERTEX_POINT('',#4043);
#1285=VERTEX_POINT('',#4047);
#1286=VERTEX_POINT('',#4051);
#1287=VERTEX_POINT('',#4053);
#1288=VERTEX_POINT('',#4057);
#1289=VERTEX_POINT('',#4061);
#1290=VERTEX_POINT('',#4063);
#1291=VERTEX_POINT('',#4067);
#1292=VERTEX_POINT('',#4071);
#1293=VERTEX_POINT('',#4072);
#1294=VERTEX_POINT('',#4074);
#1295=VERTEX_POINT('',#4076);
#1296=VERTEX_POINT('',#4080);
#1297=VERTEX_POINT('',#4082);
#1298=VERTEX_POINT('',#4084);
#1299=VERTEX_POINT('',#4088);
#1300=VERTEX_POINT('',#4090);
#1301=VERTEX_POINT('',#4095);
#1302=VERTEX_POINT('',#4099);
#1303=VERTEX_POINT('',#4103);
#1304=VERTEX_POINT('',#4112);
#1305=VERTEX_POINT('',#4113);
#1306=VERTEX_POINT('',#4115);
#1307=VERTEX_POINT('',#4117);
#1308=VERTEX_POINT('',#4121);
#1309=VERTEX_POINT('',#4123);
#1310=VERTEX_POINT('',#4125);
#1311=VERTEX_POINT('',#4129);
#1312=VERTEX_POINT('',#4131);
#1313=VERTEX_POINT('',#4136);
#1314=VERTEX_POINT('',#4140);
#1315=VERTEX_POINT('',#4144);
#1316=VERTEX_POINT('',#4153);
#1317=VERTEX_POINT('',#4154);
#1318=VERTEX_POINT('',#4156);
#1319=VERTEX_POINT('',#4158);
#1320=VERTEX_POINT('',#4162);
#1321=VERTEX_POINT('',#4164);
#1322=VERTEX_POINT('',#4166);
#1323=VERTEX_POINT('',#4170);
#1324=VERTEX_POINT('',#4172);
#1325=VERTEX_POINT('',#4177);
#1326=VERTEX_POINT('',#4181);
#1327=VERTEX_POINT('',#4185);
#1328=VERTEX_POINT('',#4194);
#1329=VERTEX_POINT('',#4195);
#1330=VERTEX_POINT('',#4197);
#1331=VERTEX_POINT('',#4199);
#1332=VERTEX_POINT('',#4203);
#1333=VERTEX_POINT('',#4205);
#1334=VERTEX_POINT('',#4207);
#1335=VERTEX_POINT('',#4211);
#1336=VERTEX_POINT('',#4213);
#1337=VERTEX_POINT('',#4218);
#1338=VERTEX_POINT('',#4222);
#1339=VERTEX_POINT('',#4226);
#1340=VERTEX_POINT('',#4235);
#1341=VERTEX_POINT('',#4236);
#1342=VERTEX_POINT('',#4238);
#1343=VERTEX_POINT('',#4240);
#1344=VERTEX_POINT('',#4244);
#1345=VERTEX_POINT('',#4246);
#1346=VERTEX_POINT('',#4248);
#1347=VERTEX_POINT('',#4252);
#1348=VERTEX_POINT('',#4254);
#1349=VERTEX_POINT('',#4259);
#1350=VERTEX_POINT('',#4263);
#1351=VERTEX_POINT('',#4267);
#1352=VERTEX_POINT('',#4276);
#1353=VERTEX_POINT('',#4277);
#1354=VERTEX_POINT('',#4279);
#1355=VERTEX_POINT('',#4281);
#1356=VERTEX_POINT('',#4285);
#1357=VERTEX_POINT('',#4287);
#1358=VERTEX_POINT('',#4289);
#1359=VERTEX_POINT('',#4293);
#1360=VERTEX_POINT('',#4295);
#1361=VERTEX_POINT('',#4300);
#1362=VERTEX_POINT('',#4304);
#1363=VERTEX_POINT('',#4308);
#1364=VERTEX_POINT('',#4317);
#1365=VERTEX_POINT('',#4318);
#1366=VERTEX_POINT('',#4320);
#1367=VERTEX_POINT('',#4322);
#1368=VERTEX_POINT('',#4326);
#1369=VERTEX_POINT('',#4328);
#1370=VERTEX_POINT('',#4330);
#1371=VERTEX_POINT('',#4334);
#1372=VERTEX_POINT('',#4336);
#1373=VERTEX_POINT('',#4341);
#1374=VERTEX_POINT('',#4345);
#1375=VERTEX_POINT('',#4349);
#1376=VERTEX_POINT('',#4358);
#1377=VERTEX_POINT('',#4359);
#1378=VERTEX_POINT('',#4361);
#1379=VERTEX_POINT('',#4363);
#1380=VERTEX_POINT('',#4367);
#1381=VERTEX_POINT('',#4369);
#1382=VERTEX_POINT('',#4371);
#1383=VERTEX_POINT('',#4375);
#1384=VERTEX_POINT('',#4377);
#1385=VERTEX_POINT('',#4382);
#1386=VERTEX_POINT('',#4386);
#1387=VERTEX_POINT('',#4390);
#1388=VERTEX_POINT('',#4399);
#1389=VERTEX_POINT('',#4401);
#1390=VERTEX_POINT('',#4405);
#1391=VERTEX_POINT('',#4407);
#1392=VERTEX_POINT('',#4411);
#1393=VERTEX_POINT('',#4413);
#1394=VERTEX_POINT('',#4417);
#1395=VERTEX_POINT('',#4419);
#1396=VERTEX_POINT('',#4423);
#1397=VERTEX_POINT('',#4425);
#1398=VERTEX_POINT('',#4429);
#1399=VERTEX_POINT('',#4431);
#1400=VERTEX_POINT('',#4435);
#1401=VERTEX_POINT('',#4437);
#1402=VERTEX_POINT('',#4441);
#1403=VERTEX_POINT('',#4443);
#1404=VERTEX_POINT('',#4473);
#1405=VERTEX_POINT('',#4475);
#1406=VERTEX_POINT('',#4479);
#1407=VERTEX_POINT('',#4481);
#1408=VERTEX_POINT('',#4487);
#1409=VERTEX_POINT('',#4489);
#1410=VERTEX_POINT('',#4493);
#1411=VERTEX_POINT('',#4495);
#1412=VERTEX_POINT('',#4499);
#1413=VERTEX_POINT('',#4501);
#1414=VERTEX_POINT('',#4505);
#1415=VERTEX_POINT('',#4506);
#1416=VERTEX_POINT('',#4508);
#1417=VERTEX_POINT('',#4510);
#1418=VERTEX_POINT('',#4514);
#1419=VERTEX_POINT('',#4516);
#1420=VERTEX_POINT('',#4520);
#1421=VERTEX_POINT('',#4522);
#1422=VERTEX_POINT('',#4526);
#1423=VERTEX_POINT('',#4527);
#1424=VERTEX_POINT('',#4532);
#1425=VERTEX_POINT('',#4536);
#1426=VERTEX_POINT('',#4543);
#1427=VERTEX_POINT('',#4545);
#1428=VERTEX_POINT('',#4549);
#1429=VERTEX_POINT('',#4551);
#1430=VERTEX_POINT('',#4557);
#1431=VERTEX_POINT('',#4559);
#1432=VERTEX_POINT('',#4563);
#1433=VERTEX_POINT('',#4565);
#1434=VERTEX_POINT('',#4569);
#1435=VERTEX_POINT('',#4571);
#1436=VERTEX_POINT('',#4575);
#1437=VERTEX_POINT('',#4576);
#1438=VERTEX_POINT('',#4578);
#1439=VERTEX_POINT('',#4580);
#1440=VERTEX_POINT('',#4584);
#1441=VERTEX_POINT('',#4586);
#1442=VERTEX_POINT('',#4590);
#1443=VERTEX_POINT('',#4592);
#1444=VERTEX_POINT('',#4596);
#1445=VERTEX_POINT('',#4597);
#1446=VERTEX_POINT('',#4602);
#1447=VERTEX_POINT('',#4606);
#1448=VERTEX_POINT('',#4613);
#1449=VERTEX_POINT('',#4615);
#1450=VERTEX_POINT('',#4619);
#1451=VERTEX_POINT('',#4621);
#1452=VERTEX_POINT('',#4627);
#1453=VERTEX_POINT('',#4629);
#1454=VERTEX_POINT('',#4633);
#1455=VERTEX_POINT('',#4635);
#1456=VERTEX_POINT('',#4639);
#1457=VERTEX_POINT('',#4641);
#1458=VERTEX_POINT('',#4645);
#1459=VERTEX_POINT('',#4646);
#1460=VERTEX_POINT('',#4648);
#1461=VERTEX_POINT('',#4650);
#1462=VERTEX_POINT('',#4654);
#1463=VERTEX_POINT('',#4656);
#1464=VERTEX_POINT('',#4660);
#1465=VERTEX_POINT('',#4662);
#1466=VERTEX_POINT('',#4666);
#1467=VERTEX_POINT('',#4667);
#1468=VERTEX_POINT('',#4672);
#1469=VERTEX_POINT('',#4676);
#1470=EDGE_CURVE('',#1242,#1242,#1142,.T.);
#1471=EDGE_CURVE('',#1242,#1243,#586,.T.);
#1472=EDGE_CURVE('',#1243,#1243,#1143,.T.);
#1473=EDGE_CURVE('',#1244,#1244,#1144,.T.);
#1474=EDGE_CURVE('',#1244,#1245,#587,.T.);
#1475=EDGE_CURVE('',#1245,#1245,#1145,.T.);
#1476=EDGE_CURVE('',#1246,#1246,#1146,.T.);
#1477=EDGE_CURVE('',#1246,#1247,#588,.T.);
#1478=EDGE_CURVE('',#1247,#1247,#1147,.T.);
#1479=EDGE_CURVE('',#1248,#1249,#589,.T.);
#1480=EDGE_CURVE('',#1250,#1249,#590,.T.);
#1481=EDGE_CURVE('',#1251,#1250,#591,.T.);
#1482=EDGE_CURVE('',#1248,#1251,#592,.T.);
#1483=EDGE_CURVE('',#1252,#1253,#593,.T.);
#1484=EDGE_CURVE('',#1253,#1254,#594,.T.);
#1485=EDGE_CURVE('',#1255,#1254,#595,.T.);
#1486=EDGE_CURVE('',#1255,#1252,#596,.T.);
#1487=EDGE_CURVE('',#1254,#1250,#597,.T.);
#1488=EDGE_CURVE('',#1249,#1255,#598,.T.);
#1489=EDGE_CURVE('',#1256,#1253,#599,.T.);
#1490=EDGE_CURVE('',#1256,#1257,#600,.T.);
#1491=EDGE_CURVE('',#1251,#1257,#601,.T.);
#1492=EDGE_CURVE('',#1252,#1258,#602,.T.);
#1493=EDGE_CURVE('',#1259,#1248,#603,.T.);
#1494=EDGE_CURVE('',#1258,#1259,#604,.T.);
#1495=EDGE_CURVE('',#1258,#1256,#605,.T.);
#1496=EDGE_CURVE('',#1257,#1259,#606,.T.);
#1497=EDGE_CURVE('',#1260,#1260,#1148,.T.);
#1498=EDGE_CURVE('',#1260,#1261,#607,.T.);
#1499=EDGE_CURVE('',#1261,#1261,#1149,.T.);
#1500=EDGE_CURVE('',#1262,#1262,#1150,.T.);
#1501=EDGE_CURVE('',#1262,#1263,#608,.T.);
#1502=EDGE_CURVE('',#1263,#1263,#1151,.T.);
#1503=EDGE_CURVE('',#1264,#1264,#1152,.T.);
#1504=EDGE_CURVE('',#1264,#1265,#609,.T.);
#1505=EDGE_CURVE('',#1265,#1265,#1153,.T.);
#1506=EDGE_CURVE('',#1266,#1266,#1154,.T.);
#1507=EDGE_CURVE('',#1266,#1267,#610,.T.);
#1508=EDGE_CURVE('',#1267,#1267,#1155,.T.);
#1509=EDGE_CURVE('',#1268,#1268,#1156,.T.);
#1510=EDGE_CURVE('',#1268,#1269,#611,.T.);
#1511=EDGE_CURVE('',#1269,#1269,#1157,.T.);
#1512=EDGE_CURVE('',#1269,#1270,#612,.T.);
#1513=EDGE_CURVE('',#1270,#1270,#1158,.T.);
#1514=EDGE_CURVE('',#1271,#1271,#1159,.T.);
#1515=EDGE_CURVE('',#1271,#1272,#613,.T.);
#1516=EDGE_CURVE('',#1272,#1272,#1160,.T.);
#1517=EDGE_CURVE('',#1272,#1273,#614,.T.);
#1518=EDGE_CURVE('',#1273,#1273,#1161,.T.);
#1519=EDGE_CURVE('',#1274,#1274,#1162,.T.);
#1520=EDGE_CURVE('',#1274,#1275,#615,.T.);
#1521=EDGE_CURVE('',#1275,#1275,#1163,.T.);
#1522=EDGE_CURVE('',#1275,#1276,#616,.T.);
#1523=EDGE_CURVE('',#1276,#1276,#1164,.T.);
#1524=EDGE_CURVE('',#1277,#1277,#1165,.T.);
#1525=EDGE_CURVE('',#1277,#1278,#617,.T.);
#1526=EDGE_CURVE('',#1278,#1278,#1166,.T.);
#1527=EDGE_CURVE('',#1278,#1279,#618,.T.);
#1528=EDGE_CURVE('',#1279,#1279,#1167,.T.);
#1529=EDGE_CURVE('',#1280,#1280,#1168,.T.);
#1530=EDGE_CURVE('',#1280,#1281,#619,.T.);
#1531=EDGE_CURVE('',#1281,#1281,#1169,.T.);
#1532=EDGE_CURVE('',#1281,#1282,#620,.T.);
#1533=EDGE_CURVE('',#1282,#1282,#1170,.T.);
#1534=EDGE_CURVE('',#1283,#1283,#1171,.T.);
#1535=EDGE_CURVE('',#1283,#1284,#621,.T.);
#1536=EDGE_CURVE('',#1284,#1284,#1172,.T.);
#1537=EDGE_CURVE('',#1284,#1285,#622,.T.);
#1538=EDGE_CURVE('',#1285,#1285,#1173,.T.);
#1539=EDGE_CURVE('',#1286,#1286,#1174,.T.);
#1540=EDGE_CURVE('',#1286,#1287,#623,.T.);
#1541=EDGE_CURVE('',#1287,#1287,#1175,.T.);
#1542=EDGE_CURVE('',#1287,#1288,#624,.T.);
#1543=EDGE_CURVE('',#1288,#1288,#1176,.T.);
#1544=EDGE_CURVE('',#1289,#1289,#1177,.T.);
#1545=EDGE_CURVE('',#1289,#1290,#625,.T.);
#1546=EDGE_CURVE('',#1290,#1290,#1178,.T.);
#1547=EDGE_CURVE('',#1290,#1291,#626,.T.);
#1548=EDGE_CURVE('',#1291,#1291,#1179,.T.);
#1549=EDGE_CURVE('',#1292,#1293,#627,.T.);
#1550=EDGE_CURVE('',#1292,#1294,#1180,.T.);
#1551=EDGE_CURVE('',#1295,#1294,#628,.T.);
#1552=EDGE_CURVE('',#1295,#1293,#1181,.T.);
#1553=EDGE_CURVE('',#1293,#1296,#629,.T.);
#1554=EDGE_CURVE('',#1296,#1297,#630,.T.);
#1555=EDGE_CURVE('',#1297,#1298,#631,.T.);
#1556=EDGE_CURVE('',#1293,#1298,#632,.T.);
#1557=EDGE_CURVE('',#1296,#1299,#633,.T.);
#1558=EDGE_CURVE('',#1299,#1300,#634,.T.);
#1559=EDGE_CURVE('',#1300,#1297,#635,.T.);
#1560=EDGE_CURVE('',#1299,#1292,#636,.T.);
#1561=EDGE_CURVE('',#1301,#1299,#1182,.T.);
#1562=EDGE_CURVE('',#1294,#1301,#637,.T.);
#1563=EDGE_CURVE('',#1302,#1295,#638,.T.);
#1564=EDGE_CURVE('',#1302,#1296,#1183,.T.);
#1565=EDGE_CURVE('',#1303,#1292,#639,.T.);
#1566=EDGE_CURVE('',#1300,#1303,#640,.T.);
#1567=EDGE_CURVE('',#1298,#1303,#641,.T.);
#1568=EDGE_CURVE('',#1301,#1302,#642,.T.);
#1569=EDGE_CURVE('',#1304,#1305,#643,.T.);
#1570=EDGE_CURVE('',#1304,#1306,#1184,.T.);
#1571=EDGE_CURVE('',#1307,#1306,#644,.T.);
#1572=EDGE_CURVE('',#1307,#1305,#1185,.T.);
#1573=EDGE_CURVE('',#1305,#1308,#645,.T.);
#1574=EDGE_CURVE('',#1308,#1309,#646,.T.);
#1575=EDGE_CURVE('',#1309,#1310,#647,.T.);
#1576=EDGE_CURVE('',#1305,#1310,#648,.T.);
#1577=EDGE_CURVE('',#1308,#1311,#649,.T.);
#1578=EDGE_CURVE('',#1311,#1312,#650,.T.);
#1579=EDGE_CURVE('',#1312,#1309,#651,.T.);
#1580=EDGE_CURVE('',#1311,#1304,#652,.T.);
#1581=EDGE_CURVE('',#1313,#1311,#1186,.T.);
#1582=EDGE_CURVE('',#1306,#1313,#653,.T.);
#1583=EDGE_CURVE('',#1314,#1307,#654,.T.);
#1584=EDGE_CURVE('',#1314,#1308,#1187,.T.);
#1585=EDGE_CURVE('',#1315,#1304,#655,.T.);
#1586=EDGE_CURVE('',#1312,#1315,#656,.T.);
#1587=EDGE_CURVE('',#1310,#1315,#657,.T.);
#1588=EDGE_CURVE('',#1313,#1314,#658,.T.);
#1589=EDGE_CURVE('',#1316,#1317,#659,.T.);
#1590=EDGE_CURVE('',#1316,#1318,#1188,.T.);
#1591=EDGE_CURVE('',#1319,#1318,#660,.T.);
#1592=EDGE_CURVE('',#1319,#1317,#1189,.T.);
#1593=EDGE_CURVE('',#1317,#1320,#661,.T.);
#1594=EDGE_CURVE('',#1320,#1321,#662,.T.);
#1595=EDGE_CURVE('',#1321,#1322,#663,.T.);
#1596=EDGE_CURVE('',#1317,#1322,#664,.T.);
#1597=EDGE_CURVE('',#1320,#1323,#665,.T.);
#1598=EDGE_CURVE('',#1323,#1324,#666,.T.);
#1599=EDGE_CURVE('',#1324,#1321,#667,.T.);
#1600=EDGE_CURVE('',#1323,#1316,#668,.T.);
#1601=EDGE_CURVE('',#1325,#1323,#1190,.T.);
#1602=EDGE_CURVE('',#1318,#1325,#669,.T.);
#1603=EDGE_CURVE('',#1326,#1319,#670,.T.);
#1604=EDGE_CURVE('',#1326,#1320,#1191,.T.);
#1605=EDGE_CURVE('',#1327,#1316,#671,.T.);
#1606=EDGE_CURVE('',#1324,#1327,#672,.T.);
#1607=EDGE_CURVE('',#1322,#1327,#673,.T.);
#1608=EDGE_CURVE('',#1325,#1326,#674,.T.);
#1609=EDGE_CURVE('',#1328,#1329,#675,.T.);
#1610=EDGE_CURVE('',#1328,#1330,#1192,.T.);
#1611=EDGE_CURVE('',#1331,#1330,#676,.T.);
#1612=EDGE_CURVE('',#1331,#1329,#1193,.T.);
#1613=EDGE_CURVE('',#1329,#1332,#677,.T.);
#1614=EDGE_CURVE('',#1332,#1333,#678,.T.);
#1615=EDGE_CURVE('',#1333,#1334,#679,.T.);
#1616=EDGE_CURVE('',#1329,#1334,#680,.T.);
#1617=EDGE_CURVE('',#1332,#1335,#681,.T.);
#1618=EDGE_CURVE('',#1335,#1336,#682,.T.);
#1619=EDGE_CURVE('',#1336,#1333,#683,.T.);
#1620=EDGE_CURVE('',#1335,#1328,#684,.T.);
#1621=EDGE_CURVE('',#1337,#1335,#1194,.T.);
#1622=EDGE_CURVE('',#1330,#1337,#685,.T.);
#1623=EDGE_CURVE('',#1338,#1331,#686,.T.);
#1624=EDGE_CURVE('',#1338,#1332,#1195,.T.);
#1625=EDGE_CURVE('',#1339,#1328,#687,.T.);
#1626=EDGE_CURVE('',#1336,#1339,#688,.T.);
#1627=EDGE_CURVE('',#1334,#1339,#689,.T.);
#1628=EDGE_CURVE('',#1337,#1338,#690,.T.);
#1629=EDGE_CURVE('',#1340,#1341,#691,.T.);
#1630=EDGE_CURVE('',#1340,#1342,#1196,.T.);
#1631=EDGE_CURVE('',#1343,#1342,#692,.T.);
#1632=EDGE_CURVE('',#1343,#1341,#1197,.T.);
#1633=EDGE_CURVE('',#1341,#1344,#693,.T.);
#1634=EDGE_CURVE('',#1344,#1345,#694,.T.);
#1635=EDGE_CURVE('',#1345,#1346,#695,.T.);
#1636=EDGE_CURVE('',#1341,#1346,#696,.T.);
#1637=EDGE_CURVE('',#1344,#1347,#697,.T.);
#1638=EDGE_CURVE('',#1347,#1348,#698,.T.);
#1639=EDGE_CURVE('',#1348,#1345,#699,.T.);
#1640=EDGE_CURVE('',#1347,#1340,#700,.T.);
#1641=EDGE_CURVE('',#1349,#1347,#1198,.T.);
#1642=EDGE_CURVE('',#1342,#1349,#701,.T.);
#1643=EDGE_CURVE('',#1350,#1343,#702,.T.);
#1644=EDGE_CURVE('',#1350,#1344,#1199,.T.);
#1645=EDGE_CURVE('',#1351,#1340,#703,.T.);
#1646=EDGE_CURVE('',#1348,#1351,#704,.T.);
#1647=EDGE_CURVE('',#1346,#1351,#705,.T.);
#1648=EDGE_CURVE('',#1349,#1350,#706,.T.);
#1649=EDGE_CURVE('',#1352,#1353,#707,.T.);
#1650=EDGE_CURVE('',#1352,#1354,#1200,.T.);
#1651=EDGE_CURVE('',#1355,#1354,#708,.T.);
#1652=EDGE_CURVE('',#1355,#1353,#1201,.T.);
#1653=EDGE_CURVE('',#1353,#1356,#709,.T.);
#1654=EDGE_CURVE('',#1356,#1357,#710,.T.);
#1655=EDGE_CURVE('',#1357,#1358,#711,.T.);
#1656=EDGE_CURVE('',#1353,#1358,#712,.T.);
#1657=EDGE_CURVE('',#1356,#1359,#713,.T.);
#1658=EDGE_CURVE('',#1359,#1360,#714,.T.);
#1659=EDGE_CURVE('',#1360,#1357,#715,.T.);
#1660=EDGE_CURVE('',#1359,#1352,#716,.T.);
#1661=EDGE_CURVE('',#1361,#1359,#1202,.T.);
#1662=EDGE_CURVE('',#1354,#1361,#717,.T.);
#1663=EDGE_CURVE('',#1362,#1355,#718,.T.);
#1664=EDGE_CURVE('',#1362,#1356,#1203,.T.);
#1665=EDGE_CURVE('',#1363,#1352,#719,.T.);
#1666=EDGE_CURVE('',#1360,#1363,#720,.T.);
#1667=EDGE_CURVE('',#1358,#1363,#721,.T.);
#1668=EDGE_CURVE('',#1361,#1362,#722,.T.);
#1669=EDGE_CURVE('',#1364,#1365,#723,.T.);
#1670=EDGE_CURVE('',#1364,#1366,#1204,.T.);
#1671=EDGE_CURVE('',#1367,#1366,#724,.T.);
#1672=EDGE_CURVE('',#1367,#1365,#1205,.T.);
#1673=EDGE_CURVE('',#1365,#1368,#725,.T.);
#1674=EDGE_CURVE('',#1368,#1369,#726,.T.);
#1675=EDGE_CURVE('',#1369,#1370,#727,.T.);
#1676=EDGE_CURVE('',#1365,#1370,#728,.T.);
#1677=EDGE_CURVE('',#1368,#1371,#729,.T.);
#1678=EDGE_CURVE('',#1371,#1372,#730,.T.);
#1679=EDGE_CURVE('',#1372,#1369,#731,.T.);
#1680=EDGE_CURVE('',#1371,#1364,#732,.T.);
#1681=EDGE_CURVE('',#1373,#1371,#1206,.T.);
#1682=EDGE_CURVE('',#1366,#1373,#733,.T.);
#1683=EDGE_CURVE('',#1374,#1367,#734,.T.);
#1684=EDGE_CURVE('',#1374,#1368,#1207,.T.);
#1685=EDGE_CURVE('',#1375,#1364,#735,.T.);
#1686=EDGE_CURVE('',#1372,#1375,#736,.T.);
#1687=EDGE_CURVE('',#1370,#1375,#737,.T.);
#1688=EDGE_CURVE('',#1373,#1374,#738,.T.);
#1689=EDGE_CURVE('',#1376,#1377,#739,.T.);
#1690=EDGE_CURVE('',#1376,#1378,#1208,.T.);
#1691=EDGE_CURVE('',#1379,#1378,#740,.T.);
#1692=EDGE_CURVE('',#1379,#1377,#1209,.T.);
#1693=EDGE_CURVE('',#1377,#1380,#741,.T.);
#1694=EDGE_CURVE('',#1380,#1381,#742,.T.);
#1695=EDGE_CURVE('',#1381,#1382,#743,.T.);
#1696=EDGE_CURVE('',#1377,#1382,#744,.T.);
#1697=EDGE_CURVE('',#1380,#1383,#745,.T.);
#1698=EDGE_CURVE('',#1383,#1384,#746,.T.);
#1699=EDGE_CURVE('',#1384,#1381,#747,.T.);
#1700=EDGE_CURVE('',#1383,#1376,#748,.T.);
#1701=EDGE_CURVE('',#1385,#1383,#1210,.T.);
#1702=EDGE_CURVE('',#1378,#1385,#749,.T.);
#1703=EDGE_CURVE('',#1386,#1379,#750,.T.);
#1704=EDGE_CURVE('',#1386,#1380,#1211,.T.);
#1705=EDGE_CURVE('',#1387,#1376,#751,.T.);
#1706=EDGE_CURVE('',#1384,#1387,#752,.T.);
#1707=EDGE_CURVE('',#1382,#1387,#753,.T.);
#1708=EDGE_CURVE('',#1385,#1386,#754,.T.);
#1709=EDGE_CURVE('',#1388,#1295,#755,.T.);
#1710=EDGE_CURVE('',#1389,#1388,#756,.T.);
#1711=EDGE_CURVE('',#1302,#1389,#757,.T.);
#1712=EDGE_CURVE('',#1390,#1307,#758,.T.);
#1713=EDGE_CURVE('',#1391,#1390,#759,.T.);
#1714=EDGE_CURVE('',#1314,#1391,#760,.T.);
#1715=EDGE_CURVE('',#1392,#1319,#761,.T.);
#1716=EDGE_CURVE('',#1393,#1392,#762,.T.);
#1717=EDGE_CURVE('',#1326,#1393,#763,.T.);
#1718=EDGE_CURVE('',#1394,#1331,#764,.T.);
#1719=EDGE_CURVE('',#1395,#1394,#765,.T.);
#1720=EDGE_CURVE('',#1338,#1395,#766,.T.);
#1721=EDGE_CURVE('',#1396,#1343,#767,.T.);
#1722=EDGE_CURVE('',#1397,#1396,#768,.T.);
#1723=EDGE_CURVE('',#1350,#1397,#769,.T.);
#1724=EDGE_CURVE('',#1398,#1355,#770,.T.);
#1725=EDGE_CURVE('',#1399,#1398,#771,.T.);
#1726=EDGE_CURVE('',#1362,#1399,#772,.T.);
#1727=EDGE_CURVE('',#1400,#1367,#773,.T.);
#1728=EDGE_CURVE('',#1401,#1400,#774,.T.);
#1729=EDGE_CURVE('',#1374,#1401,#775,.T.);
#1730=EDGE_CURVE('',#1402,#1379,#776,.T.);
#1731=EDGE_CURVE('',#1403,#1402,#777,.T.);
#1732=EDGE_CURVE('',#1386,#1403,#778,.T.);
#1733=EDGE_CURVE('',#1397,#1301,#779,.T.);
#1734=EDGE_CURVE('',#1294,#1396,#780,.T.);
#1735=EDGE_CURVE('',#1389,#1385,#781,.T.);
#1736=EDGE_CURVE('',#1403,#1313,#782,.T.);
#1737=EDGE_CURVE('',#1391,#1373,#783,.T.);
#1738=EDGE_CURVE('',#1401,#1325,#784,.T.);
#1739=EDGE_CURVE('',#1393,#1361,#785,.T.);
#1740=EDGE_CURVE('',#1399,#1337,#786,.T.);
#1741=EDGE_CURVE('',#1395,#1349,#787,.T.);
#1742=EDGE_CURVE('',#1378,#1388,#788,.T.);
#1743=EDGE_CURVE('',#1306,#1402,#789,.T.);
#1744=EDGE_CURVE('',#1366,#1390,#790,.T.);
#1745=EDGE_CURVE('',#1318,#1400,#791,.T.);
#1746=EDGE_CURVE('',#1354,#1392,#792,.T.);
#1747=EDGE_CURVE('',#1330,#1398,#793,.T.);
#1748=EDGE_CURVE('',#1342,#1394,#794,.T.);
#1749=EDGE_CURVE('',#1404,#1404,#1212,.T.);
#1750=EDGE_CURVE('',#1404,#1405,#795,.T.);
#1751=EDGE_CURVE('',#1405,#1405,#1213,.T.);
#1752=EDGE_CURVE('',#1406,#1406,#1214,.T.);
#1753=EDGE_CURVE('',#1406,#1407,#796,.T.);
#1754=EDGE_CURVE('',#1407,#1407,#1215,.T.);
#1755=EDGE_CURVE('',#1408,#1408,#1216,.T.);
#1756=EDGE_CURVE('',#1408,#1409,#797,.T.);
#1757=EDGE_CURVE('',#1409,#1409,#1217,.T.);
#1758=EDGE_CURVE('',#1410,#1410,#1218,.T.);
#1759=EDGE_CURVE('',#1410,#1411,#798,.T.);
#1760=EDGE_CURVE('',#1411,#1411,#1219,.T.);
#1761=EDGE_CURVE('',#1412,#1412,#1220,.T.);
#1762=EDGE_CURVE('',#1412,#1413,#799,.T.);
#1763=EDGE_CURVE('',#1413,#1413,#1221,.T.);
#1764=EDGE_CURVE('',#1414,#1415,#800,.T.);
#1765=EDGE_CURVE('',#1414,#1416,#801,.T.);
#1766=EDGE_CURVE('',#1417,#1416,#802,.T.);
#1767=EDGE_CURVE('',#1415,#1417,#803,.T.);
#1768=EDGE_CURVE('',#1418,#1417,#804,.T.);
#1769=EDGE_CURVE('',#1416,#1419,#805,.T.);
#1770=EDGE_CURVE('',#1419,#1418,#806,.T.);
#1771=EDGE_CURVE('',#1415,#1420,#807,.T.);
#1772=EDGE_CURVE('',#1420,#1421,#808,.T.);
#1773=EDGE_CURVE('',#1421,#1414,#809,.T.);
#1774=EDGE_CURVE('',#1422,#1423,#810,.T.);
#1775=EDGE_CURVE('',#1422,#1418,#811,.T.);
#1776=EDGE_CURVE('',#1423,#1419,#812,.T.);
#1777=EDGE_CURVE('',#1423,#1424,#813,.T.);
#1778=EDGE_CURVE('',#1424,#1421,#814,.T.);
#1779=EDGE_CURVE('',#1424,#1425,#815,.T.);
#1780=EDGE_CURVE('',#1425,#1420,#816,.T.);
#1781=EDGE_CURVE('',#1425,#1422,#817,.T.);
#1782=EDGE_CURVE('',#1426,#1426,#1222,.T.);
#1783=EDGE_CURVE('',#1426,#1427,#818,.T.);
#1784=EDGE_CURVE('',#1427,#1427,#1223,.T.);
#1785=EDGE_CURVE('',#1428,#1428,#1224,.T.);
#1786=EDGE_CURVE('',#1428,#1429,#819,.T.);
#1787=EDGE_CURVE('',#1429,#1429,#1225,.T.);
#1788=EDGE_CURVE('',#1430,#1430,#1226,.T.);
#1789=EDGE_CURVE('',#1430,#1431,#820,.T.);
#1790=EDGE_CURVE('',#1431,#1431,#1227,.T.);
#1791=EDGE_CURVE('',#1432,#1432,#1228,.T.);
#1792=EDGE_CURVE('',#1432,#1433,#821,.T.);
#1793=EDGE_CURVE('',#1433,#1433,#1229,.T.);
#1794=EDGE_CURVE('',#1434,#1434,#1230,.T.);
#1795=EDGE_CURVE('',#1434,#1435,#822,.T.);
#1796=EDGE_CURVE('',#1435,#1435,#1231,.T.);
#1797=EDGE_CURVE('',#1436,#1437,#823,.T.);
#1798=EDGE_CURVE('',#1436,#1438,#824,.T.);
#1799=EDGE_CURVE('',#1439,#1438,#825,.T.);
#1800=EDGE_CURVE('',#1437,#1439,#826,.T.);
#1801=EDGE_CURVE('',#1440,#1439,#827,.T.);
#1802=EDGE_CURVE('',#1438,#1441,#828,.T.);
#1803=EDGE_CURVE('',#1441,#1440,#829,.T.);
#1804=EDGE_CURVE('',#1437,#1442,#830,.T.);
#1805=EDGE_CURVE('',#1442,#1443,#831,.T.);
#1806=EDGE_CURVE('',#1443,#1436,#832,.T.);
#1807=EDGE_CURVE('',#1444,#1445,#833,.T.);
#1808=EDGE_CURVE('',#1444,#1440,#834,.T.);
#1809=EDGE_CURVE('',#1445,#1441,#835,.T.);
#1810=EDGE_CURVE('',#1445,#1446,#836,.T.);
#1811=EDGE_CURVE('',#1446,#1443,#837,.T.);
#1812=EDGE_CURVE('',#1446,#1447,#838,.T.);
#1813=EDGE_CURVE('',#1447,#1442,#839,.T.);
#1814=EDGE_CURVE('',#1447,#1444,#840,.T.);
#1815=EDGE_CURVE('',#1448,#1448,#1232,.T.);
#1816=EDGE_CURVE('',#1448,#1449,#841,.T.);
#1817=EDGE_CURVE('',#1449,#1449,#1233,.T.);
#1818=EDGE_CURVE('',#1450,#1450,#1234,.T.);
#1819=EDGE_CURVE('',#1450,#1451,#842,.T.);
#1820=EDGE_CURVE('',#1451,#1451,#1235,.T.);
#1821=EDGE_CURVE('',#1452,#1452,#1236,.T.);
#1822=EDGE_CURVE('',#1452,#1453,#843,.T.);
#1823=EDGE_CURVE('',#1453,#1453,#1237,.T.);
#1824=EDGE_CURVE('',#1454,#1454,#1238,.T.);
#1825=EDGE_CURVE('',#1454,#1455,#844,.T.);
#1826=EDGE_CURVE('',#1455,#1455,#1239,.T.);
#1827=EDGE_CURVE('',#1456,#1456,#1240,.T.);
#1828=EDGE_CURVE('',#1456,#1457,#845,.T.);
#1829=EDGE_CURVE('',#1457,#1457,#1241,.T.);
#1830=EDGE_CURVE('',#1458,#1459,#846,.T.);
#1831=EDGE_CURVE('',#1458,#1460,#847,.T.);
#1832=EDGE_CURVE('',#1461,#1460,#848,.T.);
#1833=EDGE_CURVE('',#1459,#1461,#849,.T.);
#1834=EDGE_CURVE('',#1462,#1461,#850,.T.);
#1835=EDGE_CURVE('',#1460,#1463,#851,.T.);
#1836=EDGE_CURVE('',#1463,#1462,#852,.T.);
#1837=EDGE_CURVE('',#1459,#1464,#853,.T.);
#1838=EDGE_CURVE('',#1464,#1465,#854,.T.);
#1839=EDGE_CURVE('',#1465,#1458,#855,.T.);
#1840=EDGE_CURVE('',#1466,#1467,#856,.T.);
#1841=EDGE_CURVE('',#1466,#1462,#857,.T.);
#1842=EDGE_CURVE('',#1467,#1463,#858,.T.);
#1843=EDGE_CURVE('',#1467,#1468,#859,.T.);
#1844=EDGE_CURVE('',#1468,#1465,#860,.T.);
#1845=EDGE_CURVE('',#1468,#1469,#861,.T.);
#1846=EDGE_CURVE('',#1469,#1464,#862,.T.);
#1847=EDGE_CURVE('',#1469,#1466,#863,.T.);
#1848=ORIENTED_EDGE('',*,*,#1470,.F.);
#1849=ORIENTED_EDGE('',*,*,#1471,.T.);
#1850=ORIENTED_EDGE('',*,*,#1472,.F.);
#1851=ORIENTED_EDGE('',*,*,#1471,.F.);
#1852=ORIENTED_EDGE('',*,*,#1473,.F.);
#1853=ORIENTED_EDGE('',*,*,#1474,.T.);
#1854=ORIENTED_EDGE('',*,*,#1475,.F.);
#1855=ORIENTED_EDGE('',*,*,#1474,.F.);
#1856=ORIENTED_EDGE('',*,*,#1476,.F.);
#1857=ORIENTED_EDGE('',*,*,#1477,.T.);
#1858=ORIENTED_EDGE('',*,*,#1478,.F.);
#1859=ORIENTED_EDGE('',*,*,#1477,.F.);
#1860=ORIENTED_EDGE('',*,*,#1479,.T.);
#1861=ORIENTED_EDGE('',*,*,#1480,.F.);
#1862=ORIENTED_EDGE('',*,*,#1481,.F.);
#1863=ORIENTED_EDGE('',*,*,#1482,.F.);
#1864=ORIENTED_EDGE('',*,*,#1472,.T.);
#1865=ORIENTED_EDGE('',*,*,#1475,.T.);
#1866=ORIENTED_EDGE('',*,*,#1478,.T.);
#1867=ORIENTED_EDGE('',*,*,#1483,.T.);
#1868=ORIENTED_EDGE('',*,*,#1484,.T.);
#1869=ORIENTED_EDGE('',*,*,#1485,.F.);
#1870=ORIENTED_EDGE('',*,*,#1486,.T.);
#1871=ORIENTED_EDGE('',*,*,#1470,.T.);
#1872=ORIENTED_EDGE('',*,*,#1473,.T.);
#1873=ORIENTED_EDGE('',*,*,#1476,.T.);
#1874=ORIENTED_EDGE('',*,*,#1485,.T.);
#1875=ORIENTED_EDGE('',*,*,#1487,.T.);
#1876=ORIENTED_EDGE('',*,*,#1480,.T.);
#1877=ORIENTED_EDGE('',*,*,#1488,.T.);
#1878=ORIENTED_EDGE('',*,*,#1489,.F.);
#1879=ORIENTED_EDGE('',*,*,#1490,.T.);
#1880=ORIENTED_EDGE('',*,*,#1491,.F.);
#1881=ORIENTED_EDGE('',*,*,#1481,.T.);
#1882=ORIENTED_EDGE('',*,*,#1487,.F.);
#1883=ORIENTED_EDGE('',*,*,#1484,.F.);
#1884=ORIENTED_EDGE('',*,*,#1492,.F.);
#1885=ORIENTED_EDGE('',*,*,#1486,.F.);
#1886=ORIENTED_EDGE('',*,*,#1488,.F.);
#1887=ORIENTED_EDGE('',*,*,#1479,.F.);
#1888=ORIENTED_EDGE('',*,*,#1493,.F.);
#1889=ORIENTED_EDGE('',*,*,#1494,.F.);
#1890=ORIENTED_EDGE('',*,*,#1495,.F.);
#1891=ORIENTED_EDGE('',*,*,#1494,.T.);
#1892=ORIENTED_EDGE('',*,*,#1496,.F.);
#1893=ORIENTED_EDGE('',*,*,#1490,.F.);
#1894=ORIENTED_EDGE('',*,*,#1495,.T.);
#1895=ORIENTED_EDGE('',*,*,#1489,.T.);
#1896=ORIENTED_EDGE('',*,*,#1483,.F.);
#1897=ORIENTED_EDGE('',*,*,#1492,.T.);
#1898=ORIENTED_EDGE('',*,*,#1497,.F.);
#1899=ORIENTED_EDGE('',*,*,#1498,.T.);
#1900=ORIENTED_EDGE('',*,*,#1499,.F.);
#1901=ORIENTED_EDGE('',*,*,#1498,.F.);
#1902=ORIENTED_EDGE('',*,*,#1500,.F.);
#1903=ORIENTED_EDGE('',*,*,#1501,.T.);
#1904=ORIENTED_EDGE('',*,*,#1502,.F.);
#1905=ORIENTED_EDGE('',*,*,#1501,.F.);
#1906=ORIENTED_EDGE('',*,*,#1503,.F.);
#1907=ORIENTED_EDGE('',*,*,#1504,.T.);
#1908=ORIENTED_EDGE('',*,*,#1505,.F.);
#1909=ORIENTED_EDGE('',*,*,#1504,.F.);
#1910=ORIENTED_EDGE('',*,*,#1506,.F.);
#1911=ORIENTED_EDGE('',*,*,#1507,.T.);
#1912=ORIENTED_EDGE('',*,*,#1508,.F.);
#1913=ORIENTED_EDGE('',*,*,#1507,.F.);
#1914=ORIENTED_EDGE('',*,*,#1509,.F.);
#1915=ORIENTED_EDGE('',*,*,#1510,.T.);
#1916=ORIENTED_EDGE('',*,*,#1511,.T.);
#1917=ORIENTED_EDGE('',*,*,#1510,.F.);
#1918=ORIENTED_EDGE('',*,*,#1511,.F.);
#1919=ORIENTED_EDGE('',*,*,#1512,.T.);
#1920=ORIENTED_EDGE('',*,*,#1513,.F.);
#1921=ORIENTED_EDGE('',*,*,#1512,.F.);
#1922=ORIENTED_EDGE('',*,*,#1514,.F.);
#1923=ORIENTED_EDGE('',*,*,#1515,.T.);
#1924=ORIENTED_EDGE('',*,*,#1516,.T.);
#1925=ORIENTED_EDGE('',*,*,#1515,.F.);
#1926=ORIENTED_EDGE('',*,*,#1516,.F.);
#1927=ORIENTED_EDGE('',*,*,#1517,.T.);
#1928=ORIENTED_EDGE('',*,*,#1518,.F.);
#1929=ORIENTED_EDGE('',*,*,#1517,.F.);
#1930=ORIENTED_EDGE('',*,*,#1519,.F.);
#1931=ORIENTED_EDGE('',*,*,#1520,.T.);
#1932=ORIENTED_EDGE('',*,*,#1521,.T.);
#1933=ORIENTED_EDGE('',*,*,#1520,.F.);
#1934=ORIENTED_EDGE('',*,*,#1521,.F.);
#1935=ORIENTED_EDGE('',*,*,#1522,.T.);
#1936=ORIENTED_EDGE('',*,*,#1523,.F.);
#1937=ORIENTED_EDGE('',*,*,#1522,.F.);
#1938=ORIENTED_EDGE('',*,*,#1524,.F.);
#1939=ORIENTED_EDGE('',*,*,#1525,.T.);
#1940=ORIENTED_EDGE('',*,*,#1526,.T.);
#1941=ORIENTED_EDGE('',*,*,#1525,.F.);
#1942=ORIENTED_EDGE('',*,*,#1526,.F.);
#1943=ORIENTED_EDGE('',*,*,#1527,.T.);
#1944=ORIENTED_EDGE('',*,*,#1528,.F.);
#1945=ORIENTED_EDGE('',*,*,#1527,.F.);
#1946=ORIENTED_EDGE('',*,*,#1529,.F.);
#1947=ORIENTED_EDGE('',*,*,#1530,.T.);
#1948=ORIENTED_EDGE('',*,*,#1531,.T.);
#1949=ORIENTED_EDGE('',*,*,#1530,.F.);
#1950=ORIENTED_EDGE('',*,*,#1531,.F.);
#1951=ORIENTED_EDGE('',*,*,#1532,.T.);
#1952=ORIENTED_EDGE('',*,*,#1533,.F.);
#1953=ORIENTED_EDGE('',*,*,#1532,.F.);
#1954=ORIENTED_EDGE('',*,*,#1534,.F.);
#1955=ORIENTED_EDGE('',*,*,#1535,.T.);
#1956=ORIENTED_EDGE('',*,*,#1536,.T.);
#1957=ORIENTED_EDGE('',*,*,#1535,.F.);
#1958=ORIENTED_EDGE('',*,*,#1536,.F.);
#1959=ORIENTED_EDGE('',*,*,#1537,.T.);
#1960=ORIENTED_EDGE('',*,*,#1538,.F.);
#1961=ORIENTED_EDGE('',*,*,#1537,.F.);
#1962=ORIENTED_EDGE('',*,*,#1539,.F.);
#1963=ORIENTED_EDGE('',*,*,#1540,.T.);
#1964=ORIENTED_EDGE('',*,*,#1541,.T.);
#1965=ORIENTED_EDGE('',*,*,#1540,.F.);
#1966=ORIENTED_EDGE('',*,*,#1541,.F.);
#1967=ORIENTED_EDGE('',*,*,#1542,.T.);
#1968=ORIENTED_EDGE('',*,*,#1543,.F.);
#1969=ORIENTED_EDGE('',*,*,#1542,.F.);
#1970=ORIENTED_EDGE('',*,*,#1544,.F.);
#1971=ORIENTED_EDGE('',*,*,#1545,.T.);
#1972=ORIENTED_EDGE('',*,*,#1546,.T.);
#1973=ORIENTED_EDGE('',*,*,#1545,.F.);
#1974=ORIENTED_EDGE('',*,*,#1546,.F.);
#1975=ORIENTED_EDGE('',*,*,#1547,.T.);
#1976=ORIENTED_EDGE('',*,*,#1548,.F.);
#1977=ORIENTED_EDGE('',*,*,#1547,.F.);
#1978=ORIENTED_EDGE('',*,*,#1549,.F.);
#1979=ORIENTED_EDGE('',*,*,#1550,.T.);
#1980=ORIENTED_EDGE('',*,*,#1551,.F.);
#1981=ORIENTED_EDGE('',*,*,#1552,.T.);
#1982=ORIENTED_EDGE('',*,*,#1553,.T.);
#1983=ORIENTED_EDGE('',*,*,#1554,.T.);
#1984=ORIENTED_EDGE('',*,*,#1555,.T.);
#1985=ORIENTED_EDGE('',*,*,#1556,.F.);
#1986=ORIENTED_EDGE('',*,*,#1557,.T.);
#1987=ORIENTED_EDGE('',*,*,#1558,.T.);
#1988=ORIENTED_EDGE('',*,*,#1559,.T.);
#1989=ORIENTED_EDGE('',*,*,#1554,.F.);
#1990=ORIENTED_EDGE('',*,*,#1560,.F.);
#1991=ORIENTED_EDGE('',*,*,#1561,.F.);
#1992=ORIENTED_EDGE('',*,*,#1562,.F.);
#1993=ORIENTED_EDGE('',*,*,#1550,.F.);
#1994=ORIENTED_EDGE('',*,*,#1553,.F.);
#1995=ORIENTED_EDGE('',*,*,#1552,.F.);
#1996=ORIENTED_EDGE('',*,*,#1563,.F.);
#1997=ORIENTED_EDGE('',*,*,#1564,.T.);
#1998=ORIENTED_EDGE('',*,*,#1560,.T.);
#1999=ORIENTED_EDGE('',*,*,#1565,.F.);
#2000=ORIENTED_EDGE('',*,*,#1566,.F.);
#2001=ORIENTED_EDGE('',*,*,#1558,.F.);
#2002=ORIENTED_EDGE('',*,*,#1559,.F.);
#2003=ORIENTED_EDGE('',*,*,#1566,.T.);
#2004=ORIENTED_EDGE('',*,*,#1567,.F.);
#2005=ORIENTED_EDGE('',*,*,#1555,.F.);
#2006=ORIENTED_EDGE('',*,*,#1557,.F.);
#2007=ORIENTED_EDGE('',*,*,#1564,.F.);
#2008=ORIENTED_EDGE('',*,*,#1568,.F.);
#2009=ORIENTED_EDGE('',*,*,#1561,.T.);
#2010=ORIENTED_EDGE('',*,*,#1549,.T.);
#2011=ORIENTED_EDGE('',*,*,#1556,.T.);
#2012=ORIENTED_EDGE('',*,*,#1567,.T.);
#2013=ORIENTED_EDGE('',*,*,#1565,.T.);
#2014=ORIENTED_EDGE('',*,*,#1569,.F.);
#2015=ORIENTED_EDGE('',*,*,#1570,.T.);
#2016=ORIENTED_EDGE('',*,*,#1571,.F.);
#2017=ORIENTED_EDGE('',*,*,#1572,.T.);
#2018=ORIENTED_EDGE('',*,*,#1573,.T.);
#2019=ORIENTED_EDGE('',*,*,#1574,.T.);
#2020=ORIENTED_EDGE('',*,*,#1575,.T.);
#2021=ORIENTED_EDGE('',*,*,#1576,.F.);
#2022=ORIENTED_EDGE('',*,*,#1577,.T.);
#2023=ORIENTED_EDGE('',*,*,#1578,.T.);
#2024=ORIENTED_EDGE('',*,*,#1579,.T.);
#2025=ORIENTED_EDGE('',*,*,#1574,.F.);
#2026=ORIENTED_EDGE('',*,*,#1580,.F.);
#2027=ORIENTED_EDGE('',*,*,#1581,.F.);
#2028=ORIENTED_EDGE('',*,*,#1582,.F.);
#2029=ORIENTED_EDGE('',*,*,#1570,.F.);
#2030=ORIENTED_EDGE('',*,*,#1573,.F.);
#2031=ORIENTED_EDGE('',*,*,#1572,.F.);
#2032=ORIENTED_EDGE('',*,*,#1583,.F.);
#2033=ORIENTED_EDGE('',*,*,#1584,.T.);
#2034=ORIENTED_EDGE('',*,*,#1580,.T.);
#2035=ORIENTED_EDGE('',*,*,#1585,.F.);
#2036=ORIENTED_EDGE('',*,*,#1586,.F.);
#2037=ORIENTED_EDGE('',*,*,#1578,.F.);
#2038=ORIENTED_EDGE('',*,*,#1579,.F.);
#2039=ORIENTED_EDGE('',*,*,#1586,.T.);
#2040=ORIENTED_EDGE('',*,*,#1587,.F.);
#2041=ORIENTED_EDGE('',*,*,#1575,.F.);
#2042=ORIENTED_EDGE('',*,*,#1577,.F.);
#2043=ORIENTED_EDGE('',*,*,#1584,.F.);
#2044=ORIENTED_EDGE('',*,*,#1588,.F.);
#2045=ORIENTED_EDGE('',*,*,#1581,.T.);
#2046=ORIENTED_EDGE('',*,*,#1569,.T.);
#2047=ORIENTED_EDGE('',*,*,#1576,.T.);
#2048=ORIENTED_EDGE('',*,*,#1587,.T.);
#2049=ORIENTED_EDGE('',*,*,#1585,.T.);
#2050=ORIENTED_EDGE('',*,*,#1589,.F.);
#2051=ORIENTED_EDGE('',*,*,#1590,.T.);
#2052=ORIENTED_EDGE('',*,*,#1591,.F.);
#2053=ORIENTED_EDGE('',*,*,#1592,.T.);
#2054=ORIENTED_EDGE('',*,*,#1593,.T.);
#2055=ORIENTED_EDGE('',*,*,#1594,.T.);
#2056=ORIENTED_EDGE('',*,*,#1595,.T.);
#2057=ORIENTED_EDGE('',*,*,#1596,.F.);
#2058=ORIENTED_EDGE('',*,*,#1597,.T.);
#2059=ORIENTED_EDGE('',*,*,#1598,.T.);
#2060=ORIENTED_EDGE('',*,*,#1599,.T.);
#2061=ORIENTED_EDGE('',*,*,#1594,.F.);
#2062=ORIENTED_EDGE('',*,*,#1600,.F.);
#2063=ORIENTED_EDGE('',*,*,#1601,.F.);
#2064=ORIENTED_EDGE('',*,*,#1602,.F.);
#2065=ORIENTED_EDGE('',*,*,#1590,.F.);
#2066=ORIENTED_EDGE('',*,*,#1593,.F.);
#2067=ORIENTED_EDGE('',*,*,#1592,.F.);
#2068=ORIENTED_EDGE('',*,*,#1603,.F.);
#2069=ORIENTED_EDGE('',*,*,#1604,.T.);
#2070=ORIENTED_EDGE('',*,*,#1600,.T.);
#2071=ORIENTED_EDGE('',*,*,#1605,.F.);
#2072=ORIENTED_EDGE('',*,*,#1606,.F.);
#2073=ORIENTED_EDGE('',*,*,#1598,.F.);
#2074=ORIENTED_EDGE('',*,*,#1599,.F.);
#2075=ORIENTED_EDGE('',*,*,#1606,.T.);
#2076=ORIENTED_EDGE('',*,*,#1607,.F.);
#2077=ORIENTED_EDGE('',*,*,#1595,.F.);
#2078=ORIENTED_EDGE('',*,*,#1597,.F.);
#2079=ORIENTED_EDGE('',*,*,#1604,.F.);
#2080=ORIENTED_EDGE('',*,*,#1608,.F.);
#2081=ORIENTED_EDGE('',*,*,#1601,.T.);
#2082=ORIENTED_EDGE('',*,*,#1589,.T.);
#2083=ORIENTED_EDGE('',*,*,#1596,.T.);
#2084=ORIENTED_EDGE('',*,*,#1607,.T.);
#2085=ORIENTED_EDGE('',*,*,#1605,.T.);
#2086=ORIENTED_EDGE('',*,*,#1609,.F.);
#2087=ORIENTED_EDGE('',*,*,#1610,.T.);
#2088=ORIENTED_EDGE('',*,*,#1611,.F.);
#2089=ORIENTED_EDGE('',*,*,#1612,.T.);
#2090=ORIENTED_EDGE('',*,*,#1613,.T.);
#2091=ORIENTED_EDGE('',*,*,#1614,.T.);
#2092=ORIENTED_EDGE('',*,*,#1615,.T.);
#2093=ORIENTED_EDGE('',*,*,#1616,.F.);
#2094=ORIENTED_EDGE('',*,*,#1617,.T.);
#2095=ORIENTED_EDGE('',*,*,#1618,.T.);
#2096=ORIENTED_EDGE('',*,*,#1619,.T.);
#2097=ORIENTED_EDGE('',*,*,#1614,.F.);
#2098=ORIENTED_EDGE('',*,*,#1620,.F.);
#2099=ORIENTED_EDGE('',*,*,#1621,.F.);
#2100=ORIENTED_EDGE('',*,*,#1622,.F.);
#2101=ORIENTED_EDGE('',*,*,#1610,.F.);
#2102=ORIENTED_EDGE('',*,*,#1613,.F.);
#2103=ORIENTED_EDGE('',*,*,#1612,.F.);
#2104=ORIENTED_EDGE('',*,*,#1623,.F.);
#2105=ORIENTED_EDGE('',*,*,#1624,.T.);
#2106=ORIENTED_EDGE('',*,*,#1620,.T.);
#2107=ORIENTED_EDGE('',*,*,#1625,.F.);
#2108=ORIENTED_EDGE('',*,*,#1626,.F.);
#2109=ORIENTED_EDGE('',*,*,#1618,.F.);
#2110=ORIENTED_EDGE('',*,*,#1619,.F.);
#2111=ORIENTED_EDGE('',*,*,#1626,.T.);
#2112=ORIENTED_EDGE('',*,*,#1627,.F.);
#2113=ORIENTED_EDGE('',*,*,#1615,.F.);
#2114=ORIENTED_EDGE('',*,*,#1617,.F.);
#2115=ORIENTED_EDGE('',*,*,#1624,.F.);
#2116=ORIENTED_EDGE('',*,*,#1628,.F.);
#2117=ORIENTED_EDGE('',*,*,#1621,.T.);
#2118=ORIENTED_EDGE('',*,*,#1609,.T.);
#2119=ORIENTED_EDGE('',*,*,#1616,.T.);
#2120=ORIENTED_EDGE('',*,*,#1627,.T.);
#2121=ORIENTED_EDGE('',*,*,#1625,.T.);
#2122=ORIENTED_EDGE('',*,*,#1629,.F.);
#2123=ORIENTED_EDGE('',*,*,#1630,.T.);
#2124=ORIENTED_EDGE('',*,*,#1631,.F.);
#2125=ORIENTED_EDGE('',*,*,#1632,.T.);
#2126=ORIENTED_EDGE('',*,*,#1633,.T.);
#2127=ORIENTED_EDGE('',*,*,#1634,.T.);
#2128=ORIENTED_EDGE('',*,*,#1635,.T.);
#2129=ORIENTED_EDGE('',*,*,#1636,.F.);
#2130=ORIENTED_EDGE('',*,*,#1637,.T.);
#2131=ORIENTED_EDGE('',*,*,#1638,.T.);
#2132=ORIENTED_EDGE('',*,*,#1639,.T.);
#2133=ORIENTED_EDGE('',*,*,#1634,.F.);
#2134=ORIENTED_EDGE('',*,*,#1505,.T.);
#2135=ORIENTED_EDGE('',*,*,#1508,.T.);
#2136=ORIENTED_EDGE('',*,*,#1640,.F.);
#2137=ORIENTED_EDGE('',*,*,#1641,.F.);
#2138=ORIENTED_EDGE('',*,*,#1642,.F.);
#2139=ORIENTED_EDGE('',*,*,#1630,.F.);
#2140=ORIENTED_EDGE('',*,*,#1633,.F.);
#2141=ORIENTED_EDGE('',*,*,#1632,.F.);
#2142=ORIENTED_EDGE('',*,*,#1643,.F.);
#2143=ORIENTED_EDGE('',*,*,#1644,.T.);
#2144=ORIENTED_EDGE('',*,*,#1640,.T.);
#2145=ORIENTED_EDGE('',*,*,#1645,.F.);
#2146=ORIENTED_EDGE('',*,*,#1646,.F.);
#2147=ORIENTED_EDGE('',*,*,#1638,.F.);
#2148=ORIENTED_EDGE('',*,*,#1639,.F.);
#2149=ORIENTED_EDGE('',*,*,#1646,.T.);
#2150=ORIENTED_EDGE('',*,*,#1647,.F.);
#2151=ORIENTED_EDGE('',*,*,#1635,.F.);
#2152=ORIENTED_EDGE('',*,*,#1637,.F.);
#2153=ORIENTED_EDGE('',*,*,#1644,.F.);
#2154=ORIENTED_EDGE('',*,*,#1648,.F.);
#2155=ORIENTED_EDGE('',*,*,#1641,.T.);
#2156=ORIENTED_EDGE('',*,*,#1629,.T.);
#2157=ORIENTED_EDGE('',*,*,#1636,.T.);
#2158=ORIENTED_EDGE('',*,*,#1647,.T.);
#2159=ORIENTED_EDGE('',*,*,#1645,.T.);
#2160=ORIENTED_EDGE('',*,*,#1503,.T.);
#2161=ORIENTED_EDGE('',*,*,#1506,.T.);
#2162=ORIENTED_EDGE('',*,*,#1649,.F.);
#2163=ORIENTED_EDGE('',*,*,#1650,.T.);
#2164=ORIENTED_EDGE('',*,*,#1651,.F.);
#2165=ORIENTED_EDGE('',*,*,#1652,.T.);
#2166=ORIENTED_EDGE('',*,*,#1653,.T.);
#2167=ORIENTED_EDGE('',*,*,#1654,.T.);
#2168=ORIENTED_EDGE('',*,*,#1655,.T.);
#2169=ORIENTED_EDGE('',*,*,#1656,.F.);
#2170=ORIENTED_EDGE('',*,*,#1657,.T.);
#2171=ORIENTED_EDGE('',*,*,#1658,.T.);
#2172=ORIENTED_EDGE('',*,*,#1659,.T.);
#2173=ORIENTED_EDGE('',*,*,#1654,.F.);
#2174=ORIENTED_EDGE('',*,*,#1660,.F.);
#2175=ORIENTED_EDGE('',*,*,#1661,.F.);
#2176=ORIENTED_EDGE('',*,*,#1662,.F.);
#2177=ORIENTED_EDGE('',*,*,#1650,.F.);
#2178=ORIENTED_EDGE('',*,*,#1653,.F.);
#2179=ORIENTED_EDGE('',*,*,#1652,.F.);
#2180=ORIENTED_EDGE('',*,*,#1663,.F.);
#2181=ORIENTED_EDGE('',*,*,#1664,.T.);
#2182=ORIENTED_EDGE('',*,*,#1660,.T.);
#2183=ORIENTED_EDGE('',*,*,#1665,.F.);
#2184=ORIENTED_EDGE('',*,*,#1666,.F.);
#2185=ORIENTED_EDGE('',*,*,#1658,.F.);
#2186=ORIENTED_EDGE('',*,*,#1659,.F.);
#2187=ORIENTED_EDGE('',*,*,#1666,.T.);
#2188=ORIENTED_EDGE('',*,*,#1667,.F.);
#2189=ORIENTED_EDGE('',*,*,#1655,.F.);
#2190=ORIENTED_EDGE('',*,*,#1657,.F.);
#2191=ORIENTED_EDGE('',*,*,#1664,.F.);
#2192=ORIENTED_EDGE('',*,*,#1668,.F.);
#2193=ORIENTED_EDGE('',*,*,#1661,.T.);
#2194=ORIENTED_EDGE('',*,*,#1649,.T.);
#2195=ORIENTED_EDGE('',*,*,#1656,.T.);
#2196=ORIENTED_EDGE('',*,*,#1667,.T.);
#2197=ORIENTED_EDGE('',*,*,#1665,.T.);
#2198=ORIENTED_EDGE('',*,*,#1669,.F.);
#2199=ORIENTED_EDGE('',*,*,#1670,.T.);
#2200=ORIENTED_EDGE('',*,*,#1671,.F.);
#2201=ORIENTED_EDGE('',*,*,#1672,.T.);
#2202=ORIENTED_EDGE('',*,*,#1673,.T.);
#2203=ORIENTED_EDGE('',*,*,#1674,.T.);
#2204=ORIENTED_EDGE('',*,*,#1675,.T.);
#2205=ORIENTED_EDGE('',*,*,#1676,.F.);
#2206=ORIENTED_EDGE('',*,*,#1677,.T.);
#2207=ORIENTED_EDGE('',*,*,#1678,.T.);
#2208=ORIENTED_EDGE('',*,*,#1679,.T.);
#2209=ORIENTED_EDGE('',*,*,#1674,.F.);
#2210=ORIENTED_EDGE('',*,*,#1499,.T.);
#2211=ORIENTED_EDGE('',*,*,#1502,.T.);
#2212=ORIENTED_EDGE('',*,*,#1680,.F.);
#2213=ORIENTED_EDGE('',*,*,#1681,.F.);
#2214=ORIENTED_EDGE('',*,*,#1682,.F.);
#2215=ORIENTED_EDGE('',*,*,#1670,.F.);
#2216=ORIENTED_EDGE('',*,*,#1673,.F.);
#2217=ORIENTED_EDGE('',*,*,#1672,.F.);
#2218=ORIENTED_EDGE('',*,*,#1683,.F.);
#2219=ORIENTED_EDGE('',*,*,#1684,.T.);
#2220=ORIENTED_EDGE('',*,*,#1680,.T.);
#2221=ORIENTED_EDGE('',*,*,#1685,.F.);
#2222=ORIENTED_EDGE('',*,*,#1686,.F.);
#2223=ORIENTED_EDGE('',*,*,#1678,.F.);
#2224=ORIENTED_EDGE('',*,*,#1679,.F.);
#2225=ORIENTED_EDGE('',*,*,#1686,.T.);
#2226=ORIENTED_EDGE('',*,*,#1687,.F.);
#2227=ORIENTED_EDGE('',*,*,#1675,.F.);
#2228=ORIENTED_EDGE('',*,*,#1677,.F.);
#2229=ORIENTED_EDGE('',*,*,#1684,.F.);
#2230=ORIENTED_EDGE('',*,*,#1688,.F.);
#2231=ORIENTED_EDGE('',*,*,#1681,.T.);
#2232=ORIENTED_EDGE('',*,*,#1669,.T.);
#2233=ORIENTED_EDGE('',*,*,#1676,.T.);
#2234=ORIENTED_EDGE('',*,*,#1687,.T.);
#2235=ORIENTED_EDGE('',*,*,#1685,.T.);
#2236=ORIENTED_EDGE('',*,*,#1497,.T.);
#2237=ORIENTED_EDGE('',*,*,#1500,.T.);
#2238=ORIENTED_EDGE('',*,*,#1689,.F.);
#2239=ORIENTED_EDGE('',*,*,#1690,.T.);
#2240=ORIENTED_EDGE('',*,*,#1691,.F.);
#2241=ORIENTED_EDGE('',*,*,#1692,.T.);
#2242=ORIENTED_EDGE('',*,*,#1693,.T.);
#2243=ORIENTED_EDGE('',*,*,#1694,.T.);
#2244=ORIENTED_EDGE('',*,*,#1695,.T.);
#2245=ORIENTED_EDGE('',*,*,#1696,.F.);
#2246=ORIENTED_EDGE('',*,*,#1697,.T.);
#2247=ORIENTED_EDGE('',*,*,#1698,.T.);
#2248=ORIENTED_EDGE('',*,*,#1699,.T.);
#2249=ORIENTED_EDGE('',*,*,#1694,.F.);
#2250=ORIENTED_EDGE('',*,*,#1700,.F.);
#2251=ORIENTED_EDGE('',*,*,#1701,.F.);
#2252=ORIENTED_EDGE('',*,*,#1702,.F.);
#2253=ORIENTED_EDGE('',*,*,#1690,.F.);
#2254=ORIENTED_EDGE('',*,*,#1693,.F.);
#2255=ORIENTED_EDGE('',*,*,#1692,.F.);
#2256=ORIENTED_EDGE('',*,*,#1703,.F.);
#2257=ORIENTED_EDGE('',*,*,#1704,.T.);
#2258=ORIENTED_EDGE('',*,*,#1700,.T.);
#2259=ORIENTED_EDGE('',*,*,#1705,.F.);
#2260=ORIENTED_EDGE('',*,*,#1706,.F.);
#2261=ORIENTED_EDGE('',*,*,#1698,.F.);
#2262=ORIENTED_EDGE('',*,*,#1699,.F.);
#2263=ORIENTED_EDGE('',*,*,#1706,.T.);
#2264=ORIENTED_EDGE('',*,*,#1707,.F.);
#2265=ORIENTED_EDGE('',*,*,#1695,.F.);
#2266=ORIENTED_EDGE('',*,*,#1697,.F.);
#2267=ORIENTED_EDGE('',*,*,#1704,.F.);
#2268=ORIENTED_EDGE('',*,*,#1708,.F.);
#2269=ORIENTED_EDGE('',*,*,#1701,.T.);
#2270=ORIENTED_EDGE('',*,*,#1689,.T.);
#2271=ORIENTED_EDGE('',*,*,#1696,.T.);
#2272=ORIENTED_EDGE('',*,*,#1707,.T.);
#2273=ORIENTED_EDGE('',*,*,#1705,.T.);
#2274=ORIENTED_EDGE('',*,*,#1563,.T.);
#2275=ORIENTED_EDGE('',*,*,#1709,.F.);
#2276=ORIENTED_EDGE('',*,*,#1710,.F.);
#2277=ORIENTED_EDGE('',*,*,#1711,.F.);
#2278=ORIENTED_EDGE('',*,*,#1583,.T.);
#2279=ORIENTED_EDGE('',*,*,#1712,.F.);
#2280=ORIENTED_EDGE('',*,*,#1713,.F.);
#2281=ORIENTED_EDGE('',*,*,#1714,.F.);
#2282=ORIENTED_EDGE('',*,*,#1603,.T.);
#2283=ORIENTED_EDGE('',*,*,#1715,.F.);
#2284=ORIENTED_EDGE('',*,*,#1716,.F.);
#2285=ORIENTED_EDGE('',*,*,#1717,.F.);
#2286=ORIENTED_EDGE('',*,*,#1623,.T.);
#2287=ORIENTED_EDGE('',*,*,#1718,.F.);
#2288=ORIENTED_EDGE('',*,*,#1719,.F.);
#2289=ORIENTED_EDGE('',*,*,#1720,.F.);
#2290=ORIENTED_EDGE('',*,*,#1643,.T.);
#2291=ORIENTED_EDGE('',*,*,#1721,.F.);
#2292=ORIENTED_EDGE('',*,*,#1722,.F.);
#2293=ORIENTED_EDGE('',*,*,#1723,.F.);
#2294=ORIENTED_EDGE('',*,*,#1663,.T.);
#2295=ORIENTED_EDGE('',*,*,#1724,.F.);
#2296=ORIENTED_EDGE('',*,*,#1725,.F.);
#2297=ORIENTED_EDGE('',*,*,#1726,.F.);
#2298=ORIENTED_EDGE('',*,*,#1683,.T.);
#2299=ORIENTED_EDGE('',*,*,#1727,.F.);
#2300=ORIENTED_EDGE('',*,*,#1728,.F.);
#2301=ORIENTED_EDGE('',*,*,#1729,.F.);
#2302=ORIENTED_EDGE('',*,*,#1703,.T.);
#2303=ORIENTED_EDGE('',*,*,#1730,.F.);
#2304=ORIENTED_EDGE('',*,*,#1731,.F.);
#2305=ORIENTED_EDGE('',*,*,#1732,.F.);
#2306=ORIENTED_EDGE('',*,*,#1562,.T.);
#2307=ORIENTED_EDGE('',*,*,#1733,.F.);
#2308=ORIENTED_EDGE('',*,*,#1722,.T.);
#2309=ORIENTED_EDGE('',*,*,#1734,.F.);
#2310=ORIENTED_EDGE('',*,*,#1733,.T.);
#2311=ORIENTED_EDGE('',*,*,#1568,.T.);
#2312=ORIENTED_EDGE('',*,*,#1711,.T.);
#2313=ORIENTED_EDGE('',*,*,#1735,.T.);
#2314=ORIENTED_EDGE('',*,*,#1708,.T.);
#2315=ORIENTED_EDGE('',*,*,#1732,.T.);
#2316=ORIENTED_EDGE('',*,*,#1736,.T.);
#2317=ORIENTED_EDGE('',*,*,#1588,.T.);
#2318=ORIENTED_EDGE('',*,*,#1714,.T.);
#2319=ORIENTED_EDGE('',*,*,#1737,.T.);
#2320=ORIENTED_EDGE('',*,*,#1688,.T.);
#2321=ORIENTED_EDGE('',*,*,#1729,.T.);
#2322=ORIENTED_EDGE('',*,*,#1738,.T.);
#2323=ORIENTED_EDGE('',*,*,#1608,.T.);
#2324=ORIENTED_EDGE('',*,*,#1717,.T.);
#2325=ORIENTED_EDGE('',*,*,#1739,.T.);
#2326=ORIENTED_EDGE('',*,*,#1668,.T.);
#2327=ORIENTED_EDGE('',*,*,#1726,.T.);
#2328=ORIENTED_EDGE('',*,*,#1740,.T.);
#2329=ORIENTED_EDGE('',*,*,#1628,.T.);
#2330=ORIENTED_EDGE('',*,*,#1720,.T.);
#2331=ORIENTED_EDGE('',*,*,#1741,.T.);
#2332=ORIENTED_EDGE('',*,*,#1648,.T.);
#2333=ORIENTED_EDGE('',*,*,#1723,.T.);
#2334=ORIENTED_EDGE('',*,*,#1509,.T.);
#2335=ORIENTED_EDGE('',*,*,#1514,.T.);
#2336=ORIENTED_EDGE('',*,*,#1519,.T.);
#2337=ORIENTED_EDGE('',*,*,#1524,.T.);
#2338=ORIENTED_EDGE('',*,*,#1529,.T.);
#2339=ORIENTED_EDGE('',*,*,#1534,.T.);
#2340=ORIENTED_EDGE('',*,*,#1539,.T.);
#2341=ORIENTED_EDGE('',*,*,#1544,.T.);
#2342=ORIENTED_EDGE('',*,*,#1491,.T.);
#2343=ORIENTED_EDGE('',*,*,#1496,.T.);
#2344=ORIENTED_EDGE('',*,*,#1493,.T.);
#2345=ORIENTED_EDGE('',*,*,#1482,.T.);
#2346=ORIENTED_EDGE('',*,*,#1702,.T.);
#2347=ORIENTED_EDGE('',*,*,#1735,.F.);
#2348=ORIENTED_EDGE('',*,*,#1710,.T.);
#2349=ORIENTED_EDGE('',*,*,#1742,.F.);
#2350=ORIENTED_EDGE('',*,*,#1582,.T.);
#2351=ORIENTED_EDGE('',*,*,#1736,.F.);
#2352=ORIENTED_EDGE('',*,*,#1731,.T.);
#2353=ORIENTED_EDGE('',*,*,#1743,.F.);
#2354=ORIENTED_EDGE('',*,*,#1682,.T.);
#2355=ORIENTED_EDGE('',*,*,#1737,.F.);
#2356=ORIENTED_EDGE('',*,*,#1713,.T.);
#2357=ORIENTED_EDGE('',*,*,#1744,.F.);
#2358=ORIENTED_EDGE('',*,*,#1602,.T.);
#2359=ORIENTED_EDGE('',*,*,#1738,.F.);
#2360=ORIENTED_EDGE('',*,*,#1728,.T.);
#2361=ORIENTED_EDGE('',*,*,#1745,.F.);
#2362=ORIENTED_EDGE('',*,*,#1662,.T.);
#2363=ORIENTED_EDGE('',*,*,#1739,.F.);
#2364=ORIENTED_EDGE('',*,*,#1716,.T.);
#2365=ORIENTED_EDGE('',*,*,#1746,.F.);
#2366=ORIENTED_EDGE('',*,*,#1622,.T.);
#2367=ORIENTED_EDGE('',*,*,#1740,.F.);
#2368=ORIENTED_EDGE('',*,*,#1725,.T.);
#2369=ORIENTED_EDGE('',*,*,#1747,.F.);
#2370=ORIENTED_EDGE('',*,*,#1642,.T.);
#2371=ORIENTED_EDGE('',*,*,#1741,.F.);
#2372=ORIENTED_EDGE('',*,*,#1719,.T.);
#2373=ORIENTED_EDGE('',*,*,#1748,.F.);
#2374=ORIENTED_EDGE('',*,*,#1709,.T.);
#2375=ORIENTED_EDGE('',*,*,#1551,.T.);
#2376=ORIENTED_EDGE('',*,*,#1734,.T.);
#2377=ORIENTED_EDGE('',*,*,#1721,.T.);
#2378=ORIENTED_EDGE('',*,*,#1631,.T.);
#2379=ORIENTED_EDGE('',*,*,#1748,.T.);
#2380=ORIENTED_EDGE('',*,*,#1718,.T.);
#2381=ORIENTED_EDGE('',*,*,#1611,.T.);
#2382=ORIENTED_EDGE('',*,*,#1747,.T.);
#2383=ORIENTED_EDGE('',*,*,#1724,.T.);
#2384=ORIENTED_EDGE('',*,*,#1651,.T.);
#2385=ORIENTED_EDGE('',*,*,#1746,.T.);
#2386=ORIENTED_EDGE('',*,*,#1715,.T.);
#2387=ORIENTED_EDGE('',*,*,#1591,.T.);
#2388=ORIENTED_EDGE('',*,*,#1745,.T.);
#2389=ORIENTED_EDGE('',*,*,#1727,.T.);
#2390=ORIENTED_EDGE('',*,*,#1671,.T.);
#2391=ORIENTED_EDGE('',*,*,#1744,.T.);
#2392=ORIENTED_EDGE('',*,*,#1712,.T.);
#2393=ORIENTED_EDGE('',*,*,#1571,.T.);
#2394=ORIENTED_EDGE('',*,*,#1743,.T.);
#2395=ORIENTED_EDGE('',*,*,#1730,.T.);
#2396=ORIENTED_EDGE('',*,*,#1691,.T.);
#2397=ORIENTED_EDGE('',*,*,#1742,.T.);
#2398=ORIENTED_EDGE('',*,*,#1513,.T.);
#2399=ORIENTED_EDGE('',*,*,#1518,.T.);
#2400=ORIENTED_EDGE('',*,*,#1523,.T.);
#2401=ORIENTED_EDGE('',*,*,#1528,.T.);
#2402=ORIENTED_EDGE('',*,*,#1533,.T.);
#2403=ORIENTED_EDGE('',*,*,#1538,.T.);
#2404=ORIENTED_EDGE('',*,*,#1543,.T.);
#2405=ORIENTED_EDGE('',*,*,#1548,.T.);
#2406=ORIENTED_EDGE('',*,*,#1749,.F.);
#2407=ORIENTED_EDGE('',*,*,#1750,.T.);
#2408=ORIENTED_EDGE('',*,*,#1751,.F.);
#2409=ORIENTED_EDGE('',*,*,#1750,.F.);
#2410=ORIENTED_EDGE('',*,*,#1752,.F.);
#2411=ORIENTED_EDGE('',*,*,#1753,.T.);
#2412=ORIENTED_EDGE('',*,*,#1754,.F.);
#2413=ORIENTED_EDGE('',*,*,#1753,.F.);
#2414=ORIENTED_EDGE('',*,*,#1754,.T.);
#2415=ORIENTED_EDGE('',*,*,#1751,.T.);
#2416=ORIENTED_EDGE('',*,*,#1752,.T.);
#2417=ORIENTED_EDGE('',*,*,#1749,.T.);
#2418=ORIENTED_EDGE('',*,*,#1755,.F.);
#2419=ORIENTED_EDGE('',*,*,#1756,.T.);
#2420=ORIENTED_EDGE('',*,*,#1757,.F.);
#2421=ORIENTED_EDGE('',*,*,#1756,.F.);
#2422=ORIENTED_EDGE('',*,*,#1758,.F.);
#2423=ORIENTED_EDGE('',*,*,#1759,.T.);
#2424=ORIENTED_EDGE('',*,*,#1760,.F.);
#2425=ORIENTED_EDGE('',*,*,#1759,.F.);
#2426=ORIENTED_EDGE('',*,*,#1761,.F.);
#2427=ORIENTED_EDGE('',*,*,#1762,.T.);
#2428=ORIENTED_EDGE('',*,*,#1763,.F.);
#2429=ORIENTED_EDGE('',*,*,#1762,.F.);
#2430=ORIENTED_EDGE('',*,*,#1764,.F.);
#2431=ORIENTED_EDGE('',*,*,#1765,.T.);
#2432=ORIENTED_EDGE('',*,*,#1766,.F.);
#2433=ORIENTED_EDGE('',*,*,#1767,.F.);
#2434=ORIENTED_EDGE('',*,*,#1757,.T.);
#2435=ORIENTED_EDGE('',*,*,#1760,.T.);
#2436=ORIENTED_EDGE('',*,*,#1763,.T.);
#2437=ORIENTED_EDGE('',*,*,#1768,.T.);
#2438=ORIENTED_EDGE('',*,*,#1766,.T.);
#2439=ORIENTED_EDGE('',*,*,#1769,.T.);
#2440=ORIENTED_EDGE('',*,*,#1770,.T.);
#2441=ORIENTED_EDGE('',*,*,#1764,.T.);
#2442=ORIENTED_EDGE('',*,*,#1771,.T.);
#2443=ORIENTED_EDGE('',*,*,#1772,.T.);
#2444=ORIENTED_EDGE('',*,*,#1773,.T.);
#2445=ORIENTED_EDGE('',*,*,#1774,.F.);
#2446=ORIENTED_EDGE('',*,*,#1775,.T.);
#2447=ORIENTED_EDGE('',*,*,#1770,.F.);
#2448=ORIENTED_EDGE('',*,*,#1776,.F.);
#2449=ORIENTED_EDGE('',*,*,#1755,.T.);
#2450=ORIENTED_EDGE('',*,*,#1758,.T.);
#2451=ORIENTED_EDGE('',*,*,#1761,.T.);
#2452=ORIENTED_EDGE('',*,*,#1777,.F.);
#2453=ORIENTED_EDGE('',*,*,#1776,.T.);
#2454=ORIENTED_EDGE('',*,*,#1769,.F.);
#2455=ORIENTED_EDGE('',*,*,#1765,.F.);
#2456=ORIENTED_EDGE('',*,*,#1773,.F.);
#2457=ORIENTED_EDGE('',*,*,#1778,.F.);
#2458=ORIENTED_EDGE('',*,*,#1779,.F.);
#2459=ORIENTED_EDGE('',*,*,#1778,.T.);
#2460=ORIENTED_EDGE('',*,*,#1772,.F.);
#2461=ORIENTED_EDGE('',*,*,#1780,.F.);
#2462=ORIENTED_EDGE('',*,*,#1781,.F.);
#2463=ORIENTED_EDGE('',*,*,#1780,.T.);
#2464=ORIENTED_EDGE('',*,*,#1771,.F.);
#2465=ORIENTED_EDGE('',*,*,#1767,.T.);
#2466=ORIENTED_EDGE('',*,*,#1768,.F.);
#2467=ORIENTED_EDGE('',*,*,#1775,.F.);
#2468=ORIENTED_EDGE('',*,*,#1781,.T.);
#2469=ORIENTED_EDGE('',*,*,#1774,.T.);
#2470=ORIENTED_EDGE('',*,*,#1777,.T.);
#2471=ORIENTED_EDGE('',*,*,#1779,.T.);
#2472=ORIENTED_EDGE('',*,*,#1782,.F.);
#2473=ORIENTED_EDGE('',*,*,#1783,.T.);
#2474=ORIENTED_EDGE('',*,*,#1784,.F.);
#2475=ORIENTED_EDGE('',*,*,#1783,.F.);
#2476=ORIENTED_EDGE('',*,*,#1785,.F.);
#2477=ORIENTED_EDGE('',*,*,#1786,.T.);
#2478=ORIENTED_EDGE('',*,*,#1787,.F.);
#2479=ORIENTED_EDGE('',*,*,#1786,.F.);
#2480=ORIENTED_EDGE('',*,*,#1787,.T.);
#2481=ORIENTED_EDGE('',*,*,#1784,.T.);
#2482=ORIENTED_EDGE('',*,*,#1785,.T.);
#2483=ORIENTED_EDGE('',*,*,#1782,.T.);
#2484=ORIENTED_EDGE('',*,*,#1788,.F.);
#2485=ORIENTED_EDGE('',*,*,#1789,.T.);
#2486=ORIENTED_EDGE('',*,*,#1790,.F.);
#2487=ORIENTED_EDGE('',*,*,#1789,.F.);
#2488=ORIENTED_EDGE('',*,*,#1791,.F.);
#2489=ORIENTED_EDGE('',*,*,#1792,.T.);
#2490=ORIENTED_EDGE('',*,*,#1793,.F.);
#2491=ORIENTED_EDGE('',*,*,#1792,.F.);
#2492=ORIENTED_EDGE('',*,*,#1794,.F.);
#2493=ORIENTED_EDGE('',*,*,#1795,.T.);
#2494=ORIENTED_EDGE('',*,*,#1796,.F.);
#2495=ORIENTED_EDGE('',*,*,#1795,.F.);
#2496=ORIENTED_EDGE('',*,*,#1797,.F.);
#2497=ORIENTED_EDGE('',*,*,#1798,.T.);
#2498=ORIENTED_EDGE('',*,*,#1799,.F.);
#2499=ORIENTED_EDGE('',*,*,#1800,.F.);
#2500=ORIENTED_EDGE('',*,*,#1790,.T.);
#2501=ORIENTED_EDGE('',*,*,#1793,.T.);
#2502=ORIENTED_EDGE('',*,*,#1796,.T.);
#2503=ORIENTED_EDGE('',*,*,#1801,.T.);
#2504=ORIENTED_EDGE('',*,*,#1799,.T.);
#2505=ORIENTED_EDGE('',*,*,#1802,.T.);
#2506=ORIENTED_EDGE('',*,*,#1803,.T.);
#2507=ORIENTED_EDGE('',*,*,#1797,.T.);
#2508=ORIENTED_EDGE('',*,*,#1804,.T.);
#2509=ORIENTED_EDGE('',*,*,#1805,.T.);
#2510=ORIENTED_EDGE('',*,*,#1806,.T.);
#2511=ORIENTED_EDGE('',*,*,#1807,.F.);
#2512=ORIENTED_EDGE('',*,*,#1808,.T.);
#2513=ORIENTED_EDGE('',*,*,#1803,.F.);
#2514=ORIENTED_EDGE('',*,*,#1809,.F.);
#2515=ORIENTED_EDGE('',*,*,#1788,.T.);
#2516=ORIENTED_EDGE('',*,*,#1791,.T.);
#2517=ORIENTED_EDGE('',*,*,#1794,.T.);
#2518=ORIENTED_EDGE('',*,*,#1810,.F.);
#2519=ORIENTED_EDGE('',*,*,#1809,.T.);
#2520=ORIENTED_EDGE('',*,*,#1802,.F.);
#2521=ORIENTED_EDGE('',*,*,#1798,.F.);
#2522=ORIENTED_EDGE('',*,*,#1806,.F.);
#2523=ORIENTED_EDGE('',*,*,#1811,.F.);
#2524=ORIENTED_EDGE('',*,*,#1812,.F.);
#2525=ORIENTED_EDGE('',*,*,#1811,.T.);
#2526=ORIENTED_EDGE('',*,*,#1805,.F.);
#2527=ORIENTED_EDGE('',*,*,#1813,.F.);
#2528=ORIENTED_EDGE('',*,*,#1814,.F.);
#2529=ORIENTED_EDGE('',*,*,#1813,.T.);
#2530=ORIENTED_EDGE('',*,*,#1804,.F.);
#2531=ORIENTED_EDGE('',*,*,#1800,.T.);
#2532=ORIENTED_EDGE('',*,*,#1801,.F.);
#2533=ORIENTED_EDGE('',*,*,#1808,.F.);
#2534=ORIENTED_EDGE('',*,*,#1814,.T.);
#2535=ORIENTED_EDGE('',*,*,#1807,.T.);
#2536=ORIENTED_EDGE('',*,*,#1810,.T.);
#2537=ORIENTED_EDGE('',*,*,#1812,.T.);
#2538=ORIENTED_EDGE('',*,*,#1815,.F.);
#2539=ORIENTED_EDGE('',*,*,#1816,.T.);
#2540=ORIENTED_EDGE('',*,*,#1817,.F.);
#2541=ORIENTED_EDGE('',*,*,#1816,.F.);
#2542=ORIENTED_EDGE('',*,*,#1818,.F.);
#2543=ORIENTED_EDGE('',*,*,#1819,.T.);
#2544=ORIENTED_EDGE('',*,*,#1820,.F.);
#2545=ORIENTED_EDGE('',*,*,#1819,.F.);
#2546=ORIENTED_EDGE('',*,*,#1820,.T.);
#2547=ORIENTED_EDGE('',*,*,#1817,.T.);
#2548=ORIENTED_EDGE('',*,*,#1818,.T.);
#2549=ORIENTED_EDGE('',*,*,#1815,.T.);
#2550=ORIENTED_EDGE('',*,*,#1821,.F.);
#2551=ORIENTED_EDGE('',*,*,#1822,.T.);
#2552=ORIENTED_EDGE('',*,*,#1823,.F.);
#2553=ORIENTED_EDGE('',*,*,#1822,.F.);
#2554=ORIENTED_EDGE('',*,*,#1824,.F.);
#2555=ORIENTED_EDGE('',*,*,#1825,.T.);
#2556=ORIENTED_EDGE('',*,*,#1826,.F.);
#2557=ORIENTED_EDGE('',*,*,#1825,.F.);
#2558=ORIENTED_EDGE('',*,*,#1827,.F.);
#2559=ORIENTED_EDGE('',*,*,#1828,.T.);
#2560=ORIENTED_EDGE('',*,*,#1829,.F.);
#2561=ORIENTED_EDGE('',*,*,#1828,.F.);
#2562=ORIENTED_EDGE('',*,*,#1830,.F.);
#2563=ORIENTED_EDGE('',*,*,#1831,.T.);
#2564=ORIENTED_EDGE('',*,*,#1832,.F.);
#2565=ORIENTED_EDGE('',*,*,#1833,.F.);
#2566=ORIENTED_EDGE('',*,*,#1823,.T.);
#2567=ORIENTED_EDGE('',*,*,#1826,.T.);
#2568=ORIENTED_EDGE('',*,*,#1829,.T.);
#2569=ORIENTED_EDGE('',*,*,#1834,.T.);
#2570=ORIENTED_EDGE('',*,*,#1832,.T.);
#2571=ORIENTED_EDGE('',*,*,#1835,.T.);
#2572=ORIENTED_EDGE('',*,*,#1836,.T.);
#2573=ORIENTED_EDGE('',*,*,#1830,.T.);
#2574=ORIENTED_EDGE('',*,*,#1837,.T.);
#2575=ORIENTED_EDGE('',*,*,#1838,.T.);
#2576=ORIENTED_EDGE('',*,*,#1839,.T.);
#2577=ORIENTED_EDGE('',*,*,#1840,.F.);
#2578=ORIENTED_EDGE('',*,*,#1841,.T.);
#2579=ORIENTED_EDGE('',*,*,#1836,.F.);
#2580=ORIENTED_EDGE('',*,*,#1842,.F.);
#2581=ORIENTED_EDGE('',*,*,#1821,.T.);
#2582=ORIENTED_EDGE('',*,*,#1824,.T.);
#2583=ORIENTED_EDGE('',*,*,#1827,.T.);
#2584=ORIENTED_EDGE('',*,*,#1843,.F.);
#2585=ORIENTED_EDGE('',*,*,#1842,.T.);
#2586=ORIENTED_EDGE('',*,*,#1835,.F.);
#2587=ORIENTED_EDGE('',*,*,#1831,.F.);
#2588=ORIENTED_EDGE('',*,*,#1839,.F.);
#2589=ORIENTED_EDGE('',*,*,#1844,.F.);
#2590=ORIENTED_EDGE('',*,*,#1845,.F.);
#2591=ORIENTED_EDGE('',*,*,#1844,.T.);
#2592=ORIENTED_EDGE('',*,*,#1838,.F.);
#2593=ORIENTED_EDGE('',*,*,#1846,.F.);
#2594=ORIENTED_EDGE('',*,*,#1847,.F.);
#2595=ORIENTED_EDGE('',*,*,#1846,.T.);
#2596=ORIENTED_EDGE('',*,*,#1837,.F.);
#2597=ORIENTED_EDGE('',*,*,#1833,.T.);
#2598=ORIENTED_EDGE('',*,*,#1834,.F.);
#2599=ORIENTED_EDGE('',*,*,#1841,.F.);
#2600=ORIENTED_EDGE('',*,*,#1847,.T.);
#2601=ORIENTED_EDGE('',*,*,#1840,.T.);
#2602=ORIENTED_EDGE('',*,*,#1843,.T.);
#2603=ORIENTED_EDGE('',*,*,#1845,.T.);
#2604=CYLINDRICAL_SURFACE('',#2835,3.225);
#2605=CYLINDRICAL_SURFACE('',#2838,1.95);
#2606=CYLINDRICAL_SURFACE('',#2841,1.95);
#2607=CYLINDRICAL_SURFACE('',#2851,11.814888229925);
#2608=CYLINDRICAL_SURFACE('',#2854,11.814888229925);
#2609=CYLINDRICAL_SURFACE('',#2857,11.75);
#2610=CYLINDRICAL_SURFACE('',#2860,11.75);
#2611=CYLINDRICAL_SURFACE('',#2866,1.6);
#2612=CYLINDRICAL_SURFACE('',#2871,1.6);
#2613=CYLINDRICAL_SURFACE('',#2876,1.6);
#2614=CYLINDRICAL_SURFACE('',#2881,1.6);
#2615=CYLINDRICAL_SURFACE('',#2886,1.6);
#2616=CYLINDRICAL_SURFACE('',#2891,1.6);
#2617=CYLINDRICAL_SURFACE('',#2896,1.6);
#2618=CYLINDRICAL_SURFACE('',#2901,1.6);
#2619=CYLINDRICAL_SURFACE('',#2903,3.99999999999997);
#2620=CYLINDRICAL_SURFACE('',#2914,2.00000000000002);
#2621=CYLINDRICAL_SURFACE('',#2916,4.00000000000001);
#2622=CYLINDRICAL_SURFACE('',#2927,1.99999999999996);
#2623=CYLINDRICAL_SURFACE('',#2929,3.99999999999997);
#2624=CYLINDRICAL_SURFACE('',#2940,2.);
#2625=CYLINDRICAL_SURFACE('',#2942,4.00000000000008);
#2626=CYLINDRICAL_SURFACE('',#2953,2.00000000000005);
#2627=CYLINDRICAL_SURFACE('',#2955,3.99999999999997);
#2628=CYLINDRICAL_SURFACE('',#2966,1.99999999999998);
#2629=CYLINDRICAL_SURFACE('',#2968,3.99999999999997);
#2630=CYLINDRICAL_SURFACE('',#2979,1.99999999999998);
#2631=CYLINDRICAL_SURFACE('',#2981,3.99999999999995);
#2632=CYLINDRICAL_SURFACE('',#2992,1.99999999999999);
#2633=CYLINDRICAL_SURFACE('',#2994,3.99999999999997);
#2634=CYLINDRICAL_SURFACE('',#3005,1.99999999999998);
#2635=CYLINDRICAL_SURFACE('',#3025,3.185);
#2636=CYLINDRICAL_SURFACE('',#3028,12.192);
#2637=CYLINDRICAL_SURFACE('',#3033,3.37976334142548);
#2638=CYLINDRICAL_SURFACE('',#3036,1.975);
#2639=CYLINDRICAL_SURFACE('',#3039,1.975);
#2640=CYLINDRICAL_SURFACE('',#3050,3.17500000000001);
#2641=CYLINDRICAL_SURFACE('',#3053,12.192);
#2642=CYLINDRICAL_SURFACE('',#3058,3.37976334142548);
#2643=CYLINDRICAL_SURFACE('',#3061,1.975);
#2644=CYLINDRICAL_SURFACE('',#3064,1.975);
#2645=CYLINDRICAL_SURFACE('',#3075,3.185);
#2646=CYLINDRICAL_SURFACE('',#3078,12.192);
#2647=CYLINDRICAL_SURFACE('',#3083,3.37976334142548);
#2648=CYLINDRICAL_SURFACE('',#3086,1.975);
#2649=CYLINDRICAL_SURFACE('',#3089,1.975);
#2650=ADVANCED_FACE('',(#201),#2604,.F.);
#2651=ADVANCED_FACE('',(#202),#2605,.F.);
#2652=ADVANCED_FACE('',(#203),#2606,.F.);
#2653=ADVANCED_FACE('',(#204,#35,#36,#37),#90,.T.);
#2654=ADVANCED_FACE('',(#205,#38,#39,#40),#91,.T.);
#2655=ADVANCED_FACE('',(#206),#92,.T.);
#2656=ADVANCED_FACE('',(#207),#93,.T.);
#2657=ADVANCED_FACE('',(#208),#94,.T.);
#2658=ADVANCED_FACE('',(#209),#95,.T.);
#2659=ADVANCED_FACE('',(#210),#96,.T.);
#2660=ADVANCED_FACE('',(#211),#2607,.F.);
#2661=ADVANCED_FACE('',(#212),#2608,.F.);
#2662=ADVANCED_FACE('',(#213),#2609,.F.);
#2663=ADVANCED_FACE('',(#214),#2610,.F.);
#2664=ADVANCED_FACE('',(#215),#27,.F.);
#2665=ADVANCED_FACE('',(#216),#2611,.F.);
#2666=ADVANCED_FACE('',(#217),#28,.F.);
#2667=ADVANCED_FACE('',(#218),#2612,.F.);
#2668=ADVANCED_FACE('',(#219),#29,.F.);
#2669=ADVANCED_FACE('',(#220),#2613,.F.);
#2670=ADVANCED_FACE('',(#221),#30,.F.);
#2671=ADVANCED_FACE('',(#222),#2614,.F.);
#2672=ADVANCED_FACE('',(#223),#31,.F.);
#2673=ADVANCED_FACE('',(#224),#2615,.F.);
#2674=ADVANCED_FACE('',(#225),#32,.F.);
#2675=ADVANCED_FACE('',(#226),#2616,.F.);
#2676=ADVANCED_FACE('',(#227),#33,.F.);
#2677=ADVANCED_FACE('',(#228),#2617,.F.);
#2678=ADVANCED_FACE('',(#229),#34,.F.);
#2679=ADVANCED_FACE('',(#230),#2618,.F.);
#2680=ADVANCED_FACE('',(#231),#2619,.T.);
#2681=ADVANCED_FACE('',(#232),#97,.T.);
#2682=ADVANCED_FACE('',(#233),#98,.T.);
#2683=ADVANCED_FACE('',(#234),#99,.T.);
#2684=ADVANCED_FACE('',(#235),#100,.T.);
#2685=ADVANCED_FACE('',(#236),#101,.T.);
#2686=ADVANCED_FACE('',(#237),#102,.T.);
#2687=ADVANCED_FACE('',(#238),#2620,.F.);
#2688=ADVANCED_FACE('',(#239),#103,.T.);
#2689=ADVANCED_FACE('',(#240),#2621,.T.);
#2690=ADVANCED_FACE('',(#241),#104,.T.);
#2691=ADVANCED_FACE('',(#242),#105,.T.);
#2692=ADVANCED_FACE('',(#243),#106,.T.);
#2693=ADVANCED_FACE('',(#244),#107,.T.);
#2694=ADVANCED_FACE('',(#245),#108,.T.);
#2695=ADVANCED_FACE('',(#246),#109,.T.);
#2696=ADVANCED_FACE('',(#247),#2622,.F.);
#2697=ADVANCED_FACE('',(#248),#110,.T.);
#2698=ADVANCED_FACE('',(#249),#2623,.T.);
#2699=ADVANCED_FACE('',(#250),#111,.T.);
#2700=ADVANCED_FACE('',(#251),#112,.T.);
#2701=ADVANCED_FACE('',(#252),#113,.T.);
#2702=ADVANCED_FACE('',(#253),#114,.T.);
#2703=ADVANCED_FACE('',(#254),#115,.T.);
#2704=ADVANCED_FACE('',(#255),#116,.T.);
#2705=ADVANCED_FACE('',(#256),#2624,.F.);
#2706=ADVANCED_FACE('',(#257),#117,.T.);
#2707=ADVANCED_FACE('',(#258),#2625,.T.);
#2708=ADVANCED_FACE('',(#259),#118,.T.);
#2709=ADVANCED_FACE('',(#260),#119,.T.);
#2710=ADVANCED_FACE('',(#261),#120,.T.);
#2711=ADVANCED_FACE('',(#262),#121,.T.);
#2712=ADVANCED_FACE('',(#263),#122,.T.);
#2713=ADVANCED_FACE('',(#264),#123,.T.);
#2714=ADVANCED_FACE('',(#265),#2626,.F.);
#2715=ADVANCED_FACE('',(#266),#124,.T.);
#2716=ADVANCED_FACE('',(#267),#2627,.T.);
#2717=ADVANCED_FACE('',(#268),#125,.T.);
#2718=ADVANCED_FACE('',(#269,#41,#42),#126,.T.);
#2719=ADVANCED_FACE('',(#270),#127,.T.);
#2720=ADVANCED_FACE('',(#271),#128,.T.);
#2721=ADVANCED_FACE('',(#272),#129,.T.);
#2722=ADVANCED_FACE('',(#273),#130,.T.);
#2723=ADVANCED_FACE('',(#274),#2628,.F.);
#2724=ADVANCED_FACE('',(#275,#43,#44),#131,.T.);
#2725=ADVANCED_FACE('',(#276),#2629,.T.);
#2726=ADVANCED_FACE('',(#277),#132,.T.);
#2727=ADVANCED_FACE('',(#278),#133,.T.);
#2728=ADVANCED_FACE('',(#279),#134,.T.);
#2729=ADVANCED_FACE('',(#280),#135,.T.);
#2730=ADVANCED_FACE('',(#281),#136,.T.);
#2731=ADVANCED_FACE('',(#282),#137,.T.);
#2732=ADVANCED_FACE('',(#283),#2630,.F.);
#2733=ADVANCED_FACE('',(#284),#138,.T.);
#2734=ADVANCED_FACE('',(#285),#2631,.T.);
#2735=ADVANCED_FACE('',(#286),#139,.T.);
#2736=ADVANCED_FACE('',(#287,#45,#46),#140,.T.);
#2737=ADVANCED_FACE('',(#288),#141,.T.);
#2738=ADVANCED_FACE('',(#289),#142,.T.);
#2739=ADVANCED_FACE('',(#290),#143,.T.);
#2740=ADVANCED_FACE('',(#291),#144,.T.);
#2741=ADVANCED_FACE('',(#292),#2632,.F.);
#2742=ADVANCED_FACE('',(#293,#47,#48),#145,.T.);
#2743=ADVANCED_FACE('',(#294),#2633,.T.);
#2744=ADVANCED_FACE('',(#295),#146,.T.);
#2745=ADVANCED_FACE('',(#296),#147,.T.);
#2746=ADVANCED_FACE('',(#297),#148,.T.);
#2747=ADVANCED_FACE('',(#298),#149,.T.);
#2748=ADVANCED_FACE('',(#299),#150,.T.);
#2749=ADVANCED_FACE('',(#300),#151,.T.);
#2750=ADVANCED_FACE('',(#301),#2634,.F.);
#2751=ADVANCED_FACE('',(#302),#152,.T.);
#2752=ADVANCED_FACE('',(#303),#153,.F.);
#2753=ADVANCED_FACE('',(#304),#154,.F.);
#2754=ADVANCED_FACE('',(#305),#155,.F.);
#2755=ADVANCED_FACE('',(#306),#156,.F.);
#2756=ADVANCED_FACE('',(#307),#157,.F.);
#2757=ADVANCED_FACE('',(#308),#158,.F.);
#2758=ADVANCED_FACE('',(#309),#159,.F.);
#2759=ADVANCED_FACE('',(#310),#160,.F.);
#2760=ADVANCED_FACE('',(#311),#161,.F.);
#2761=ADVANCED_FACE('',(#312,#49,#50,#51,#52,#53,#54,#55,#56,#57),#162,
 .T.);
#2762=ADVANCED_FACE('',(#313),#163,.F.);
#2763=ADVANCED_FACE('',(#314),#164,.F.);
#2764=ADVANCED_FACE('',(#315),#165,.F.);
#2765=ADVANCED_FACE('',(#316),#166,.F.);
#2766=ADVANCED_FACE('',(#317),#167,.F.);
#2767=ADVANCED_FACE('',(#318),#168,.F.);
#2768=ADVANCED_FACE('',(#319),#169,.F.);
#2769=ADVANCED_FACE('',(#320,#58,#59,#60,#61,#62,#63,#64,#65),#170,.F.);
#2770=ADVANCED_FACE('',(#321),#2635,.F.);
#2771=ADVANCED_FACE('',(#322),#2636,.T.);
#2772=ADVANCED_FACE('',(#323,#66),#171,.T.);
#2773=ADVANCED_FACE('',(#324,#67),#172,.F.);
#2774=ADVANCED_FACE('',(#325),#2637,.F.);
#2775=ADVANCED_FACE('',(#326),#2638,.F.);
#2776=ADVANCED_FACE('',(#327),#2639,.F.);
#2777=ADVANCED_FACE('',(#328,#68,#69,#70),#173,.T.);
#2778=ADVANCED_FACE('',(#329),#174,.T.);
#2779=ADVANCED_FACE('',(#330),#175,.T.);
#2780=ADVANCED_FACE('',(#331,#71,#72,#73),#176,.T.);
#2781=ADVANCED_FACE('',(#332),#177,.T.);
#2782=ADVANCED_FACE('',(#333),#178,.T.);
#2783=ADVANCED_FACE('',(#334),#179,.T.);
#2784=ADVANCED_FACE('',(#335),#180,.F.);
#2785=ADVANCED_FACE('',(#336),#2640,.F.);
#2786=ADVANCED_FACE('',(#337),#2641,.T.);
#2787=ADVANCED_FACE('',(#338,#74),#181,.T.);
#2788=ADVANCED_FACE('',(#339,#75),#182,.F.);
#2789=ADVANCED_FACE('',(#340),#2642,.F.);
#2790=ADVANCED_FACE('',(#341),#2643,.F.);
#2791=ADVANCED_FACE('',(#342),#2644,.F.);
#2792=ADVANCED_FACE('',(#343,#76,#77,#78),#183,.T.);
#2793=ADVANCED_FACE('',(#344),#184,.T.);
#2794=ADVANCED_FACE('',(#345),#185,.T.);
#2795=ADVANCED_FACE('',(#346,#79,#80,#81),#186,.T.);
#2796=ADVANCED_FACE('',(#347),#187,.T.);
#2797=ADVANCED_FACE('',(#348),#188,.T.);
#2798=ADVANCED_FACE('',(#349),#189,.T.);
#2799=ADVANCED_FACE('',(#350),#190,.F.);
#2800=ADVANCED_FACE('',(#351),#2645,.F.);
#2801=ADVANCED_FACE('',(#352),#2646,.T.);
#2802=ADVANCED_FACE('',(#353,#82),#191,.T.);
#2803=ADVANCED_FACE('',(#354,#83),#192,.F.);
#2804=ADVANCED_FACE('',(#355),#2647,.F.);
#2805=ADVANCED_FACE('',(#356),#2648,.F.);
#2806=ADVANCED_FACE('',(#357),#2649,.F.);
#2807=ADVANCED_FACE('',(#358,#84,#85,#86),#193,.T.);
#2808=ADVANCED_FACE('',(#359),#194,.T.);
#2809=ADVANCED_FACE('',(#360),#195,.T.);
#2810=ADVANCED_FACE('',(#361,#87,#88,#89),#196,.T.);
#2811=ADVANCED_FACE('',(#362),#197,.T.);
#2812=ADVANCED_FACE('',(#363),#198,.T.);
#2813=ADVANCED_FACE('',(#364),#199,.T.);
#2814=ADVANCED_FACE('',(#365),#200,.F.);
#2815=CLOSED_SHELL('',(#2650,#2651,#2652,#2653,#2654,#2655,#2656,#2657,
#2658,#2659,#2660,#2661,#2662,#2663,#2664,#2665,#2666,#2667,#2668,#2669,
#2670,#2671,#2672,#2673,#2674,#2675,#2676,#2677,#2678,#2679,#2680,#2681,
#2682,#2683,#2684,#2685,#2686,#2687,#2688,#2689,#2690,#2691,#2692,#2693,
#2694,#2695,#2696,#2697,#2698,#2699,#2700,#2701,#2702,#2703,#2704,#2705,
#2706,#2707,#2708,#2709,#2710,#2711,#2712,#2713,#2714,#2715,#2716,#2717,
#2718,#2719,#2720,#2721,#2722,#2723,#2724,#2725,#2726,#2727,#2728,#2729,
#2730,#2731,#2732,#2733,#2734,#2735,#2736,#2737,#2738,#2739,#2740,#2741,
#2742,#2743,#2744,#2745,#2746,#2747,#2748,#2749,#2750,#2751,#2752,#2753,
#2754,#2755,#2756,#2757,#2758,#2759,#2760,#2761,#2762,#2763,#2764,#2765,
#2766,#2767,#2768,#2769));
#2816=CLOSED_SHELL('',(#2770,#2771,#2772,#2773));
#2817=CLOSED_SHELL('',(#2774,#2775,#2776,#2777,#2778,#2779,#2780,#2781,
#2782,#2783,#2784));
#2818=CLOSED_SHELL('',(#2785,#2786,#2787,#2788));
#2819=CLOSED_SHELL('',(#2789,#2790,#2791,#2792,#2793,#2794,#2795,#2796,
#2797,#2798,#2799));
#2820=CLOSED_SHELL('',(#2800,#2801,#2802,#2803));
#2821=CLOSED_SHELL('',(#2804,#2805,#2806,#2807,#2808,#2809,#2810,#2811,
#2812,#2813,#2814));
#2822=DERIVED_UNIT_ELEMENT(#2824,1.);
#2823=DERIVED_UNIT_ELEMENT(#4687,-3.);
#2824=(
MASS_UNIT()
NAMED_UNIT(*)
SI_UNIT(.KILO.,.GRAM.)
);
#2825=DERIVED_UNIT((#2822,#2823));
#2826=MEASURE_REPRESENTATION_ITEM('density measure',
POSITIVE_RATIO_MEASURE(7850.),#2825);
#2827=PROPERTY_DEFINITION_REPRESENTATION(#2832,#2829);
#2828=PROPERTY_DEFINITION_REPRESENTATION(#2833,#2830);
#2829=REPRESENTATION('material name',(#2831),#4684);
#2830=REPRESENTATION('density',(#2826),#4684);
#2831=DESCRIPTIVE_REPRESENTATION_ITEM('Steel','Steel');
#2832=PROPERTY_DEFINITION('material property','material name',#4694);
#2833=PROPERTY_DEFINITION('material property','density of part',#4694);
#2834=AXIS2_PLACEMENT_3D('',#3910,#3100,#3101);
#2835=AXIS2_PLACEMENT_3D('',#3911,#3102,#3103);
#2836=AXIS2_PLACEMENT_3D('',#3913,#3104,#3105);
#2837=AXIS2_PLACEMENT_3D('',#3916,#3107,#3108);
#2838=AXIS2_PLACEMENT_3D('',#3917,#3109,#3110);
#2839=AXIS2_PLACEMENT_3D('',#3919,#3111,#3112);
#2840=AXIS2_PLACEMENT_3D('',#3922,#3114,#3115);
#2841=AXIS2_PLACEMENT_3D('',#3923,#3116,#3117);
#2842=AXIS2_PLACEMENT_3D('',#3925,#3118,#3119);
#2843=AXIS2_PLACEMENT_3D('',#3928,#3121,#3122);
#2844=AXIS2_PLACEMENT_3D('',#3929,#3123,#3124);
#2845=AXIS2_PLACEMENT_3D('',#3938,#3129,#3130);
#2846=AXIS2_PLACEMENT_3D('',#3947,#3135,#3136);
#2847=AXIS2_PLACEMENT_3D('',#3950,#3139,#3140);
#2848=AXIS2_PLACEMENT_3D('',#3956,#3144,#3145);
#2849=AXIS2_PLACEMENT_3D('',#3962,#3149,#3150);
#2850=AXIS2_PLACEMENT_3D('',#3965,#3153,#3154);
#2851=AXIS2_PLACEMENT_3D('',#3966,#3155,#3156);
#2852=AXIS2_PLACEMENT_3D('',#3968,#3157,#3158);
#2853=AXIS2_PLACEMENT_3D('',#3971,#3160,#3161);
#2854=AXIS2_PLACEMENT_3D('',#3972,#3162,#3163);
#2855=AXIS2_PLACEMENT_3D('',#3974,#3164,#3165);
#2856=AXIS2_PLACEMENT_3D('',#3977,#3167,#3168);
#2857=AXIS2_PLACEMENT_3D('',#3978,#3169,#3170);
#2858=AXIS2_PLACEMENT_3D('',#3980,#3171,#3172);
#2859=AXIS2_PLACEMENT_3D('',#3983,#3174,#3175);
#2860=AXIS2_PLACEMENT_3D('',#3984,#3176,#3177);
#2861=AXIS2_PLACEMENT_3D('',#3986,#3178,#3179);
#2862=AXIS2_PLACEMENT_3D('',#3989,#3181,#3182);
#2863=AXIS2_PLACEMENT_3D('',#3990,#3183,#3184);
#2864=AXIS2_PLACEMENT_3D('',#3992,#3185,#3186);
#2865=AXIS2_PLACEMENT_3D('',#3995,#3188,#3189);
#2866=AXIS2_PLACEMENT_3D('',#3996,#3190,#3191);
#2867=AXIS2_PLACEMENT_3D('',#3999,#3193,#3194);
#2868=AXIS2_PLACEMENT_3D('',#4000,#3195,#3196);
#2869=AXIS2_PLACEMENT_3D('',#4002,#3197,#3198);
#2870=AXIS2_PLACEMENT_3D('',#4005,#3200,#3201);
#2871=AXIS2_PLACEMENT_3D('',#4006,#3202,#3203);
#2872=AXIS2_PLACEMENT_3D('',#4009,#3205,#3206);
#2873=AXIS2_PLACEMENT_3D('',#4010,#3207,#3208);
#2874=AXIS2_PLACEMENT_3D('',#4012,#3209,#3210);
#2875=AXIS2_PLACEMENT_3D('',#4015,#3212,#3213);
#2876=AXIS2_PLACEMENT_3D('',#4016,#3214,#3215);
#2877=AXIS2_PLACEMENT_3D('',#4019,#3217,#3218);
#2878=AXIS2_PLACEMENT_3D('',#4020,#3219,#3220);
#2879=AXIS2_PLACEMENT_3D('',#4022,#3221,#3222);
#2880=AXIS2_PLACEMENT_3D('',#4025,#3224,#3225);
#2881=AXIS2_PLACEMENT_3D('',#4026,#3226,#3227);
#2882=AXIS2_PLACEMENT_3D('',#4029,#3229,#3230);
#2883=AXIS2_PLACEMENT_3D('',#4030,#3231,#3232);
#2884=AXIS2_PLACEMENT_3D('',#4032,#3233,#3234);
#2885=AXIS2_PLACEMENT_3D('',#4035,#3236,#3237);
#2886=AXIS2_PLACEMENT_3D('',#4036,#3238,#3239);
#2887=AXIS2_PLACEMENT_3D('',#4039,#3241,#3242);
#2888=AXIS2_PLACEMENT_3D('',#4040,#3243,#3244);
#2889=AXIS2_PLACEMENT_3D('',#4042,#3245,#3246);
#2890=AXIS2_PLACEMENT_3D('',#4045,#3248,#3249);
#2891=AXIS2_PLACEMENT_3D('',#4046,#3250,#3251);
#2892=AXIS2_PLACEMENT_3D('',#4049,#3253,#3254);
#2893=AXIS2_PLACEMENT_3D('',#4050,#3255,#3256);
#2894=AXIS2_PLACEMENT_3D('',#4052,#3257,#3258);
#2895=AXIS2_PLACEMENT_3D('',#4055,#3260,#3261);
#2896=AXIS2_PLACEMENT_3D('',#4056,#3262,#3263);
#2897=AXIS2_PLACEMENT_3D('',#4059,#3265,#3266);
#2898=AXIS2_PLACEMENT_3D('',#4060,#3267,#3268);
#2899=AXIS2_PLACEMENT_3D('',#4062,#3269,#3270);
#2900=AXIS2_PLACEMENT_3D('',#4065,#3272,#3273);
#2901=AXIS2_PLACEMENT_3D('',#4066,#3274,#3275);
#2902=AXIS2_PLACEMENT_3D('',#4069,#3277,#3278);
#2903=AXIS2_PLACEMENT_3D('',#4070,#3279,#3280);
#2904=AXIS2_PLACEMENT_3D('',#4075,#3282,#3283);
#2905=AXIS2_PLACEMENT_3D('',#4078,#3285,#3286);
#2906=AXIS2_PLACEMENT_3D('',#4079,#3287,#3288);
#2907=AXIS2_PLACEMENT_3D('',#4087,#3293,#3294);
#2908=AXIS2_PLACEMENT_3D('',#4093,#3298,#3299);
#2909=AXIS2_PLACEMENT_3D('',#4096,#3301,#3302);
#2910=AXIS2_PLACEMENT_3D('',#4098,#3304,#3305);
#2911=AXIS2_PLACEMENT_3D('',#4101,#3307,#3308);
#2912=AXIS2_PLACEMENT_3D('',#4102,#3309,#3310);
#2913=AXIS2_PLACEMENT_3D('',#4106,#3313,#3314);
#2914=AXIS2_PLACEMENT_3D('',#4108,#3316,#3317);
#2915=AXIS2_PLACEMENT_3D('',#4110,#3319,#3320);
#2916=AXIS2_PLACEMENT_3D('',#4111,#3321,#3322);
#2917=AXIS2_PLACEMENT_3D('',#4116,#3324,#3325);
#2918=AXIS2_PLACEMENT_3D('',#4119,#3327,#3328);
#2919=AXIS2_PLACEMENT_3D('',#4120,#3329,#3330);
#2920=AXIS2_PLACEMENT_3D('',#4128,#3335,#3336);
#2921=AXIS2_PLACEMENT_3D('',#4134,#3340,#3341);
#2922=AXIS2_PLACEMENT_3D('',#4137,#3343,#3344);
#2923=AXIS2_PLACEMENT_3D('',#4139,#3346,#3347);
#2924=AXIS2_PLACEMENT_3D('',#4142,#3349,#3350);
#2925=AXIS2_PLACEMENT_3D('',#4143,#3351,#3352);
#2926=AXIS2_PLACEMENT_3D('',#4147,#3355,#3356);
#2927=AXIS2_PLACEMENT_3D('',#4149,#3358,#3359);
#2928=AXIS2_PLACEMENT_3D('',#4151,#3361,#3362);
#2929=AXIS2_PLACEMENT_3D('',#4152,#3363,#3364);
#2930=AXIS2_PLACEMENT_3D('',#4157,#3366,#3367);
#2931=AXIS2_PLACEMENT_3D('',#4160,#3369,#3370);
#2932=AXIS2_PLACEMENT_3D('',#4161,#3371,#3372);
#2933=AXIS2_PLACEMENT_3D('',#4169,#3377,#3378);
#2934=AXIS2_PLACEMENT_3D('',#4175,#3382,#3383);
#2935=AXIS2_PLACEMENT_3D('',#4178,#3385,#3386);
#2936=AXIS2_PLACEMENT_3D('',#4180,#3388,#3389);
#2937=AXIS2_PLACEMENT_3D('',#4183,#3391,#3392);
#2938=AXIS2_PLACEMENT_3D('',#4184,#3393,#3394);
#2939=AXIS2_PLACEMENT_3D('',#4188,#3397,#3398);
#2940=AXIS2_PLACEMENT_3D('',#4190,#3400,#3401);
#2941=AXIS2_PLACEMENT_3D('',#4192,#3403,#3404);
#2942=AXIS2_PLACEMENT_3D('',#4193,#3405,#3406);
#2943=AXIS2_PLACEMENT_3D('',#4198,#3408,#3409);
#2944=AXIS2_PLACEMENT_3D('',#4201,#3411,#3412);
#2945=AXIS2_PLACEMENT_3D('',#4202,#3413,#3414);
#2946=AXIS2_PLACEMENT_3D('',#4210,#3419,#3420);
#2947=AXIS2_PLACEMENT_3D('',#4216,#3424,#3425);
#2948=AXIS2_PLACEMENT_3D('',#4219,#3427,#3428);
#2949=AXIS2_PLACEMENT_3D('',#4221,#3430,#3431);
#2950=AXIS2_PLACEMENT_3D('',#4224,#3433,#3434);
#2951=AXIS2_PLACEMENT_3D('',#4225,#3435,#3436);
#2952=AXIS2_PLACEMENT_3D('',#4229,#3439,#3440);
#2953=AXIS2_PLACEMENT_3D('',#4231,#3442,#3443);
#2954=AXIS2_PLACEMENT_3D('',#4233,#3445,#3446);
#2955=AXIS2_PLACEMENT_3D('',#4234,#3447,#3448);
#2956=AXIS2_PLACEMENT_3D('',#4239,#3450,#3451);
#2957=AXIS2_PLACEMENT_3D('',#4242,#3453,#3454);
#2958=AXIS2_PLACEMENT_3D('',#4243,#3455,#3456);
#2959=AXIS2_PLACEMENT_3D('',#4251,#3461,#3462);
#2960=AXIS2_PLACEMENT_3D('',#4257,#3466,#3467);
#2961=AXIS2_PLACEMENT_3D('',#4260,#3469,#3470);
#2962=AXIS2_PLACEMENT_3D('',#4262,#3472,#3473);
#2963=AXIS2_PLACEMENT_3D('',#4265,#3475,#3476);
#2964=AXIS2_PLACEMENT_3D('',#4266,#3477,#3478);
#2965=AXIS2_PLACEMENT_3D('',#4270,#3481,#3482);
#2966=AXIS2_PLACEMENT_3D('',#4272,#3484,#3485);
#2967=AXIS2_PLACEMENT_3D('',#4274,#3487,#3488);
#2968=AXIS2_PLACEMENT_3D('',#4275,#3489,#3490);
#2969=AXIS2_PLACEMENT_3D('',#4280,#3492,#3493);
#2970=AXIS2_PLACEMENT_3D('',#4283,#3495,#3496);
#2971=AXIS2_PLACEMENT_3D('',#4284,#3497,#3498);
#2972=AXIS2_PLACEMENT_3D('',#4292,#3503,#3504);
#2973=AXIS2_PLACEMENT_3D('',#4298,#3508,#3509);
#2974=AXIS2_PLACEMENT_3D('',#4301,#3511,#3512);
#2975=AXIS2_PLACEMENT_3D('',#4303,#3514,#3515);
#2976=AXIS2_PLACEMENT_3D('',#4306,#3517,#3518);
#2977=AXIS2_PLACEMENT_3D('',#4307,#3519,#3520);
#2978=AXIS2_PLACEMENT_3D('',#4311,#3523,#3524);
#2979=AXIS2_PLACEMENT_3D('',#4313,#3526,#3527);
#2980=AXIS2_PLACEMENT_3D('',#4315,#3529,#3530);
#2981=AXIS2_PLACEMENT_3D('',#4316,#3531,#3532);
#2982=AXIS2_PLACEMENT_3D('',#4321,#3534,#3535);
#2983=AXIS2_PLACEMENT_3D('',#4324,#3537,#3538);
#2984=AXIS2_PLACEMENT_3D('',#4325,#3539,#3540);
#2985=AXIS2_PLACEMENT_3D('',#4333,#3545,#3546);
#2986=AXIS2_PLACEMENT_3D('',#4339,#3550,#3551);
#2987=AXIS2_PLACEMENT_3D('',#4342,#3553,#3554);
#2988=AXIS2_PLACEMENT_3D('',#4344,#3556,#3557);
#2989=AXIS2_PLACEMENT_3D('',#4347,#3559,#3560);
#2990=AXIS2_PLACEMENT_3D('',#4348,#3561,#3562);
#2991=AXIS2_PLACEMENT_3D('',#4352,#3565,#3566);
#2992=AXIS2_PLACEMENT_3D('',#4354,#3568,#3569);
#2993=AXIS2_PLACEMENT_3D('',#4356,#3571,#3572);
#2994=AXIS2_PLACEMENT_3D('',#4357,#3573,#3574);
#2995=AXIS2_PLACEMENT_3D('',#4362,#3576,#3577);
#2996=AXIS2_PLACEMENT_3D('',#4365,#3579,#3580);
#2997=AXIS2_PLACEMENT_3D('',#4366,#3581,#3582);
#2998=AXIS2_PLACEMENT_3D('',#4374,#3587,#3588);
#2999=AXIS2_PLACEMENT_3D('',#4380,#3592,#3593);
#3000=AXIS2_PLACEMENT_3D('',#4383,#3595,#3596);
#3001=AXIS2_PLACEMENT_3D('',#4385,#3598,#3599);
#3002=AXIS2_PLACEMENT_3D('',#4388,#3601,#3602);
#3003=AXIS2_PLACEMENT_3D('',#4389,#3603,#3604);
#3004=AXIS2_PLACEMENT_3D('',#4393,#3607,#3608);
#3005=AXIS2_PLACEMENT_3D('',#4395,#3610,#3611);
#3006=AXIS2_PLACEMENT_3D('',#4397,#3613,#3614);
#3007=AXIS2_PLACEMENT_3D('',#4398,#3615,#3616);
#3008=AXIS2_PLACEMENT_3D('',#4404,#3620,#3621);
#3009=AXIS2_PLACEMENT_3D('',#4410,#3625,#3626);
#3010=AXIS2_PLACEMENT_3D('',#4416,#3630,#3631);
#3011=AXIS2_PLACEMENT_3D('',#4422,#3635,#3636);
#3012=AXIS2_PLACEMENT_3D('',#4428,#3640,#3641);
#3013=AXIS2_PLACEMENT_3D('',#4434,#3645,#3646);
#3014=AXIS2_PLACEMENT_3D('',#4440,#3650,#3651);
#3015=AXIS2_PLACEMENT_3D('',#4446,#3655,#3656);
#3016=AXIS2_PLACEMENT_3D('',#4449,#3659,#3660);
#3017=AXIS2_PLACEMENT_3D('',#4457,#3668,#3669);
#3018=AXIS2_PLACEMENT_3D('',#4459,#3671,#3672);
#3019=AXIS2_PLACEMENT_3D('',#4461,#3674,#3675);
#3020=AXIS2_PLACEMENT_3D('',#4463,#3677,#3678);
#3021=AXIS2_PLACEMENT_3D('',#4465,#3680,#3681);
#3022=AXIS2_PLACEMENT_3D('',#4467,#3683,#3684);
#3023=AXIS2_PLACEMENT_3D('',#4469,#3686,#3687);
#3024=AXIS2_PLACEMENT_3D('',#4471,#3689,#3690);
#3025=AXIS2_PLACEMENT_3D('',#4472,#3691,#3692);
#3026=AXIS2_PLACEMENT_3D('',#4474,#3693,#3694);
#3027=AXIS2_PLACEMENT_3D('',#4477,#3696,#3697);
#3028=AXIS2_PLACEMENT_3D('',#4478,#3698,#3699);
#3029=AXIS2_PLACEMENT_3D('',#4480,#3700,#3701);
#3030=AXIS2_PLACEMENT_3D('',#4483,#3703,#3704);
#3031=AXIS2_PLACEMENT_3D('',#4484,#3705,#3706);
#3032=AXIS2_PLACEMENT_3D('',#4485,#3707,#3708);
#3033=AXIS2_PLACEMENT_3D('',#4486,#3709,#3710);
#3034=AXIS2_PLACEMENT_3D('',#4488,#3711,#3712);
#3035=AXIS2_PLACEMENT_3D('',#4491,#3714,#3715);
#3036=AXIS2_PLACEMENT_3D('',#4492,#3716,#3717);
#3037=AXIS2_PLACEMENT_3D('',#4494,#3718,#3719);
#3038=AXIS2_PLACEMENT_3D('',#4497,#3721,#3722);
#3039=AXIS2_PLACEMENT_3D('',#4498,#3723,#3724);
#3040=AXIS2_PLACEMENT_3D('',#4500,#3725,#3726);
#3041=AXIS2_PLACEMENT_3D('',#4503,#3728,#3729);
#3042=AXIS2_PLACEMENT_3D('',#4504,#3730,#3731);
#3043=AXIS2_PLACEMENT_3D('',#4513,#3736,#3737);
#3044=AXIS2_PLACEMENT_3D('',#4519,#3741,#3742);
#3045=AXIS2_PLACEMENT_3D('',#4525,#3746,#3747);
#3046=AXIS2_PLACEMENT_3D('',#4531,#3751,#3752);
#3047=AXIS2_PLACEMENT_3D('',#4535,#3755,#3756);
#3048=AXIS2_PLACEMENT_3D('',#4539,#3759,#3760);
#3049=AXIS2_PLACEMENT_3D('',#4541,#3762,#3763);
#3050=AXIS2_PLACEMENT_3D('',#4542,#3764,#3765);
#3051=AXIS2_PLACEMENT_3D('',#4544,#3766,#3767);
#3052=AXIS2_PLACEMENT_3D('',#4547,#3769,#3770);
#3053=AXIS2_PLACEMENT_3D('',#4548,#3771,#3772);
#3054=AXIS2_PLACEMENT_3D('',#4550,#3773,#3774);
#3055=AXIS2_PLACEMENT_3D('',#4553,#3776,#3777);
#3056=AXIS2_PLACEMENT_3D('',#4554,#3778,#3779);
#3057=AXIS2_PLACEMENT_3D('',#4555,#3780,#3781);
#3058=AXIS2_PLACEMENT_3D('',#4556,#3782,#3783);
#3059=AXIS2_PLACEMENT_3D('',#4558,#3784,#3785);
#3060=AXIS2_PLACEMENT_3D('',#4561,#3787,#3788);
#3061=AXIS2_PLACEMENT_3D('',#4562,#3789,#3790);
#3062=AXIS2_PLACEMENT_3D('',#4564,#3791,#3792);
#3063=AXIS2_PLACEMENT_3D('',#4567,#3794,#3795);
#3064=AXIS2_PLACEMENT_3D('',#4568,#3796,#3797);
#3065=AXIS2_PLACEMENT_3D('',#4570,#3798,#3799);
#3066=AXIS2_PLACEMENT_3D('',#4573,#3801,#3802);
#3067=AXIS2_PLACEMENT_3D('',#4574,#3803,#3804);
#3068=AXIS2_PLACEMENT_3D('',#4583,#3809,#3810);
#3069=AXIS2_PLACEMENT_3D('',#4589,#3814,#3815);
#3070=AXIS2_PLACEMENT_3D('',#4595,#3819,#3820);
#3071=AXIS2_PLACEMENT_3D('',#4601,#3824,#3825);
#3072=AXIS2_PLACEMENT_3D('',#4605,#3828,#3829);
#3073=AXIS2_PLACEMENT_3D('',#4609,#3832,#3833);
#3074=AXIS2_PLACEMENT_3D('',#4611,#3835,#3836);
#3075=AXIS2_PLACEMENT_3D('',#4612,#3837,#3838);
#3076=AXIS2_PLACEMENT_3D('',#4614,#3839,#3840);
#3077=AXIS2_PLACEMENT_3D('',#4617,#3842,#3843);
#3078=AXIS2_PLACEMENT_3D('',#4618,#3844,#3845);
#3079=AXIS2_PLACEMENT_3D('',#4620,#3846,#3847);
#3080=AXIS2_PLACEMENT_3D('',#4623,#3849,#3850);
#3081=AXIS2_PLACEMENT_3D('',#4624,#3851,#3852);
#3082=AXIS2_PLACEMENT_3D('',#4625,#3853,#3854);
#3083=AXIS2_PLACEMENT_3D('',#4626,#3855,#3856);
#3084=AXIS2_PLACEMENT_3D('',#4628,#3857,#3858);
#3085=AXIS2_PLACEMENT_3D('',#4631,#3860,#3861);
#3086=AXIS2_PLACEMENT_3D('',#4632,#3862,#3863);
#3087=AXIS2_PLACEMENT_3D('',#4634,#3864,#3865);
#3088=AXIS2_PLACEMENT_3D('',#4637,#3867,#3868);
#3089=AXIS2_PLACEMENT_3D('',#4638,#3869,#3870);
#3090=AXIS2_PLACEMENT_3D('',#4640,#3871,#3872);
#3091=AXIS2_PLACEMENT_3D('',#4643,#3874,#3875);
#3092=AXIS2_PLACEMENT_3D('',#4644,#3876,#3877);
#3093=AXIS2_PLACEMENT_3D('',#4653,#3882,#3883);
#3094=AXIS2_PLACEMENT_3D('',#4659,#3887,#3888);
#3095=AXIS2_PLACEMENT_3D('',#4665,#3892,#3893);
#3096=AXIS2_PLACEMENT_3D('',#4671,#3897,#3898);
#3097=AXIS2_PLACEMENT_3D('',#4675,#3901,#3902);
#3098=AXIS2_PLACEMENT_3D('',#4679,#3905,#3906);
#3099=AXIS2_PLACEMENT_3D('',#4681,#3908,#3909);
#3100=DIRECTION('axis',(0.,0.,1.));
#3101=DIRECTION('refdir',(1.,0.,0.));
#3102=DIRECTION('center_axis',(1.,0.,0.));
#3103=DIRECTION('ref_axis',(0.,-1.,0.));
#3104=DIRECTION('center_axis',(1.,0.,0.));
#3105=DIRECTION('ref_axis',(0.,-1.,0.));
#3106=DIRECTION('',(1.,0.,0.));
#3107=DIRECTION('center_axis',(-1.,0.,0.));
#3108=DIRECTION('ref_axis',(0.,-1.,0.));
#3109=DIRECTION('center_axis',(1.,0.,0.));
#3110=DIRECTION('ref_axis',(0.,-1.,0.));
#3111=DIRECTION('center_axis',(1.,0.,0.));
#3112=DIRECTION('ref_axis',(0.,-1.,0.));
#3113=DIRECTION('',(1.,0.,0.));
#3114=DIRECTION('center_axis',(-1.,0.,0.));
#3115=DIRECTION('ref_axis',(0.,-1.,0.));
#3116=DIRECTION('center_axis',(1.,0.,0.));
#3117=DIRECTION('ref_axis',(0.,-1.,0.));
#3118=DIRECTION('center_axis',(1.,0.,0.));
#3119=DIRECTION('ref_axis',(0.,-1.,0.));
#3120=DIRECTION('',(1.,0.,0.));
#3121=DIRECTION('center_axis',(-1.,0.,0.));
#3122=DIRECTION('ref_axis',(0.,-1.,0.));
#3123=DIRECTION('center_axis',(1.,0.,0.));
#3124=DIRECTION('ref_axis',(0.,1.,0.));
#3125=DIRECTION('',(0.,0.,1.));
#3126=DIRECTION('',(0.,1.,0.));
#3127=DIRECTION('',(0.,0.,1.));
#3128=DIRECTION('',(0.,-1.,0.));
#3129=DIRECTION('center_axis',(-1.,0.,0.));
#3130=DIRECTION('ref_axis',(0.,-1.,0.));
#3131=DIRECTION('',(0.,-1.,0.));
#3132=DIRECTION('',(0.,0.,1.));
#3133=DIRECTION('',(0.,-1.,0.));
#3134=DIRECTION('',(0.,0.,-1.));
#3135=DIRECTION('center_axis',(0.,0.,1.));
#3136=DIRECTION('ref_axis',(1.,0.,0.));
#3137=DIRECTION('',(1.,0.,0.));
#3138=DIRECTION('',(-1.,0.,0.));
#3139=DIRECTION('center_axis',(0.,-1.,0.));
#3140=DIRECTION('ref_axis',(-1.,0.,0.));
#3141=DIRECTION('',(1.,0.,0.));
#3142=DIRECTION('',(0.,0.,-1.));
#3143=DIRECTION('',(-1.,0.,0.));
#3144=DIRECTION('center_axis',(0.,1.,0.));
#3145=DIRECTION('ref_axis',(1.,0.,0.));
#3146=DIRECTION('',(-1.,0.,0.));
#3147=DIRECTION('',(1.,0.,0.));
#3148=DIRECTION('',(0.,0.,-1.));
#3149=DIRECTION('center_axis',(-1.,0.,0.));
#3150=DIRECTION('ref_axis',(0.,1.,0.));
#3151=DIRECTION('',(0.,-1.,0.));
#3152=DIRECTION('',(0.,1.,0.));
#3153=DIRECTION('center_axis',(0.,0.,1.));
#3154=DIRECTION('ref_axis',(-1.,0.,0.));
#3155=DIRECTION('center_axis',(1.,0.,0.));
#3156=DIRECTION('ref_axis',(0.,-1.,0.));
#3157=DIRECTION('center_axis',(1.,-2.04964250700029E-16,5.39030285815812E-15));
#3158=DIRECTION('ref_axis',(0.,-1.,0.));
#3159=DIRECTION('',(1.,0.,0.));
#3160=DIRECTION('center_axis',(-1.,3.07891745028212E-16,-5.35962621192487E-15));
#3161=DIRECTION('ref_axis',(0.,-1.,0.));
#3162=DIRECTION('center_axis',(1.,0.,0.));
#3163=DIRECTION('ref_axis',(0.,-1.,0.));
#3164=DIRECTION('center_axis',(1.,-2.04964250700029E-16,5.39030285815812E-15));
#3165=DIRECTION('ref_axis',(0.,-1.,0.));
#3166=DIRECTION('',(1.,0.,0.));
#3167=DIRECTION('center_axis',(-1.,3.07891745028212E-16,-5.35962621192487E-15));
#3168=DIRECTION('ref_axis',(0.,-1.,0.));
#3169=DIRECTION('center_axis',(-1.,0.,0.));
#3170=DIRECTION('ref_axis',(0.,1.,0.));
#3171=DIRECTION('center_axis',(-1.,1.36642833800019E-16,-1.71512449944288E-15));
#3172=DIRECTION('ref_axis',(0.,1.,0.));
#3173=DIRECTION('',(-1.,0.,0.));
#3174=DIRECTION('center_axis',(1.,-1.35559386491301E-16,1.74580114567613E-15));
#3175=DIRECTION('ref_axis',(0.,1.,0.));
#3176=DIRECTION('center_axis',(-1.,0.,0.));
#3177=DIRECTION('ref_axis',(0.,1.,0.));
#3178=DIRECTION('center_axis',(-1.,1.36642833800019E-16,-1.71512449944288E-15));
#3179=DIRECTION('ref_axis',(0.,1.,0.));
#3180=DIRECTION('',(-1.,0.,0.));
#3181=DIRECTION('center_axis',(1.,-1.35559386491301E-16,1.74580114567613E-15));
#3182=DIRECTION('ref_axis',(0.,1.,0.));
#3183=DIRECTION('center_axis',(0.,0.,1.));
#3184=DIRECTION('ref_axis',(1.,0.,0.));
#3185=DIRECTION('center_axis',(0.,0.,-1.));
#3186=DIRECTION('ref_axis',(1.,0.,0.));
#3187=DIRECTION('',(0.707106781186548,-8.65956056235493E-17,-0.707106781186548));
#3188=DIRECTION('center_axis',(0.,0.,-1.));
#3189=DIRECTION('ref_axis',(1.,0.,0.));
#3190=DIRECTION('center_axis',(0.,0.,-1.));
#3191=DIRECTION('ref_axis',(1.,0.,0.));
#3192=DIRECTION('',(0.,0.,-1.));
#3193=DIRECTION('center_axis',(0.,0.,1.));
#3194=DIRECTION('ref_axis',(1.,0.,0.));
#3195=DIRECTION('center_axis',(0.,0.,1.));
#3196=DIRECTION('ref_axis',(1.,0.,0.));
#3197=DIRECTION('center_axis',(0.,0.,-1.));
#3198=DIRECTION('ref_axis',(1.,0.,0.));
#3199=DIRECTION('',(0.707106781186548,-8.65956056235493E-17,-0.707106781186548));
#3200=DIRECTION('center_axis',(0.,0.,-1.));
#3201=DIRECTION('ref_axis',(1.,0.,0.));
#3202=DIRECTION('center_axis',(0.,0.,-1.));
#3203=DIRECTION('ref_axis',(1.,0.,0.));
#3204=DIRECTION('',(0.,0.,-1.));
#3205=DIRECTION('center_axis',(0.,0.,1.));
#3206=DIRECTION('ref_axis',(1.,0.,0.));
#3207=DIRECTION('center_axis',(0.,0.,1.));
#3208=DIRECTION('ref_axis',(1.,0.,0.));
#3209=DIRECTION('center_axis',(0.,0.,-1.));
#3210=DIRECTION('ref_axis',(1.,0.,0.));
#3211=DIRECTION('',(0.707106781186548,-8.65956056235493E-17,-0.707106781186548));
#3212=DIRECTION('center_axis',(0.,0.,-1.));
#3213=DIRECTION('ref_axis',(1.,0.,0.));
#3214=DIRECTION('center_axis',(0.,0.,-1.));
#3215=DIRECTION('ref_axis',(1.,0.,0.));
#3216=DIRECTION('',(0.,0.,-1.));
#3217=DIRECTION('center_axis',(0.,0.,1.));
#3218=DIRECTION('ref_axis',(1.,0.,0.));
#3219=DIRECTION('center_axis',(0.,0.,1.));
#3220=DIRECTION('ref_axis',(1.,0.,0.));
#3221=DIRECTION('center_axis',(0.,0.,-1.));
#3222=DIRECTION('ref_axis',(1.,0.,0.));
#3223=DIRECTION('',(0.707106781186548,-8.65956056235493E-17,-0.707106781186548));
#3224=DIRECTION('center_axis',(0.,0.,-1.));
#3225=DIRECTION('ref_axis',(1.,0.,0.));
#3226=DIRECTION('center_axis',(0.,0.,-1.));
#3227=DIRECTION('ref_axis',(1.,0.,0.));
#3228=DIRECTION('',(0.,0.,-1.));
#3229=DIRECTION('center_axis',(0.,0.,1.));
#3230=DIRECTION('ref_axis',(1.,0.,0.));
#3231=DIRECTION('center_axis',(0.,0.,1.));
#3232=DIRECTION('ref_axis',(1.,0.,0.));
#3233=DIRECTION('center_axis',(0.,0.,-1.));
#3234=DIRECTION('ref_axis',(1.,0.,0.));
#3235=DIRECTION('',(0.707106781186548,-8.65956056235493E-17,-0.707106781186548));
#3236=DIRECTION('center_axis',(0.,0.,-1.));
#3237=DIRECTION('ref_axis',(1.,0.,0.));
#3238=DIRECTION('center_axis',(0.,0.,-1.));
#3239=DIRECTION('ref_axis',(1.,0.,0.));
#3240=DIRECTION('',(0.,0.,-1.));
#3241=DIRECTION('center_axis',(0.,0.,1.));
#3242=DIRECTION('ref_axis',(1.,0.,0.));
#3243=DIRECTION('center_axis',(0.,0.,1.));
#3244=DIRECTION('ref_axis',(1.,0.,0.));
#3245=DIRECTION('center_axis',(0.,0.,-1.));
#3246=DIRECTION('ref_axis',(1.,0.,0.));
#3247=DIRECTION('',(0.707106781186548,-8.65956056235493E-17,-0.707106781186548));
#3248=DIRECTION('center_axis',(0.,0.,-1.));
#3249=DIRECTION('ref_axis',(1.,0.,0.));
#3250=DIRECTION('center_axis',(0.,0.,-1.));
#3251=DIRECTION('ref_axis',(1.,0.,0.));
#3252=DIRECTION('',(0.,0.,-1.));
#3253=DIRECTION('center_axis',(0.,0.,1.));
#3254=DIRECTION('ref_axis',(1.,0.,0.));
#3255=DIRECTION('center_axis',(0.,0.,1.));
#3256=DIRECTION('ref_axis',(1.,0.,0.));
#3257=DIRECTION('center_axis',(0.,0.,-1.));
#3258=DIRECTION('ref_axis',(1.,0.,0.));
#3259=DIRECTION('',(0.707106781186548,-8.65956056235493E-17,-0.707106781186548));
#3260=DIRECTION('center_axis',(0.,0.,-1.));
#3261=DIRECTION('ref_axis',(1.,0.,0.));
#3262=DIRECTION('center_axis',(0.,0.,-1.));
#3263=DIRECTION('ref_axis',(1.,0.,0.));
#3264=DIRECTION('',(0.,0.,-1.));
#3265=DIRECTION('center_axis',(0.,0.,1.));
#3266=DIRECTION('ref_axis',(1.,0.,0.));
#3267=DIRECTION('center_axis',(0.,0.,1.));
#3268=DIRECTION('ref_axis',(1.,0.,0.));
#3269=DIRECTION('center_axis',(0.,0.,-1.));
#3270=DIRECTION('ref_axis',(1.,0.,0.));
#3271=DIRECTION('',(0.707106781186548,-8.65956056235493E-17,-0.707106781186548));
#3272=DIRECTION('center_axis',(0.,0.,-1.));
#3273=DIRECTION('ref_axis',(1.,0.,0.));
#3274=DIRECTION('center_axis',(0.,0.,-1.));
#3275=DIRECTION('ref_axis',(1.,0.,0.));
#3276=DIRECTION('',(0.,0.,-1.));
#3277=DIRECTION('center_axis',(0.,0.,1.));
#3278=DIRECTION('ref_axis',(1.,0.,0.));
#3279=DIRECTION('center_axis',(0.707106781186548,-0.707106781186547,0.));
#3280=DIRECTION('ref_axis',(0.,0.,-1.));
#3281=DIRECTION('',(-0.707106781186548,0.707106781186547,0.));
#3282=DIRECTION('center_axis',(-0.707106781186548,0.707106781186547,0.));
#3283=DIRECTION('ref_axis',(0.707106781186548,0.707106781186548,-5.41233724504768E-15));
#3284=DIRECTION('',(0.707106781186548,-0.707106781186548,0.));
#3285=DIRECTION('center_axis',(0.707106781186548,-0.707106781186547,0.));
#3286=DIRECTION('ref_axis',(4.44089209850063E-15,4.44089209850063E-15,-1.));
#3287=DIRECTION('center_axis',(-0.707106781186548,0.707106781186547,-2.38697950294409E-15));
#3288=DIRECTION('ref_axis',(1.76233206971789E-14,2.11760343759794E-14,1.));
#3289=DIRECTION('',(-0.707106781186547,-0.707106781186548,1.2482235046536E-14));
#3290=DIRECTION('',(1.76233206971789E-14,2.11760343759794E-14,1.));
#3291=DIRECTION('',(0.707106781186547,0.707106781186548,-1.2482235046536E-14));
#3292=DIRECTION('',(1.76233206971789E-14,2.11760343759794E-14,1.));
#3293=DIRECTION('center_axis',(-0.707106781186549,-0.707106781186546,1.43060349621056E-14));
#3294=DIRECTION('ref_axis',(0.500000000000006,-0.499999999999994,0.707106781186547));
#3295=DIRECTION('',(0.707106781186546,-0.707106781186549,2.71919673906474E-29));
#3296=DIRECTION('',(1.54023340416914E-15,4.98192478050712E-15,1.));
#3297=DIRECTION('',(-0.707106781186545,0.707106781186551,1.38777878078139E-15));
#3298=DIRECTION('center_axis',(0.707106781186548,-0.707106781186547,0.));
#3299=DIRECTION('ref_axis',(0.,0.,-1.));
#3300=DIRECTION('',(0.707106781186547,0.707106781186548,-1.2482235046536E-14));
#3301=DIRECTION('center_axis',(0.707106781186548,-0.707106781186547,0.));
#3302=DIRECTION('ref_axis',(0.,0.,-1.));
#3303=DIRECTION('',(0.,0.,1.));
#3304=DIRECTION('center_axis',(-0.707106781186548,0.707106781186547,0.));
#3305=DIRECTION('ref_axis',(0.,0.,1.));
#3306=DIRECTION('',(0.,0.,-1.));
#3307=DIRECTION('center_axis',(0.707106781186548,-0.707106781186547,0.));
#3308=DIRECTION('ref_axis',(0.,0.,-1.));
#3309=DIRECTION('center_axis',(0.707106781186548,-0.707106781186547,-1.11022302462516E-16));
#3310=DIRECTION('ref_axis',(-8.79038805027228E-15,-8.79038805027228E-15,
-1.));
#3311=DIRECTION('',(-8.79038805027228E-15,-8.79038805027228E-15,-1.));
#3312=DIRECTION('',(0.707106781186547,0.707106781186548,-1.2482235046536E-14));
#3313=DIRECTION('center_axis',(9.71445146547012E-15,7.82707232360735E-15,
1.));
#3314=DIRECTION('ref_axis',(0.707106781186545,-0.707106781186551,-1.38777878078139E-15));
#3315=DIRECTION('',(0.707106781186545,-0.707106781186551,-1.38777878078139E-15));
#3316=DIRECTION('center_axis',(0.707106781186548,-0.707106781186547,0.));
#3317=DIRECTION('ref_axis',(0.,0.,-1.));
#3318=DIRECTION('',(-0.707106781186548,0.707106781186548,0.));
#3319=DIRECTION('center_axis',(0.707106781186547,0.707106781186548,-1.2482235046536E-14));
#3320=DIRECTION('ref_axis',(-0.500000000000007,0.499999999999994,-0.707106781186547));
#3321=DIRECTION('center_axis',(0.707106781186546,0.707106781186549,0.));
#3322=DIRECTION('ref_axis',(0.,0.,-1.));
#3323=DIRECTION('',(-0.707106781186546,-0.707106781186549,0.));
#3324=DIRECTION('center_axis',(-0.707106781186546,-0.707106781186549,0.));
#3325=DIRECTION('ref_axis',(-0.70710678118655,0.707106781186545,-5.41233724504763E-15));
#3326=DIRECTION('',(0.707106781186546,0.707106781186549,0.));
#3327=DIRECTION('center_axis',(0.707106781186546,0.707106781186549,0.));
#3328=DIRECTION('ref_axis',(1.77635683940025E-14,-1.33226762955019E-14,
-1.));
#3329=DIRECTION('center_axis',(-0.707106781186546,-0.707106781186549,-5.55111512312578E-16));
#3330=DIRECTION('ref_axis',(3.90596287977625E-15,-4.79414129947634E-15,
1.));
#3331=DIRECTION('',(0.707106781186549,-0.707106781186546,5.29906204805774E-15));
#3332=DIRECTION('',(3.90596287977625E-15,-4.79414129947634E-15,1.));
#3333=DIRECTION('',(-0.707106781186549,0.707106781186546,-5.29906204805774E-15));
#3334=DIRECTION('',(3.90596287977625E-15,-4.79414129947634E-15,1.));
#3335=DIRECTION('center_axis',(0.707106781186551,-0.707106781186544,2.48630677647998E-15));
#3336=DIRECTION('ref_axis',(0.499999999999998,0.5,-0.707106781186549));
#3337=DIRECTION('',(0.707106781186544,0.707106781186551,-1.15437597413126E-29));
#3338=DIRECTION('',(-4.11995301319315E-15,3.23177459349303E-15,1.));
#3339=DIRECTION('',(-0.707106781186543,-0.707106781186552,-1.942890293094E-15));
#3340=DIRECTION('center_axis',(0.707106781186546,0.707106781186549,0.));
#3341=DIRECTION('ref_axis',(0.,0.,-1.));
#3342=DIRECTION('',(-0.707106781186549,0.707106781186546,-5.29906204805774E-15));
#3343=DIRECTION('center_axis',(0.707106781186546,0.707106781186549,0.));
#3344=DIRECTION('ref_axis',(0.,0.,-1.));
#3345=DIRECTION('',(0.,0.,1.));
#3346=DIRECTION('center_axis',(-0.707106781186546,-0.707106781186549,0.));
#3347=DIRECTION('ref_axis',(0.,0.,1.));
#3348=DIRECTION('',(0.,0.,-1.));
#3349=DIRECTION('center_axis',(0.707106781186546,0.707106781186549,0.));
#3350=DIRECTION('ref_axis',(1.77635683940026E-14,-8.88178419700128E-15,
-1.));
#3351=DIRECTION('center_axis',(0.707106781186546,0.707106781186549,0.));
#3352=DIRECTION('ref_axis',(3.85326290665972E-15,-3.74224060419721E-15,
-1.));
#3353=DIRECTION('',(3.85326290665972E-15,-3.7422406041972E-15,-1.));
#3354=DIRECTION('',(-0.707106781186549,0.707106781186546,-5.29906204805774E-15));
#3355=DIRECTION('center_axis',(-5.16253706450698E-15,2.27595720048157E-15,
1.));
#3356=DIRECTION('ref_axis',(0.707106781186543,0.707106781186552,1.942890293094E-15));
#3357=DIRECTION('',(0.707106781186543,0.707106781186552,1.942890293094E-15));
#3358=DIRECTION('center_axis',(0.707106781186546,0.707106781186549,0.));
#3359=DIRECTION('ref_axis',(0.,0.,-1.));
#3360=DIRECTION('',(-0.707106781186546,-0.707106781186549,0.));
#3361=DIRECTION('center_axis',(-0.707106781186549,0.707106781186546,-5.29906204805774E-15));
#3362=DIRECTION('ref_axis',(-0.5,-0.499999999999997,0.707106781186549));
#3363=DIRECTION('center_axis',(-0.707106781186548,0.707106781186547,0.));
#3364=DIRECTION('ref_axis',(0.,0.,-1.));
#3365=DIRECTION('',(0.707106781186548,-0.707106781186547,0.));
#3366=DIRECTION('center_axis',(0.707106781186548,-0.707106781186547,0.));
#3367=DIRECTION('ref_axis',(-0.707106781186545,-0.70710678118655,1.66533453693774E-15));
#3368=DIRECTION('',(-0.707106781186549,0.707106781186546,0.));
#3369=DIRECTION('center_axis',(-0.707106781186548,0.707106781186547,0.));
#3370=DIRECTION('ref_axis',(-8.88178419700127E-15,-8.88178419700127E-15,
-1.));
#3371=DIRECTION('center_axis',(0.707106781186548,-0.707106781186547,-1.38777878078145E-15));
#3372=DIRECTION('ref_axis',(1.91676274519201E-15,-8.16386991332702E-17,
1.));
#3373=DIRECTION('',(0.707106781186547,0.707106781186548,-1.72710170455215E-15));
#3374=DIRECTION('',(1.91676274519201E-15,-8.16386991332702E-17,1.));
#3375=DIRECTION('',(-0.707106781186547,-0.707106781186548,1.72710170455215E-15));
#3376=DIRECTION('',(1.91676274519201E-15,-8.16386991332702E-17,1.));
#3377=DIRECTION('center_axis',(0.707106781186548,0.707106781186547,-5.43897589877559E-15));
#3378=DIRECTION('ref_axis',(0.499999999999998,-0.500000000000003,-0.707106781186547));
#3379=DIRECTION('',(-0.707106781186547,0.707106781186548,-2.46908194466963E-30));
#3380=DIRECTION('',(1.30228950078956E-14,1.10244935635703E-14,1.));
#3381=DIRECTION('',(0.707106781186546,-0.707106781186548,1.27675647831893E-15));
#3382=DIRECTION('center_axis',(-0.707106781186548,0.707106781186547,0.));
#3383=DIRECTION('ref_axis',(0.,0.,1.));
#3384=DIRECTION('',(-0.707106781186547,-0.707106781186548,1.72710170455215E-15));
#3385=DIRECTION('center_axis',(-0.707106781186548,0.707106781186547,0.));
#3386=DIRECTION('ref_axis',(-8.88178419700129E-15,-8.88178419700129E-15,
-1.));
#3387=DIRECTION('',(0.,0.,1.));
#3388=DIRECTION('center_axis',(0.707106781186548,-0.707106781186547,0.));
#3389=DIRECTION('ref_axis',(0.,0.,-1.));
#3390=DIRECTION('',(0.,0.,-1.));
#3391=DIRECTION('center_axis',(-0.707106781186548,0.707106781186547,0.));
#3392=DIRECTION('ref_axis',(-8.88178419700129E-15,-8.88178419700129E-15,
-1.));
#3393=DIRECTION('center_axis',(-0.707106781186548,0.707106781186547,0.));
#3394=DIRECTION('ref_axis',(-1.22124532708767E-15,-1.22124532708767E-15,
-1.));
#3395=DIRECTION('',(-1.22124532708767E-15,-1.22124532708767E-15,-1.));
#3396=DIRECTION('',(-0.707106781186547,-0.707106781186548,1.72710170455215E-15));
#3397=DIRECTION('center_axis',(2.77555756156289E-16,2.16493489801906E-15,
1.));
#3398=DIRECTION('ref_axis',(-0.707106781186546,0.707106781186548,-1.27675647831893E-15));
#3399=DIRECTION('',(-0.707106781186546,0.707106781186548,-1.27675647831893E-15));
#3400=DIRECTION('center_axis',(-0.707106781186548,0.707106781186547,0.));
#3401=DIRECTION('ref_axis',(0.,0.,-1.));
#3402=DIRECTION('',(0.707106781186549,-0.707106781186546,0.));
#3403=DIRECTION('center_axis',(-0.707106781186547,-0.707106781186548,1.72710170455215E-15));
#3404=DIRECTION('ref_axis',(-0.5,0.500000000000001,0.707106781186547));
#3405=DIRECTION('center_axis',(-0.707106781186547,-0.707106781186548,0.));
#3406=DIRECTION('ref_axis',(0.,0.,-1.));
#3407=DIRECTION('',(0.707106781186547,0.707106781186548,0.));
#3408=DIRECTION('center_axis',(0.707106781186547,0.707106781186548,0.));
#3409=DIRECTION('ref_axis',(0.707106781186548,-0.707106781186548,1.6653345369377E-15));
#3410=DIRECTION('',(-0.707106781186547,-0.707106781186548,0.));
#3411=DIRECTION('center_axis',(-0.707106781186547,-0.707106781186548,0.));
#3412=DIRECTION('ref_axis',(-8.88178419700126E-15,8.88178419700126E-15,
-1.));
#3413=DIRECTION('center_axis',(0.707106781186547,0.707106781186548,4.9960036108132E-16));
#3414=DIRECTION('ref_axis',(-1.47967339825292E-15,8.13539583477825E-16,
1.));
#3415=DIRECTION('',(-0.707106781186548,0.707106781186547,-1.80560632748634E-15));
#3416=DIRECTION('',(-1.47967339825292E-15,8.13539583477825E-16,1.));
#3417=DIRECTION('',(0.707106781186548,-0.707106781186547,1.80560632748634E-15));
#3418=DIRECTION('',(-1.47967339825292E-15,8.13539583477825E-16,1.));
#3419=DIRECTION('center_axis',(-0.707106781186548,0.707106781186547,2.89901798256168E-16));
#3420=DIRECTION('ref_axis',(0.499999999999999,0.5,0.707106781186548));
#3421=DIRECTION('',(-0.707106781186547,-0.707106781186548,1.28041316575128E-30));
#3422=DIRECTION('',(5.97289969704178E-15,-2.75325292562882E-15,1.));
#3423=DIRECTION('',(0.707106781186546,0.707106781186549,-1.60982338570648E-15));
#3424=DIRECTION('center_axis',(-0.707106781186547,-0.707106781186548,0.));
#3425=DIRECTION('ref_axis',(0.,0.,1.));
#3426=DIRECTION('',(0.707106781186548,-0.707106781186547,1.80560632748634E-15));
#3427=DIRECTION('center_axis',(-0.707106781186547,-0.707106781186548,0.));
#3428=DIRECTION('ref_axis',(0.,0.,-1.));
#3429=DIRECTION('',(0.,0.,1.));
#3430=DIRECTION('center_axis',(0.707106781186547,0.707106781186548,0.));
#3431=DIRECTION('ref_axis',(0.,0.,-1.));
#3432=DIRECTION('',(0.,0.,-1.));
#3433=DIRECTION('center_axis',(-0.707106781186547,-0.707106781186548,0.));
#3434=DIRECTION('ref_axis',(-8.88178419700128E-15,8.88178419700128E-15,
-1.));
#3435=DIRECTION('center_axis',(-0.707106781186547,-0.707106781186548,0.));
#3436=DIRECTION('ref_axis',(1.19825185538474E-15,-1.19825185538474E-15,
-1.));
#3437=DIRECTION('',(1.19825185538474E-15,-1.19825185538474E-15,-1.));
#3438=DIRECTION('',(0.707106781186548,-0.707106781186547,1.80560632748634E-15));
#3439=DIRECTION('center_axis',(-1.66533453693773E-16,2.38697950294409E-15,
1.));
#3440=DIRECTION('ref_axis',(-0.707106781186546,-0.707106781186549,1.60982338570648E-15));
#3441=DIRECTION('',(-0.707106781186546,-0.707106781186549,1.60982338570648E-15));
#3442=DIRECTION('center_axis',(-0.707106781186547,-0.707106781186548,0.));
#3443=DIRECTION('ref_axis',(0.,0.,-1.));
#3444=DIRECTION('',(0.707106781186547,0.707106781186548,0.));
#3445=DIRECTION('center_axis',(0.707106781186548,-0.707106781186547,1.80560632748634E-15));
#3446=DIRECTION('ref_axis',(-0.499999999999999,-0.500000000000001,-0.707106781186548));
#3447=DIRECTION('center_axis',(-1.36642833800019E-16,-1.,0.));
#3448=DIRECTION('ref_axis',(0.,0.,-1.));
#3449=DIRECTION('',(1.36642833800019E-16,1.,0.));
#3450=DIRECTION('center_axis',(1.36642833800019E-16,1.,0.));
#3451=DIRECTION('ref_axis',(1.,0.,1.66533453693775E-15));
#3452=DIRECTION('',(-1.38406833416207E-16,-1.,0.));
#3453=DIRECTION('center_axis',(-1.36642833800019E-16,-1.,0.));
#3454=DIRECTION('ref_axis',(1.33226762955019E-14,0.,-1.));
#3455=DIRECTION('center_axis',(1.36642833800019E-16,1.,-1.36642833800019E-16));
#3456=DIRECTION('ref_axis',(-1.71512449944288E-15,1.36642833800019E-16,
1.));
#3457=DIRECTION('',(-1.,1.36642833800019E-16,-1.71512449944288E-15));
#3458=DIRECTION('',(-1.71512449944288E-15,1.36642833800019E-16,1.));
#3459=DIRECTION('',(1.,-1.36642833800019E-16,1.71512449944288E-15));
#3460=DIRECTION('',(-1.71512449944288E-15,1.36642833800019E-16,1.));
#3461=DIRECTION('center_axis',(-1.,1.35559386491301E-16,-1.74580114567613E-15));
#3462=DIRECTION('ref_axis',(-1.74580114567613E-15,1.36642833800019E-16,
1.));
#3463=DIRECTION('',(-1.35559386491301E-16,-1.,1.8582470230372E-33));
#3464=DIRECTION('',(-1.83783108437589E-15,1.36642833800019E-16,1.));
#3465=DIRECTION('',(1.36642833800019E-16,1.,1.40719677231717E-16));
#3466=DIRECTION('center_axis',(-1.36642833800019E-16,-1.,0.));
#3467=DIRECTION('ref_axis',(0.,0.,-1.));
#3468=DIRECTION('',(1.,-1.36642833800019E-16,1.71512449944288E-15));
#3469=DIRECTION('center_axis',(-1.36642833800019E-16,-1.,0.));
#3470=DIRECTION('ref_axis',(8.88178419700128E-15,0.,-1.));
#3471=DIRECTION('',(0.,0.,1.));
#3472=DIRECTION('center_axis',(1.36642833800019E-16,1.,0.));
#3473=DIRECTION('ref_axis',(0.,0.,1.));
#3474=DIRECTION('',(0.,0.,-1.));
#3475=DIRECTION('center_axis',(-1.36642833800019E-16,-1.,0.));
#3476=DIRECTION('ref_axis',(1.77635683940026E-14,0.,-1.));
#3477=DIRECTION('center_axis',(-1.36642833800019E-16,-1.,0.));
#3478=DIRECTION('ref_axis',(1.71512449944288E-15,-2.46519032881566E-31,
-1.));
#3479=DIRECTION('',(1.71512449944288E-15,-2.46519032881566E-31,-1.));
#3480=DIRECTION('',(1.,-1.36642833800019E-16,1.71512449944288E-15));
#3481=DIRECTION('center_axis',(-1.71512449944288E-15,-1.40719677231716E-16,
1.));
#3482=DIRECTION('ref_axis',(-1.36642833800019E-16,-1.,-1.40719677231717E-16));
#3483=DIRECTION('',(-1.36642833800019E-16,-1.,-1.40719677231717E-16));
#3484=DIRECTION('center_axis',(-1.36642833800019E-16,-1.,0.));
#3485=DIRECTION('ref_axis',(0.,0.,-1.));
#3486=DIRECTION('',(1.38406833416207E-16,1.,0.));
#3487=DIRECTION('center_axis',(1.,-1.36642833800019E-16,1.71512449944288E-15));
#3488=DIRECTION('ref_axis',(1.71512449944288E-15,-1.36642833800019E-16,
-1.));
#3489=DIRECTION('center_axis',(-1.,0.,0.));
#3490=DIRECTION('ref_axis',(0.,0.,-1.));
#3491=DIRECTION('',(1.,0.,0.));
#3492=DIRECTION('center_axis',(1.,0.,0.));
#3493=DIRECTION('ref_axis',(0.,-1.,-5.41233724504768E-15));
#3494=DIRECTION('',(-1.,0.,0.));
#3495=DIRECTION('center_axis',(-1.,0.,0.));
#3496=DIRECTION('ref_axis',(0.,0.,-1.));
#3497=DIRECTION('center_axis',(1.,0.,0.));
#3498=DIRECTION('ref_axis',(0.,-5.32894956569162E-15,1.));
#3499=DIRECTION('',(0.,1.,5.39030285815812E-15));
#3500=DIRECTION('',(0.,-5.32894956569162E-15,1.));
#3501=DIRECTION('',(0.,-1.,-5.39030285815812E-15));
#3502=DIRECTION('',(0.,-5.32894956569162E-15,1.));
#3503=DIRECTION('center_axis',(-1.34619246335567E-18,1.,5.34428788880824E-15));
#3504=DIRECTION('ref_axis',(1.,1.34619246335567E-18,7.25638508285701E-33));
#3505=DIRECTION('',(-1.,-1.34619246335567E-18,-7.25638508285701E-33));
#3506=DIRECTION('',(0.,-5.26759627322511E-15,1.));
#3507=DIRECTION('',(1.,0.,0.));
#3508=DIRECTION('center_axis',(-1.,0.,0.));
#3509=DIRECTION('ref_axis',(0.,0.,1.));
#3510=DIRECTION('',(0.,-1.,-5.39030285815812E-15));
#3511=DIRECTION('center_axis',(-1.,0.,0.));
#3512=DIRECTION('ref_axis',(0.,0.,-1.));
#3513=DIRECTION('',(0.,0.,1.));
#3514=DIRECTION('center_axis',(1.,0.,0.));
#3515=DIRECTION('ref_axis',(0.,0.,-1.));
#3516=DIRECTION('',(0.,0.,-1.));
#3517=DIRECTION('center_axis',(-1.,0.,0.));
#3518=DIRECTION('ref_axis',(0.,0.,-1.));
#3519=DIRECTION('center_axis',(-1.,0.,0.));
#3520=DIRECTION('ref_axis',(0.,5.39030285815812E-15,-1.));
#3521=DIRECTION('',(0.,5.39030285815812E-15,-1.));
#3522=DIRECTION('',(0.,-1.,-5.39030285815812E-15));
#3523=DIRECTION('center_axis',(0.,-5.39030285815812E-15,1.));
#3524=DIRECTION('ref_axis',(-1.,0.,0.));
#3525=DIRECTION('',(-1.,0.,0.));
#3526=DIRECTION('center_axis',(-1.,0.,0.));
#3527=DIRECTION('ref_axis',(0.,0.,-1.));
#3528=DIRECTION('',(1.,0.,0.));
#3529=DIRECTION('center_axis',(0.,-1.,-5.39030285815812E-15));
#3530=DIRECTION('ref_axis',(-1.,0.,0.));
#3531=DIRECTION('center_axis',(2.04964250700029E-16,1.,0.));
#3532=DIRECTION('ref_axis',(0.,0.,-1.));
#3533=DIRECTION('',(-2.04964250700029E-16,-1.,0.));
#3534=DIRECTION('center_axis',(-2.04964250700029E-16,-1.,0.));
#3535=DIRECTION('ref_axis',(-1.,0.,-5.41233724504771E-15));
#3536=DIRECTION('',(1.38406833416207E-16,1.,0.));
#3537=DIRECTION('center_axis',(2.04964250700029E-16,1.,0.));
#3538=DIRECTION('ref_axis',(-2.22044604925032E-14,0.,-1.));
#3539=DIRECTION('center_axis',(-2.04964250700028E-16,-1.,-2.04964250700029E-16));
#3540=DIRECTION('ref_axis',(-1.13415722274089E-14,-2.04964250700027E-16,
1.));
#3541=DIRECTION('',(1.,-2.04964250700029E-16,5.39030285815812E-15));
#3542=DIRECTION('',(-1.13415722274089E-14,-2.04964250700027E-16,1.));
#3543=DIRECTION('',(-1.,2.04964250700029E-16,-5.39030285815812E-15));
#3544=DIRECTION('',(-1.13415722274089E-14,-2.04964250700027E-16,1.));
#3545=DIRECTION('center_axis',(1.,-3.07891745028212E-16,5.35962621192487E-15));
#3546=DIRECTION('ref_axis',(5.35962621192487E-15,2.04964250700028E-16,-1.));
#3547=DIRECTION('',(3.07891745028212E-16,1.,5.54810366860259E-31));
#3548=DIRECTION('',(6.83673096025677E-16,-2.04964250700029E-16,1.));
#3549=DIRECTION('',(-4.12986133973831E-16,-1.,7.23982603317059E-17));
#3550=DIRECTION('center_axis',(2.04964250700029E-16,1.,0.));
#3551=DIRECTION('ref_axis',(0.,0.,1.));
#3552=DIRECTION('',(-1.,2.04964250700029E-16,-5.39030285815812E-15));
#3553=DIRECTION('center_axis',(2.04964250700029E-16,1.,0.));
#3554=DIRECTION('ref_axis',(0.,0.,-1.));
#3555=DIRECTION('',(0.,0.,1.));
#3556=DIRECTION('center_axis',(-2.04964250700029E-16,-1.,0.));
#3557=DIRECTION('ref_axis',(0.,0.,-1.));
#3558=DIRECTION('',(0.,0.,-1.));
#3559=DIRECTION('center_axis',(2.04964250700029E-16,1.,0.));
#3560=DIRECTION('ref_axis',(-2.66453525910039E-14,0.,-1.));
#3561=DIRECTION('center_axis',(2.04964250700029E-16,1.,0.));
#3562=DIRECTION('ref_axis',(5.39030285815812E-15,-1.10933564796705E-30,
-1.));
#3563=DIRECTION('',(5.39030285815812E-15,-1.10933564796705E-30,-1.));
#3564=DIRECTION('',(-1.,2.04964250700029E-16,-5.39030285815812E-15));
#3565=DIRECTION('center_axis',(-5.39030285815812E-15,7.23982603317081E-17,
1.));
#3566=DIRECTION('ref_axis',(4.12986133973831E-16,1.,-7.23982603317059E-17));
#3567=DIRECTION('',(4.12986133973831E-16,1.,-7.23982603317059E-17));
#3568=DIRECTION('center_axis',(2.04964250700029E-16,1.,0.));
#3569=DIRECTION('ref_axis',(0.,0.,-1.));
#3570=DIRECTION('',(-1.38406833416207E-16,-1.,0.));
#3571=DIRECTION('center_axis',(-1.,2.04964250700029E-16,-5.39030285815812E-15));
#3572=DIRECTION('ref_axis',(-5.39030285815812E-15,-2.04964250700028E-16,
1.));
#3573=DIRECTION('center_axis',(1.,1.1842378929335E-15,0.));
#3574=DIRECTION('ref_axis',(0.,0.,-1.));
#3575=DIRECTION('',(-1.,-1.1842378929335E-15,0.));
#3576=DIRECTION('center_axis',(-1.,-1.1842378929335E-15,0.));
#3577=DIRECTION('ref_axis',(0.,1.,-5.41233724504768E-15));
#3578=DIRECTION('',(1.,1.20322424728789E-15,0.));
#3579=DIRECTION('center_axis',(1.,1.1842378929335E-15,0.));
#3580=DIRECTION('ref_axis',(0.,1.33226762955019E-14,-1.));
#3581=DIRECTION('center_axis',(-1.,-1.18423789293349E-15,1.1842378929335E-15));
#3582=DIRECTION('ref_axis',(1.18423789293349E-15,9.31691357601436E-15,1.));
#3583=DIRECTION('',(1.1842378929335E-15,-1.,5.39030285815812E-15));
#3584=DIRECTION('',(1.18423789293349E-15,9.31691357601436E-15,1.));
#3585=DIRECTION('',(-1.1842378929335E-15,1.,-5.39030285815812E-15));
#3586=DIRECTION('',(1.18423789293349E-15,9.31691357601436E-15,1.));
#3587=DIRECTION('center_axis',(1.14250592656948E-15,-1.,6.29526392203905E-15));
#3588=DIRECTION('ref_axis',(1.,1.14250592656947E-15,-1.1842378929335E-15));
#3589=DIRECTION('',(1.,1.14250592656948E-15,2.24947937568561E-31));
#3590=DIRECTION('',(1.18423789293349E-15,5.0835363958256E-15,1.));
#3591=DIRECTION('',(-1.,-1.09808157527874E-15,-2.19505542331853E-17));
#3592=DIRECTION('center_axis',(1.,1.1842378929335E-15,0.));
#3593=DIRECTION('ref_axis',(0.,0.,-1.));
#3594=DIRECTION('',(-1.1842378929335E-15,1.,-5.39030285815812E-15));
#3595=DIRECTION('center_axis',(1.,1.1842378929335E-15,0.));
#3596=DIRECTION('ref_axis',(0.,0.,-1.));
#3597=DIRECTION('',(0.,0.,1.));
#3598=DIRECTION('center_axis',(-1.,-1.1842378929335E-15,0.));
#3599=DIRECTION('ref_axis',(0.,0.,1.));
#3600=DIRECTION('',(0.,0.,-1.));
#3601=DIRECTION('center_axis',(1.,1.1842378929335E-15,0.));
#3602=DIRECTION('ref_axis',(0.,1.77635683940026E-14,-1.));
#3603=DIRECTION('center_axis',(1.,1.1842378929335E-15,0.));
#3604=DIRECTION('ref_axis',(6.31088724176809E-30,-5.39030285815812E-15,
-1.));
#3605=DIRECTION('',(6.31088724176809E-30,-5.39030285815812E-15,-1.));
#3606=DIRECTION('',(-1.1842378929335E-15,1.,-5.39030285815812E-15));
#3607=DIRECTION('center_axis',(-2.19505542331911E-17,5.39030285815812E-15,
1.));
#3608=DIRECTION('ref_axis',(1.,1.09808157527874E-15,2.19505542331853E-17));
#3609=DIRECTION('',(1.,1.09808157527874E-15,2.19505542331853E-17));
#3610=DIRECTION('center_axis',(1.,1.1842378929335E-15,0.));
#3611=DIRECTION('ref_axis',(0.,0.,-1.));
#3612=DIRECTION('',(-1.,-1.20322424728789E-15,0.));
#3613=DIRECTION('center_axis',(-1.1842378929335E-15,1.,-5.39030285815812E-15));
#3614=DIRECTION('ref_axis',(-1.,-1.18423789293349E-15,1.1842378929335E-15));
#3615=DIRECTION('center_axis',(-0.707106781186548,-0.707106781186548,0.));
#3616=DIRECTION('ref_axis',(-0.707106781186548,0.707106781186548,0.));
#3617=DIRECTION('',(0.707106781186548,-0.707106781186548,0.));
#3618=DIRECTION('',(0.,0.,-1.));
#3619=DIRECTION('',(-0.707106781186548,0.707106781186548,0.));
#3620=DIRECTION('center_axis',(0.707106781186549,-0.707106781186546,0.));
#3621=DIRECTION('ref_axis',(-0.707106781186546,-0.707106781186549,0.));
#3622=DIRECTION('',(0.707106781186546,0.707106781186549,0.));
#3623=DIRECTION('',(0.,0.,-1.));
#3624=DIRECTION('',(-0.707106781186546,-0.707106781186549,0.));
#3625=DIRECTION('center_axis',(0.707106781186546,0.707106781186549,0.));
#3626=DIRECTION('ref_axis',(0.707106781186549,-0.707106781186546,0.));
#3627=DIRECTION('',(-0.707106781186549,0.707106781186546,0.));
#3628=DIRECTION('',(0.,0.,-1.));
#3629=DIRECTION('',(0.707106781186549,-0.707106781186546,0.));
#3630=DIRECTION('center_axis',(-0.707106781186548,0.707106781186547,0.));
#3631=DIRECTION('ref_axis',(0.707106781186547,0.707106781186548,0.));
#3632=DIRECTION('',(-0.707106781186547,-0.707106781186548,0.));
#3633=DIRECTION('',(0.,0.,-1.));
#3634=DIRECTION('',(0.707106781186547,0.707106781186548,0.));
#3635=DIRECTION('center_axis',(-1.,1.38406833416207E-16,0.));
#3636=DIRECTION('ref_axis',(1.38406833416207E-16,1.,0.));
#3637=DIRECTION('',(-1.38406833416207E-16,-1.,0.));
#3638=DIRECTION('',(0.,0.,-1.));
#3639=DIRECTION('',(1.38406833416207E-16,1.,0.));
#3640=DIRECTION('center_axis',(0.,1.,0.));
#3641=DIRECTION('ref_axis',(1.,0.,0.));
#3642=DIRECTION('',(-1.,0.,0.));
#3643=DIRECTION('',(0.,0.,-1.));
#3644=DIRECTION('',(1.,0.,0.));
#3645=DIRECTION('center_axis',(1.,-1.38406833416207E-16,0.));
#3646=DIRECTION('ref_axis',(-1.38406833416207E-16,-1.,0.));
#3647=DIRECTION('',(1.38406833416207E-16,1.,0.));
#3648=DIRECTION('',(0.,0.,-1.));
#3649=DIRECTION('',(-1.38406833416207E-16,-1.,0.));
#3650=DIRECTION('center_axis',(1.20322424728789E-15,-1.,0.));
#3651=DIRECTION('ref_axis',(-1.,-1.20322424728789E-15,0.));
#3652=DIRECTION('',(1.,1.20322424728789E-15,0.));
#3653=DIRECTION('',(0.,0.,-1.));
#3654=DIRECTION('',(-1.,-1.20322424728789E-15,0.));
#3655=DIRECTION('center_axis',(-0.707106781186548,-0.707106781186548,0.));
#3656=DIRECTION('ref_axis',(-0.707106781186548,0.707106781186548,0.));
#3657=DIRECTION('',(-0.707106781186548,0.707106781186548,0.));
#3658=DIRECTION('',(0.707106781186548,-0.707106781186548,0.));
#3659=DIRECTION('center_axis',(0.,0.,1.));
#3660=DIRECTION('ref_axis',(1.,0.,0.));
#3661=DIRECTION('',(-1.,-1.20322424728789E-15,0.));
#3662=DIRECTION('',(-0.707106781186546,-0.707106781186549,0.));
#3663=DIRECTION('',(-1.38406833416207E-16,-1.,0.));
#3664=DIRECTION('',(0.707106781186549,-0.707106781186546,0.));
#3665=DIRECTION('',(1.,0.,0.));
#3666=DIRECTION('',(0.707106781186547,0.707106781186548,0.));
#3667=DIRECTION('',(1.38406833416207E-16,1.,0.));
#3668=DIRECTION('center_axis',(1.20322424728789E-15,-1.,0.));
#3669=DIRECTION('ref_axis',(-1.,-1.20322424728789E-15,0.));
#3670=DIRECTION('',(1.,1.20322424728789E-15,0.));
#3671=DIRECTION('center_axis',(0.707106781186549,-0.707106781186546,0.));
#3672=DIRECTION('ref_axis',(-0.707106781186546,-0.707106781186549,0.));
#3673=DIRECTION('',(0.707106781186546,0.707106781186549,0.));
#3674=DIRECTION('center_axis',(1.,-1.38406833416207E-16,0.));
#3675=DIRECTION('ref_axis',(-1.38406833416207E-16,-1.,0.));
#3676=DIRECTION('',(1.38406833416207E-16,1.,0.));
#3677=DIRECTION('center_axis',(0.707106781186546,0.707106781186549,0.));
#3678=DIRECTION('ref_axis',(0.707106781186549,-0.707106781186546,0.));
#3679=DIRECTION('',(-0.707106781186549,0.707106781186546,0.));
#3680=DIRECTION('center_axis',(0.,1.,0.));
#3681=DIRECTION('ref_axis',(1.,0.,0.));
#3682=DIRECTION('',(-1.,0.,0.));
#3683=DIRECTION('center_axis',(-0.707106781186548,0.707106781186547,0.));
#3684=DIRECTION('ref_axis',(0.707106781186547,0.707106781186548,0.));
#3685=DIRECTION('',(-0.707106781186547,-0.707106781186548,0.));
#3686=DIRECTION('center_axis',(-1.,1.38406833416207E-16,0.));
#3687=DIRECTION('ref_axis',(1.38406833416207E-16,1.,0.));
#3688=DIRECTION('',(-1.38406833416207E-16,-1.,0.));
#3689=DIRECTION('center_axis',(0.,0.,1.));
#3690=DIRECTION('ref_axis',(1.,0.,0.));
#3691=DIRECTION('center_axis',(-1.,0.,0.));
#3692=DIRECTION('ref_axis',(0.,1.,0.));
#3693=DIRECTION('center_axis',(1.,0.,-2.69186426636468E-17));
#3694=DIRECTION('ref_axis',(0.,1.,0.));
#3695=DIRECTION('',(1.,0.,0.));
#3696=DIRECTION('center_axis',(-1.,0.,2.69186426636468E-17));
#3697=DIRECTION('ref_axis',(0.,1.,0.));
#3698=DIRECTION('center_axis',(-1.,0.,0.));
#3699=DIRECTION('ref_axis',(0.,1.,0.));
#3700=DIRECTION('center_axis',(-1.,0.,2.69186426636468E-17));
#3701=DIRECTION('ref_axis',(0.,1.,0.));
#3702=DIRECTION('',(1.,0.,0.));
#3703=DIRECTION('center_axis',(1.,0.,-2.69186426636468E-17));
#3704=DIRECTION('ref_axis',(0.,1.,0.));
#3705=DIRECTION('center_axis',(1.,4.34347717653912E-33,-2.69186426636468E-17));
#3706=DIRECTION('ref_axis',(-4.34347717653912E-33,1.,1.16920510032962E-49));
#3707=DIRECTION('center_axis',(1.,4.34347717653912E-33,-2.69186426636468E-17));
#3708=DIRECTION('ref_axis',(-4.34347717653912E-33,1.,1.16920510032962E-49));
#3709=DIRECTION('center_axis',(-1.,0.,0.));
#3710=DIRECTION('ref_axis',(0.,1.,0.));
#3711=DIRECTION('center_axis',(-1.,0.,0.));
#3712=DIRECTION('ref_axis',(0.,1.,0.));
#3713=DIRECTION('',(-1.,0.,0.));
#3714=DIRECTION('center_axis',(1.,0.,0.));
#3715=DIRECTION('ref_axis',(0.,1.,0.));
#3716=DIRECTION('center_axis',(-1.,0.,0.));
#3717=DIRECTION('ref_axis',(0.,1.,0.));
#3718=DIRECTION('center_axis',(-1.,0.,0.));
#3719=DIRECTION('ref_axis',(0.,1.,0.));
#3720=DIRECTION('',(-1.,0.,0.));
#3721=DIRECTION('center_axis',(1.,0.,0.));
#3722=DIRECTION('ref_axis',(0.,1.,0.));
#3723=DIRECTION('center_axis',(-1.,0.,0.));
#3724=DIRECTION('ref_axis',(0.,1.,0.));
#3725=DIRECTION('center_axis',(-1.,0.,0.));
#3726=DIRECTION('ref_axis',(0.,1.,0.));
#3727=DIRECTION('',(-1.,0.,0.));
#3728=DIRECTION('center_axis',(1.,0.,0.));
#3729=DIRECTION('ref_axis',(0.,1.,0.));
#3730=DIRECTION('center_axis',(-1.,0.,0.));
#3731=DIRECTION('ref_axis',(0.,-1.,0.));
#3732=DIRECTION('',(0.,1.,0.));
#3733=DIRECTION('',(0.,0.,1.));
#3734=DIRECTION('',(0.,-1.,0.));
#3735=DIRECTION('',(0.,0.,1.));
#3736=DIRECTION('center_axis',(0.,0.,1.));
#3737=DIRECTION('ref_axis',(1.,0.,0.));
#3738=DIRECTION('',(-1.,0.,0.));
#3739=DIRECTION('',(1.,0.,0.));
#3740=DIRECTION('',(0.,1.,0.));
#3741=DIRECTION('center_axis',(0.,0.,1.));
#3742=DIRECTION('ref_axis',(1.,0.,0.));
#3743=DIRECTION('',(-1.,0.,0.));
#3744=DIRECTION('',(0.,-1.,0.));
#3745=DIRECTION('',(1.,0.,0.));
#3746=DIRECTION('center_axis',(1.,0.,0.));
#3747=DIRECTION('ref_axis',(0.,1.,0.));
#3748=DIRECTION('',(0.,-1.,0.));
#3749=DIRECTION('',(0.,0.,1.));
#3750=DIRECTION('',(0.,0.,1.));
#3751=DIRECTION('center_axis',(0.,-1.,0.));
#3752=DIRECTION('ref_axis',(1.,0.,0.));
#3753=DIRECTION('',(-1.,0.,0.));
#3754=DIRECTION('',(0.,0.,1.));
#3755=DIRECTION('center_axis',(-1.,0.,0.));
#3756=DIRECTION('ref_axis',(0.,-1.,0.));
#3757=DIRECTION('',(0.,1.,0.));
#3758=DIRECTION('',(0.,0.,1.));
#3759=DIRECTION('center_axis',(0.,1.,0.));
#3760=DIRECTION('ref_axis',(-1.,0.,0.));
#3761=DIRECTION('',(1.,0.,0.));
#3762=DIRECTION('center_axis',(0.,0.,1.));
#3763=DIRECTION('ref_axis',(-1.,0.,0.));
#3764=DIRECTION('center_axis',(-1.,0.,0.));
#3765=DIRECTION('ref_axis',(0.,1.,0.));
#3766=DIRECTION('center_axis',(1.,0.,0.));
#3767=DIRECTION('ref_axis',(0.,1.,0.));
#3768=DIRECTION('',(1.,0.,0.));
#3769=DIRECTION('center_axis',(-1.,0.,0.));
#3770=DIRECTION('ref_axis',(0.,1.,0.));
#3771=DIRECTION('center_axis',(-1.,0.,0.));
#3772=DIRECTION('ref_axis',(0.,1.,0.));
#3773=DIRECTION('center_axis',(-1.,0.,0.));
#3774=DIRECTION('ref_axis',(0.,1.,0.));
#3775=DIRECTION('',(1.,0.,0.));
#3776=DIRECTION('center_axis',(1.,0.,0.));
#3777=DIRECTION('ref_axis',(0.,1.,0.));
#3778=DIRECTION('center_axis',(1.,0.,0.));
#3779=DIRECTION('ref_axis',(0.,1.,0.));
#3780=DIRECTION('center_axis',(1.,0.,0.));
#3781=DIRECTION('ref_axis',(0.,1.,0.));
#3782=DIRECTION('center_axis',(1.,-1.22464679914735E-16,0.));
#3783=DIRECTION('ref_axis',(-1.22464679914735E-16,-1.,0.));
#3784=DIRECTION('center_axis',(1.,-1.22464679914735E-16,0.));
#3785=DIRECTION('ref_axis',(-1.22464679914735E-16,-1.,0.));
#3786=DIRECTION('',(1.,-1.22464679914735E-16,0.));
#3787=DIRECTION('center_axis',(-1.,1.22464679914735E-16,0.));
#3788=DIRECTION('ref_axis',(-1.22464679914735E-16,-1.,0.));
#3789=DIRECTION('center_axis',(1.,-1.22464679914735E-16,0.));
#3790=DIRECTION('ref_axis',(-1.22464679914735E-16,-1.,0.));
#3791=DIRECTION('center_axis',(1.,-1.22464679914735E-16,0.));
#3792=DIRECTION('ref_axis',(-1.22464679914735E-16,-1.,0.));
#3793=DIRECTION('',(1.,-1.22464679914735E-16,0.));
#3794=DIRECTION('center_axis',(-1.,1.22464679914735E-16,0.));
#3795=DIRECTION('ref_axis',(-1.22464679914735E-16,-1.,0.));
#3796=DIRECTION('center_axis',(1.,-1.22464679914735E-16,0.));
#3797=DIRECTION('ref_axis',(-1.22464679914735E-16,-1.,0.));
#3798=DIRECTION('center_axis',(1.,-1.22464679914735E-16,0.));
#3799=DIRECTION('ref_axis',(-1.22464679914735E-16,-1.,0.));
#3800=DIRECTION('',(1.,-1.22464679914735E-16,0.));
#3801=DIRECTION('center_axis',(-1.,1.22464679914735E-16,0.));
#3802=DIRECTION('ref_axis',(-1.22464679914735E-16,-1.,0.));
#3803=DIRECTION('center_axis',(1.,-1.22464679914735E-16,0.));
#3804=DIRECTION('ref_axis',(1.22464679914735E-16,1.,0.));
#3805=DIRECTION('',(-1.22464679914735E-16,-1.,0.));
#3806=DIRECTION('',(0.,0.,1.));
#3807=DIRECTION('',(1.22464679914735E-16,1.,0.));
#3808=DIRECTION('',(0.,0.,1.));
#3809=DIRECTION('center_axis',(0.,0.,1.));
#3810=DIRECTION('ref_axis',(-1.,1.22464679914735E-16,0.));
#3811=DIRECTION('',(1.,-1.22464679914735E-16,0.));
#3812=DIRECTION('',(-1.,1.22464679914735E-16,0.));
#3813=DIRECTION('',(-1.22464679914735E-16,-1.,0.));
#3814=DIRECTION('center_axis',(0.,0.,1.));
#3815=DIRECTION('ref_axis',(-1.,1.22464679914735E-16,0.));
#3816=DIRECTION('',(1.,-1.22464679914735E-16,0.));
#3817=DIRECTION('',(1.22464679914735E-16,1.,0.));
#3818=DIRECTION('',(-1.,1.22464679914735E-16,0.));
#3819=DIRECTION('center_axis',(-1.,1.22464679914735E-16,0.));
#3820=DIRECTION('ref_axis',(-1.22464679914735E-16,-1.,0.));
#3821=DIRECTION('',(1.22464679914735E-16,1.,0.));
#3822=DIRECTION('',(0.,0.,1.));
#3823=DIRECTION('',(0.,0.,1.));
#3824=DIRECTION('center_axis',(1.22464679914735E-16,1.,0.));
#3825=DIRECTION('ref_axis',(-1.,1.22464679914735E-16,0.));
#3826=DIRECTION('',(1.,-1.22464679914735E-16,0.));
#3827=DIRECTION('',(0.,0.,1.));
#3828=DIRECTION('center_axis',(1.,-1.22464679914735E-16,0.));
#3829=DIRECTION('ref_axis',(1.22464679914735E-16,1.,0.));
#3830=DIRECTION('',(-1.22464679914735E-16,-1.,0.));
#3831=DIRECTION('',(0.,0.,1.));
#3832=DIRECTION('center_axis',(-1.22464679914735E-16,-1.,0.));
#3833=DIRECTION('ref_axis',(1.,-1.22464679914735E-16,0.));
#3834=DIRECTION('',(-1.,1.22464679914735E-16,0.));
#3835=DIRECTION('center_axis',(0.,0.,1.));
#3836=DIRECTION('ref_axis',(1.,-1.22464679914735E-16,0.));
#3837=DIRECTION('center_axis',(-1.,0.,0.));
#3838=DIRECTION('ref_axis',(0.,1.,0.));
#3839=DIRECTION('center_axis',(1.,0.,-2.69186426636468E-17));
#3840=DIRECTION('ref_axis',(0.,1.,0.));
#3841=DIRECTION('',(1.,0.,0.));
#3842=DIRECTION('center_axis',(-1.,0.,2.69186426636468E-17));
#3843=DIRECTION('ref_axis',(0.,1.,0.));
#3844=DIRECTION('center_axis',(-1.,0.,0.));
#3845=DIRECTION('ref_axis',(0.,1.,0.));
#3846=DIRECTION('center_axis',(-1.,0.,2.69186426636468E-17));
#3847=DIRECTION('ref_axis',(0.,1.,0.));
#3848=DIRECTION('',(1.,0.,0.));
#3849=DIRECTION('center_axis',(1.,0.,-2.69186426636468E-17));
#3850=DIRECTION('ref_axis',(0.,1.,0.));
#3851=DIRECTION('center_axis',(1.,4.34347717653912E-33,-2.69186426636468E-17));
#3852=DIRECTION('ref_axis',(-4.34347717653912E-33,1.,1.16920510032962E-49));
#3853=DIRECTION('center_axis',(1.,4.34347717653912E-33,-2.69186426636468E-17));
#3854=DIRECTION('ref_axis',(-4.34347717653912E-33,1.,1.16920510032962E-49));
#3855=DIRECTION('center_axis',(1.,-1.22464679914735E-16,0.));
#3856=DIRECTION('ref_axis',(-1.22464679914735E-16,-1.,0.));
#3857=DIRECTION('center_axis',(1.,-1.22464679914735E-16,0.));
#3858=DIRECTION('ref_axis',(-1.22464679914735E-16,-1.,0.));
#3859=DIRECTION('',(1.,-1.22464679914735E-16,0.));
#3860=DIRECTION('center_axis',(-1.,1.22464679914735E-16,0.));
#3861=DIRECTION('ref_axis',(-1.22464679914735E-16,-1.,0.));
#3862=DIRECTION('center_axis',(1.,-1.22464679914735E-16,0.));
#3863=DIRECTION('ref_axis',(-1.22464679914735E-16,-1.,0.));
#3864=DIRECTION('center_axis',(1.,-1.22464679914735E-16,0.));
#3865=DIRECTION('ref_axis',(-1.22464679914735E-16,-1.,0.));
#3866=DIRECTION('',(1.,-1.22464679914735E-16,0.));
#3867=DIRECTION('center_axis',(-1.,1.22464679914735E-16,0.));
#3868=DIRECTION('ref_axis',(-1.22464679914735E-16,-1.,0.));
#3869=DIRECTION('center_axis',(1.,-1.22464679914735E-16,0.));
#3870=DIRECTION('ref_axis',(-1.22464679914735E-16,-1.,0.));
#3871=DIRECTION('center_axis',(1.,-1.22464679914735E-16,0.));
#3872=DIRECTION('ref_axis',(-1.22464679914735E-16,-1.,0.));
#3873=DIRECTION('',(1.,-1.22464679914735E-16,0.));
#3874=DIRECTION('center_axis',(-1.,1.22464679914735E-16,0.));
#3875=DIRECTION('ref_axis',(-1.22464679914735E-16,-1.,0.));
#3876=DIRECTION('center_axis',(1.,-1.22464679914735E-16,0.));
#3877=DIRECTION('ref_axis',(1.22464679914735E-16,1.,0.));
#3878=DIRECTION('',(-1.22464679914735E-16,-1.,0.));
#3879=DIRECTION('',(0.,0.,1.));
#3880=DIRECTION('',(1.22464679914735E-16,1.,0.));
#3881=DIRECTION('',(0.,0.,1.));
#3882=DIRECTION('center_axis',(0.,0.,1.));
#3883=DIRECTION('ref_axis',(-1.,1.22464679914735E-16,0.));
#3884=DIRECTION('',(1.,-1.22464679914735E-16,0.));
#3885=DIRECTION('',(-1.,1.22464679914735E-16,0.));
#3886=DIRECTION('',(-1.22464679914735E-16,-1.,0.));
#3887=DIRECTION('center_axis',(0.,0.,1.));
#3888=DIRECTION('ref_axis',(-1.,1.22464679914735E-16,0.));
#3889=DIRECTION('',(1.,-1.22464679914735E-16,0.));
#3890=DIRECTION('',(1.22464679914735E-16,1.,0.));
#3891=DIRECTION('',(-1.,1.22464679914735E-16,0.));
#3892=DIRECTION('center_axis',(-1.,1.22464679914735E-16,0.));
#3893=DIRECTION('ref_axis',(-1.22464679914735E-16,-1.,0.));
#3894=DIRECTION('',(1.22464679914735E-16,1.,0.));
#3895=DIRECTION('',(0.,0.,1.));
#3896=DIRECTION('',(0.,0.,1.));
#3897=DIRECTION('center_axis',(1.22464679914735E-16,1.,0.));
#3898=DIRECTION('ref_axis',(-1.,1.22464679914735E-16,0.));
#3899=DIRECTION('',(1.,-1.22464679914735E-16,0.));
#3900=DIRECTION('',(0.,0.,1.));
#3901=DIRECTION('center_axis',(1.,-1.22464679914735E-16,0.));
#3902=DIRECTION('ref_axis',(1.22464679914735E-16,1.,0.));
#3903=DIRECTION('',(-1.22464679914735E-16,-1.,0.));
#3904=DIRECTION('',(0.,0.,1.));
#3905=DIRECTION('center_axis',(-1.22464679914735E-16,-1.,0.));
#3906=DIRECTION('ref_axis',(1.,-1.22464679914735E-16,0.));
#3907=DIRECTION('',(-1.,1.22464679914735E-16,0.));
#3908=DIRECTION('center_axis',(0.,0.,1.));
#3909=DIRECTION('ref_axis',(1.,-1.22464679914735E-16,0.));
#3910=CARTESIAN_POINT('',(0.,0.,0.));
#3911=CARTESIAN_POINT('Origin',(117.000001743436,95.5468394180914,40.6751552493951));
#3912=CARTESIAN_POINT('',(117.000001743436,98.7718394180914,40.6751552493951));
#3913=CARTESIAN_POINT('Origin',(117.000001743436,95.5468394180914,40.6751552493951));
#3914=CARTESIAN_POINT('',(119.221971655245,98.7718394180914,40.6751552493951));
#3915=CARTESIAN_POINT('',(117.000001743436,98.7718394180914,40.6751552493951));
#3916=CARTESIAN_POINT('Origin',(119.221971655245,95.5468394180914,40.6751552493951));
#3917=CARTESIAN_POINT('Origin',(117.000001743436,87.1999980509281,59.699998665601));
#3918=CARTESIAN_POINT('',(117.000001743436,89.1499980509281,59.699998665601));
#3919=CARTESIAN_POINT('Origin',(117.000001743436,87.1999980509281,59.699998665601));
#3920=CARTESIAN_POINT('',(119.221971655245,89.1499980509281,59.699998665601));
#3921=CARTESIAN_POINT('',(117.000001743436,89.1499980509281,59.699998665601));
#3922=CARTESIAN_POINT('Origin',(119.221971655245,87.1999980509281,59.699998665601));
#3923=CARTESIAN_POINT('Origin',(117.000001743436,87.1999980509281,21.599998665601));
#3924=CARTESIAN_POINT('',(117.000001743436,89.1499980509281,21.599998665601));
#3925=CARTESIAN_POINT('Origin',(117.000001743436,87.1999980509281,21.599998665601));
#3926=CARTESIAN_POINT('',(119.221971655245,89.1499980509281,21.599998665601));
#3927=CARTESIAN_POINT('',(117.000001743436,89.1499980509281,21.599998665601));
#3928=CARTESIAN_POINT('Origin',(119.221971655245,87.1999980509281,21.599998665601));
#3929=CARTESIAN_POINT('Origin',(119.221971655245,80.,12.));
#3930=CARTESIAN_POINT('',(119.221971655245,127.532816310412,2.));
#3931=CARTESIAN_POINT('',(119.221971655245,127.532816310412,62.));
#3932=CARTESIAN_POINT('',(119.221971655245,127.532816310412,12.));
#3933=CARTESIAN_POINT('',(119.221971655245,80.,62.));
#3934=CARTESIAN_POINT('',(119.221971655245,80.,62.));
#3935=CARTESIAN_POINT('',(119.221971655245,80.,2.));
#3936=CARTESIAN_POINT('',(119.221971655245,80.,12.));
#3937=CARTESIAN_POINT('',(119.221971655245,40.,2.));
#3938=CARTESIAN_POINT('Origin',(117.000001743436,127.532816310412,12.));
#3939=CARTESIAN_POINT('',(117.000001743436,127.532816310412,12.));
#3940=CARTESIAN_POINT('',(117.000001743436,80.0000011920929,12.));
#3941=CARTESIAN_POINT('',(117.000001743436,127.532816310412,12.));
#3942=CARTESIAN_POINT('',(117.000001743436,80.0000011920929,62.));
#3943=CARTESIAN_POINT('',(117.000001743436,80.0000011920929,12.));
#3944=CARTESIAN_POINT('',(117.000001743436,127.532816310412,62.));
#3945=CARTESIAN_POINT('',(117.000001743436,127.532816310412,62.));
#3946=CARTESIAN_POINT('',(117.000001743436,127.532816310412,12.));
#3947=CARTESIAN_POINT('Origin',(118.11098669934,103.766408155206,62.));
#3948=CARTESIAN_POINT('',(50.,80.,62.));
#3949=CARTESIAN_POINT('',(119.221971655245,127.532816310412,62.));
#3950=CARTESIAN_POINT('Origin',(117.000001743436,80.,12.));
#3951=CARTESIAN_POINT('',(50.,80.,12.));
#3952=CARTESIAN_POINT('',(50.,80.,12.));
#3953=CARTESIAN_POINT('',(50.,80.,2.));
#3954=CARTESIAN_POINT('',(50.,80.,12.));
#3955=CARTESIAN_POINT('',(58.500000871718,80.,2.));
#3956=CARTESIAN_POINT('Origin',(50.,127.532816310412,12.));
#3957=CARTESIAN_POINT('',(50.,127.532816310412,12.));
#3958=CARTESIAN_POINT('',(119.221971655245,127.532816310412,12.));
#3959=CARTESIAN_POINT('',(50.,127.532816310412,2.));
#3960=CARTESIAN_POINT('',(59.6109858276223,127.532816310412,2.));
#3961=CARTESIAN_POINT('',(50.,127.532816310412,12.));
#3962=CARTESIAN_POINT('Origin',(50.,80.,12.));
#3963=CARTESIAN_POINT('',(50.,127.532816310412,12.));
#3964=CARTESIAN_POINT('',(50.,40.,2.));
#3965=CARTESIAN_POINT('Origin',(83.5000008717179,103.766408155206,12.));
#3966=CARTESIAN_POINT('Origin',(-125.,-99.4531160881162,40.6750791780989));
#3967=CARTESIAN_POINT('',(-125.,-87.6382278581912,40.6750791780989));
#3968=CARTESIAN_POINT('Origin',(-125.,-99.4531160881162,40.6750791780989));
#3969=CARTESIAN_POINT('',(-123.,-87.6382278581912,40.6750791780989));
#3970=CARTESIAN_POINT('',(-125.,-87.6382278581912,40.6750791780989));
#3971=CARTESIAN_POINT('Origin',(-123.,-99.4531160881162,40.6750791780989));
#3972=CARTESIAN_POINT('Origin',(-125.,95.5468839118838,40.6750791780989));
#3973=CARTESIAN_POINT('',(-125.,107.361772141809,40.6750791780989));
#3974=CARTESIAN_POINT('Origin',(-125.,95.5468839118838,40.6750791780989));
#3975=CARTESIAN_POINT('',(-123.,107.361772141809,40.6750791780989));
#3976=CARTESIAN_POINT('',(-125.,107.361772141809,40.6750791780989));
#3977=CARTESIAN_POINT('Origin',(-123.,95.5468839118838,40.6750791780989));
#3978=CARTESIAN_POINT('Origin',(125.,-99.4528635633417,40.6750482523286));
#3979=CARTESIAN_POINT('',(125.,-111.202863563342,40.6750482523286));
#3980=CARTESIAN_POINT('Origin',(125.,-99.4528635633417,40.6750482523286));
#3981=CARTESIAN_POINT('',(123.,-111.202863563342,40.6750482523286));
#3982=CARTESIAN_POINT('',(125.,-111.202863563342,40.6750482523286));
#3983=CARTESIAN_POINT('Origin',(123.,-99.4528635633417,40.6750482523286));
#3984=CARTESIAN_POINT('Origin',(125.,95.5471364366583,40.6750482523286));
#3985=CARTESIAN_POINT('',(125.,83.7971364366583,40.6750482523286));
#3986=CARTESIAN_POINT('Origin',(125.,95.5471364366583,40.6750482523286));
#3987=CARTESIAN_POINT('',(123.,83.7971364366583,40.6750482523286));
#3988=CARTESIAN_POINT('',(125.,83.7971364366583,40.6750482523286));
#3989=CARTESIAN_POINT('Origin',(123.,95.5471364366583,40.6750482523286));
#3990=CARTESIAN_POINT('Origin',(-111.,-8.88178419700125E-14,1.175));
#3991=CARTESIAN_POINT('',(-114.25,-8.84198317602896E-14,2.));
#3992=CARTESIAN_POINT('Origin',(-111.,-8.88178419700125E-14,2.));
#3993=CARTESIAN_POINT('',(-112.6,-8.86218984821489E-14,0.35));
#3994=CARTESIAN_POINT('',(-113.425,-8.85208651212193E-14,1.175));
#3995=CARTESIAN_POINT('Origin',(-111.,-8.88178419700125E-14,0.35));
#3996=CARTESIAN_POINT('Origin',(-111.,-8.88178419700125E-14,0.899999999999949));
#3997=CARTESIAN_POINT('',(-112.6,-8.90137854578761E-14,0.));
#3998=CARTESIAN_POINT('',(-112.6,-8.86218984821489E-14,0.899999999999949));
#3999=CARTESIAN_POINT('Origin',(-111.,-8.88178419700125E-14,0.));
#4000=CARTESIAN_POINT('Origin',(7.105427357601E-14,-136.,1.175));
#4001=CARTESIAN_POINT('',(-3.24999999999993,-136.,2.));
#4002=CARTESIAN_POINT('Origin',(7.105427357601E-14,-136.,2.));
#4003=CARTESIAN_POINT('',(-1.59999999999993,-136.,0.35));
#4004=CARTESIAN_POINT('',(-2.42499999999993,-136.,1.175));
#4005=CARTESIAN_POINT('Origin',(7.105427357601E-14,-136.,0.35));
#4006=CARTESIAN_POINT('Origin',(7.105427357601E-14,-136.,0.899999999999949));
#4007=CARTESIAN_POINT('',(-1.59999999999993,-136.,0.));
#4008=CARTESIAN_POINT('',(-1.59999999999993,-136.,0.899999999999949));
#4009=CARTESIAN_POINT('Origin',(7.105427357601E-14,-136.,0.));
#4010=CARTESIAN_POINT('Origin',(111.,1.06581410364015E-13,1.175));
#4011=CARTESIAN_POINT('',(107.75,1.06979420573738E-13,2.));
#4012=CARTESIAN_POINT('Origin',(111.,1.06581410364015E-13,2.));
#4013=CARTESIAN_POINT('',(109.4,1.06777353851879E-13,0.35));
#4014=CARTESIAN_POINT('',(108.575,1.06878387212808E-13,1.175));
#4015=CARTESIAN_POINT('Origin',(111.,1.06581410364015E-13,0.35));
#4016=CARTESIAN_POINT('Origin',(111.,1.06581410364015E-13,0.899999999999949));
#4017=CARTESIAN_POINT('',(109.4,1.06385466876151E-13,0.));
#4018=CARTESIAN_POINT('',(109.4,1.06777353851879E-13,0.899999999999949));
#4019=CARTESIAN_POINT('Origin',(111.,1.06581410364015E-13,0.));
#4020=CARTESIAN_POINT('Origin',(1.4210854715202E-13,136.,1.175));
#4021=CARTESIAN_POINT('',(-3.24999999999986,136.,2.));
#4022=CARTESIAN_POINT('Origin',(1.4210854715202E-13,136.,2.));
#4023=CARTESIAN_POINT('',(-1.59999999999986,136.,0.35));
#4024=CARTESIAN_POINT('',(-2.42499999999986,136.,1.175));
#4025=CARTESIAN_POINT('Origin',(1.4210854715202E-13,136.,0.35));
#4026=CARTESIAN_POINT('Origin',(1.4210854715202E-13,136.,0.899999999999949));
#4027=CARTESIAN_POINT('',(-1.59999999999986,136.,0.));
#4028=CARTESIAN_POINT('',(-1.59999999999986,136.,0.899999999999949));
#4029=CARTESIAN_POINT('Origin',(1.4210854715202E-13,136.,0.));
#4030=CARTESIAN_POINT('Origin',(99.2010101267768,136.,1.175));
#4031=CARTESIAN_POINT('',(95.9510101267768,136.,2.));
#4032=CARTESIAN_POINT('Origin',(99.2010101267768,136.,2.));
#4033=CARTESIAN_POINT('',(97.6010101267768,136.,0.350000000000001));
#4034=CARTESIAN_POINT('',(96.7760101267768,136.,1.175));
#4035=CARTESIAN_POINT('Origin',(99.2010101267768,136.,0.35));
#4036=CARTESIAN_POINT('Origin',(99.2010101267768,136.,0.899999999999949));
#4037=CARTESIAN_POINT('',(97.6010101267768,136.,0.));
#4038=CARTESIAN_POINT('',(97.6010101267768,136.,0.899999999999949));
#4039=CARTESIAN_POINT('Origin',(99.2010101267768,136.,0.));
#4040=CARTESIAN_POINT('Origin',(99.2010101267767,-136.,1.175));
#4041=CARTESIAN_POINT('',(95.9510101267767,-136.,2.));
#4042=CARTESIAN_POINT('Origin',(99.2010101267767,-136.,2.));
#4043=CARTESIAN_POINT('',(97.6010101267767,-136.,0.350000000000001));
#4044=CARTESIAN_POINT('',(96.7760101267767,-136.,1.175));
#4045=CARTESIAN_POINT('Origin',(99.2010101267767,-136.,0.35));
#4046=CARTESIAN_POINT('Origin',(99.2010101267767,-136.,0.899999999999949));
#4047=CARTESIAN_POINT('',(97.6010101267767,-136.,0.));
#4048=CARTESIAN_POINT('',(97.6010101267767,-136.,0.899999999999949));
#4049=CARTESIAN_POINT('Origin',(99.2010101267767,-136.,0.));
#4050=CARTESIAN_POINT('Origin',(-99.2010101267766,-136.,1.175));
#4051=CARTESIAN_POINT('',(-102.451010126777,-136.,2.));
#4052=CARTESIAN_POINT('Origin',(-99.2010101267766,-136.,2.));
#4053=CARTESIAN_POINT('',(-100.801010126777,-136.,0.350000000000001));
#4054=CARTESIAN_POINT('',(-101.626010126777,-136.,1.175));
#4055=CARTESIAN_POINT('Origin',(-99.2010101267766,-136.,0.35));
#4056=CARTESIAN_POINT('Origin',(-99.2010101267766,-136.,0.899999999999949));
#4057=CARTESIAN_POINT('',(-100.801010126777,-136.,0.));
#4058=CARTESIAN_POINT('',(-100.801010126777,-136.,0.899999999999949));
#4059=CARTESIAN_POINT('Origin',(-99.2010101267766,-136.,0.));
#4060=CARTESIAN_POINT('Origin',(-99.2010101267765,136.,1.175));
#4061=CARTESIAN_POINT('',(-102.451010126777,136.,2.));
#4062=CARTESIAN_POINT('Origin',(-99.2010101267765,136.,2.));
#4063=CARTESIAN_POINT('',(-100.801010126777,136.,0.350000000000001));
#4064=CARTESIAN_POINT('',(-101.626010126777,136.,1.175));
#4065=CARTESIAN_POINT('Origin',(-99.2010101267765,136.,0.35));
#4066=CARTESIAN_POINT('Origin',(-99.2010101267765,136.,0.899999999999949));
#4067=CARTESIAN_POINT('',(-100.801010126777,136.,0.));
#4068=CARTESIAN_POINT('',(-100.801010126777,136.,0.899999999999949));
#4069=CARTESIAN_POINT('Origin',(-99.2010101267765,136.,0.));
#4070=CARTESIAN_POINT('Origin',(112.171572875254,137.171572875254,4.));
#4071=CARTESIAN_POINT('',(123.648846697643,131.351153302357,3.99999999999991));
#4072=CARTESIAN_POINT('',(106.351153302357,148.648846697643,3.99999999999995));
#4073=CARTESIAN_POINT('',(115.,140.,3.99999999999991));
#4074=CARTESIAN_POINT('',(120.820419572897,128.522726177611,6.66133814775094E-15));
#4075=CARTESIAN_POINT('Origin',(120.820419572897,128.522726177611,4.));
#4076=CARTESIAN_POINT('',(103.522726177611,145.820419572897,6.66133814775094E-15));
#4077=CARTESIAN_POINT('',(122.835786437627,126.507359312881,1.38777878078145E-16));
#4078=CARTESIAN_POINT('Origin',(103.522726177611,145.820419572897,4.));
#4079=CARTESIAN_POINT('Origin',(104.936939739984,147.23463313527,-0.523893421169319));
#4080=CARTESIAN_POINT('',(104.936939739984,147.23463313527,3.99999999999999));
#4081=CARTESIAN_POINT('',(105.248066723706,147.545760118992,3.99999999999999));
#4082=CARTESIAN_POINT('',(104.936939739985,147.234633135271,80.));
#4083=CARTESIAN_POINT('',(104.936939739984,147.23463313527,-0.523893421169319));
#4084=CARTESIAN_POINT('',(106.351153302358,148.648846697644,80.));
#4085=CARTESIAN_POINT('',(104.936939739985,147.234633135271,80.));
#4086=CARTESIAN_POINT('',(106.351153302357,148.648846697643,-0.523893421169355));
#4087=CARTESIAN_POINT('Origin',(113.585786437627,138.585786437627,39.7380532894153));
#4088=CARTESIAN_POINT('',(122.23463313527,129.936939739984,3.99999999999999));
#4089=CARTESIAN_POINT('',(113.585786437627,138.585786437627,3.99999999999995));
#4090=CARTESIAN_POINT('',(122.234633135271,129.936939739985,80.));
#4091=CARTESIAN_POINT('',(122.23463313527,129.936939739984,-0.523893421169319));
#4092=CARTESIAN_POINT('',(122.234633135271,129.936939739985,80.));
#4093=CARTESIAN_POINT('Origin',(122.23463313527,129.936939739984,3.99999999999999));
#4094=CARTESIAN_POINT('',(122.545760118992,130.248066723706,3.99999999999999));
#4095=CARTESIAN_POINT('',(120.820419572897,128.522726177611,2.00000000000001));
#4096=CARTESIAN_POINT('Origin',(120.820419572897,128.522726177611,4.));
#4097=CARTESIAN_POINT('',(120.820419572897,128.522726177611,2.99999999999999));
#4098=CARTESIAN_POINT('Origin',(106.351153302357,148.648846697643,3.99999999999998));
#4099=CARTESIAN_POINT('',(103.522726177611,145.820419572897,2.00000000000001));
#4100=CARTESIAN_POINT('',(103.522726177611,145.820419572897,2.99999999999999));
#4101=CARTESIAN_POINT('Origin',(103.522726177611,145.820419572897,4.));
#4102=CARTESIAN_POINT('Origin',(122.234633135271,129.936939739985,80.));
#4103=CARTESIAN_POINT('',(123.648846697644,131.351153302358,80.));
#4104=CARTESIAN_POINT('',(123.648846697643,131.351153302357,3.99999999999995));
#4105=CARTESIAN_POINT('',(122.234633135271,129.936939739985,80.));
#4106=CARTESIAN_POINT('Origin',(104.936939739985,147.234633135271,80.));
#4107=CARTESIAN_POINT('',(123.648846697644,131.351153302358,80.));
#4108=CARTESIAN_POINT('Origin',(112.171572875254,137.171572875254,4.));
#4109=CARTESIAN_POINT('',(122.835786437627,126.507359312881,2.));
#4110=CARTESIAN_POINT('Origin',(115.,140.000000000001,39.7380532894153));
#4111=CARTESIAN_POINT('Origin',(-112.171572875254,137.171572875254,4.));
#4112=CARTESIAN_POINT('',(-106.351153302357,148.648846697643,3.99999999999999));
#4113=CARTESIAN_POINT('',(-123.648846697643,131.351153302357,3.99999999999995));
#4114=CARTESIAN_POINT('',(-115.,140.,3.99999999999995));
#4115=CARTESIAN_POINT('',(-103.522726177611,145.820419572897,7.7715611723761E-15));
#4116=CARTESIAN_POINT('Origin',(-103.522726177611,145.820419572897,4.));
#4117=CARTESIAN_POINT('',(-120.820419572897,128.522726177611,7.7715611723761E-15));
#4118=CARTESIAN_POINT('',(-114.007359312881,135.335786437627,0.));
#4119=CARTESIAN_POINT('Origin',(-120.820419572897,128.522726177611,4.));
#4120=CARTESIAN_POINT('Origin',(-122.23463313527,129.936939739984,-0.523893421169355));
#4121=CARTESIAN_POINT('',(-122.23463313527,129.936939739984,3.99999999999995));
#4122=CARTESIAN_POINT('',(-122.545760118992,130.248066723706,3.99999999999999));
#4123=CARTESIAN_POINT('',(-122.23463313527,129.936939739984,79.9999999999999));
#4124=CARTESIAN_POINT('',(-122.23463313527,129.936939739984,-0.523893421169355));
#4125=CARTESIAN_POINT('',(-123.648846697643,131.351153302357,79.9999999999999));
#4126=CARTESIAN_POINT('',(-122.23463313527,129.936939739984,79.9999999999999));
#4127=CARTESIAN_POINT('',(-123.648846697643,131.351153302357,-0.523893421169355));
#4128=CARTESIAN_POINT('Origin',(-113.585786437627,138.585786437627,39.7380532894153));
#4129=CARTESIAN_POINT('',(-104.936939739984,147.23463313527,4.00000000000002));
#4130=CARTESIAN_POINT('',(-113.585786437627,138.585786437627,3.99999999999995));
#4131=CARTESIAN_POINT('',(-104.936939739984,147.23463313527,80.));
#4132=CARTESIAN_POINT('',(-104.936939739984,147.23463313527,-0.523893421169319));
#4133=CARTESIAN_POINT('',(-104.936939739984,147.23463313527,80.));
#4134=CARTESIAN_POINT('Origin',(-104.936939739984,147.23463313527,4.));
#4135=CARTESIAN_POINT('',(-105.248066723706,147.545760118992,3.99999999999999));
#4136=CARTESIAN_POINT('',(-103.522726177611,145.820419572897,2.00000000000001));
#4137=CARTESIAN_POINT('Origin',(-103.522726177611,145.820419572897,4.));
#4138=CARTESIAN_POINT('',(-103.522726177611,145.820419572897,3.));
#4139=CARTESIAN_POINT('Origin',(-123.648846697643,131.351153302357,3.99999999999998));
#4140=CARTESIAN_POINT('',(-120.820419572897,128.522726177611,2.00000000000001));
#4141=CARTESIAN_POINT('',(-120.820419572897,128.522726177611,2.99999999999999));
#4142=CARTESIAN_POINT('Origin',(-120.820419572897,128.522726177611,4.));
#4143=CARTESIAN_POINT('Origin',(-104.936939739984,147.23463313527,80.));
#4144=CARTESIAN_POINT('',(-106.351153302357,148.648846697643,80.));
#4145=CARTESIAN_POINT('',(-106.351153302357,148.648846697643,3.99999999999995));
#4146=CARTESIAN_POINT('',(-104.936939739984,147.23463313527,80.));
#4147=CARTESIAN_POINT('Origin',(-122.23463313527,129.936939739984,79.9999999999999));
#4148=CARTESIAN_POINT('',(-106.351153302357,148.648846697643,80.));
#4149=CARTESIAN_POINT('Origin',(-112.171572875254,137.171572875254,4.));
#4150=CARTESIAN_POINT('',(-114.007359312881,135.335786437627,2.));
#4151=CARTESIAN_POINT('Origin',(-115.,140.,39.7380532894153));
#4152=CARTESIAN_POINT('Origin',(-112.171572875254,-137.171572875254,4.));
#4153=CARTESIAN_POINT('',(-123.648846697643,-131.351153302357,4.00000000000006));
#4154=CARTESIAN_POINT('',(-106.351153302357,-148.648846697643,4.00000000000006));
#4155=CARTESIAN_POINT('',(-115.,-140.,4.00000000000002));
#4156=CARTESIAN_POINT('',(-120.820419572897,-128.522726177611,6.38378239159465E-15));
#4157=CARTESIAN_POINT('Origin',(-120.820419572897,-128.522726177611,4.));
#4158=CARTESIAN_POINT('',(-103.522726177611,-145.820419572897,7.49400541621981E-15));
#4159=CARTESIAN_POINT('',(-122.835786437627,-126.507359312881,0.));
#4160=CARTESIAN_POINT('Origin',(-103.522726177611,-145.820419572897,4.));
#4161=CARTESIAN_POINT('Origin',(-104.936939739984,-147.23463313527,-0.523893421169248));
#4162=CARTESIAN_POINT('',(-104.936939739984,-147.23463313527,4.00000000000006));
#4163=CARTESIAN_POINT('',(-105.248066723706,-147.545760118992,4.00000000000006));
#4164=CARTESIAN_POINT('',(-104.936939739984,-147.23463313527,80.0000000000001));
#4165=CARTESIAN_POINT('',(-104.936939739984,-147.23463313527,-0.523893421169248));
#4166=CARTESIAN_POINT('',(-106.351153302357,-148.648846697643,80.0000000000001));
#4167=CARTESIAN_POINT('',(-104.936939739984,-147.23463313527,80.0000000000001));
#4168=CARTESIAN_POINT('',(-106.351153302357,-148.648846697643,-0.523893421169248));
#4169=CARTESIAN_POINT('Origin',(-113.585786437627,-138.585786437627,39.7380532894154));
#4170=CARTESIAN_POINT('',(-122.23463313527,-129.936939739984,4.00000000000006));
#4171=CARTESIAN_POINT('',(-113.585786437627,-138.585786437627,4.00000000000002));
#4172=CARTESIAN_POINT('',(-122.23463313527,-129.936939739984,80.0000000000001));
#4173=CARTESIAN_POINT('',(-122.23463313527,-129.936939739984,-0.523893421169248));
#4174=CARTESIAN_POINT('',(-122.23463313527,-129.936939739984,80.0000000000001));
#4175=CARTESIAN_POINT('Origin',(-122.23463313527,-129.936939739984,4.));
#4176=CARTESIAN_POINT('',(-122.545760118992,-130.248066723706,4.00000000000002));
#4177=CARTESIAN_POINT('',(-120.820419572897,-128.522726177611,2.00000000000001));
#4178=CARTESIAN_POINT('Origin',(-120.820419572897,-128.522726177611,4.));
#4179=CARTESIAN_POINT('',(-120.820419572897,-128.522726177611,3.));
#4180=CARTESIAN_POINT('Origin',(-106.351153302357,-148.648846697643,4.00000000000001));
#4181=CARTESIAN_POINT('',(-103.522726177611,-145.820419572897,2.00000000000001));
#4182=CARTESIAN_POINT('',(-103.522726177611,-145.820419572897,3.));
#4183=CARTESIAN_POINT('Origin',(-103.522726177611,-145.820419572897,4.));
#4184=CARTESIAN_POINT('Origin',(-122.23463313527,-129.936939739984,80.0000000000001));
#4185=CARTESIAN_POINT('',(-123.648846697643,-131.351153302357,80.0000000000001));
#4186=CARTESIAN_POINT('',(-123.648846697643,-131.351153302357,4.00000000000006));
#4187=CARTESIAN_POINT('',(-122.23463313527,-129.936939739984,80.0000000000001));
#4188=CARTESIAN_POINT('Origin',(-104.936939739984,-147.23463313527,80.0000000000001));
#4189=CARTESIAN_POINT('',(-123.648846697643,-131.351153302357,80.0000000000001));
#4190=CARTESIAN_POINT('Origin',(-112.171572875254,-137.171572875254,4.));
#4191=CARTESIAN_POINT('',(-122.835786437627,-126.507359312881,2.));
#4192=CARTESIAN_POINT('Origin',(-115.,-140.,39.7380532894154));
#4193=CARTESIAN_POINT('Origin',(112.171572875254,-137.171572875254,4.));
#4194=CARTESIAN_POINT('',(106.351153302357,-148.648846697643,4.00000000000002));
#4195=CARTESIAN_POINT('',(123.648846697643,-131.351153302357,4.00000000000002));
#4196=CARTESIAN_POINT('',(115.,-140.,4.00000000000002));
#4197=CARTESIAN_POINT('',(103.522726177611,-145.820419572897,7.49400541621981E-15));
#4198=CARTESIAN_POINT('Origin',(103.522726177611,-145.820419572897,4.));
#4199=CARTESIAN_POINT('',(120.820419572897,-128.522726177611,6.66133814775094E-15));
#4200=CARTESIAN_POINT('',(114.007359312881,-135.335786437627,1.38777878078145E-16));
#4201=CARTESIAN_POINT('Origin',(120.820419572897,-128.522726177611,4.));
#4202=CARTESIAN_POINT('Origin',(122.23463313527,-129.936939739984,-0.523893421169284));
#4203=CARTESIAN_POINT('',(122.23463313527,-129.936939739984,4.00000000000002));
#4204=CARTESIAN_POINT('',(122.545760118992,-130.248066723706,4.00000000000002));
#4205=CARTESIAN_POINT('',(122.23463313527,-129.936939739984,80.));
#4206=CARTESIAN_POINT('',(122.23463313527,-129.936939739984,-0.523893421169284));
#4207=CARTESIAN_POINT('',(123.648846697643,-131.351153302357,80.));
#4208=CARTESIAN_POINT('',(122.23463313527,-129.936939739984,80.));
#4209=CARTESIAN_POINT('',(123.648846697643,-131.351153302357,-0.523893421169284));
#4210=CARTESIAN_POINT('Origin',(113.585786437627,-138.585786437627,39.7380532894153));
#4211=CARTESIAN_POINT('',(104.936939739984,-147.23463313527,4.00000000000002));
#4212=CARTESIAN_POINT('',(113.585786437627,-138.585786437627,4.00000000000002));
#4213=CARTESIAN_POINT('',(104.936939739984,-147.23463313527,80.));
#4214=CARTESIAN_POINT('',(104.936939739984,-147.23463313527,-0.523893421169248));
#4215=CARTESIAN_POINT('',(104.936939739984,-147.23463313527,80.));
#4216=CARTESIAN_POINT('Origin',(104.936939739984,-147.23463313527,3.99999999999999));
#4217=CARTESIAN_POINT('',(105.248066723706,-147.545760118992,4.00000000000002));
#4218=CARTESIAN_POINT('',(103.522726177611,-145.820419572897,2.00000000000001));
#4219=CARTESIAN_POINT('Origin',(103.522726177611,-145.820419572897,4.));
#4220=CARTESIAN_POINT('',(103.522726177611,-145.820419572897,2.99999999999999));
#4221=CARTESIAN_POINT('Origin',(123.648846697643,-131.351153302357,4.00000000000001));
#4222=CARTESIAN_POINT('',(120.820419572897,-128.522726177611,2.00000000000001));
#4223=CARTESIAN_POINT('',(120.820419572897,-128.522726177611,3.));
#4224=CARTESIAN_POINT('Origin',(120.820419572897,-128.522726177611,4.));
#4225=CARTESIAN_POINT('Origin',(104.936939739984,-147.23463313527,80.));
#4226=CARTESIAN_POINT('',(106.351153302357,-148.648846697643,80.));
#4227=CARTESIAN_POINT('',(106.351153302357,-148.648846697643,3.99999999999999));
#4228=CARTESIAN_POINT('',(104.936939739984,-147.23463313527,80.));
#4229=CARTESIAN_POINT('Origin',(122.23463313527,-129.936939739984,80.));
#4230=CARTESIAN_POINT('',(106.351153302357,-148.648846697643,80.));
#4231=CARTESIAN_POINT('Origin',(112.171572875254,-137.171572875254,4.));
#4232=CARTESIAN_POINT('',(114.007359312881,-135.335786437627,2.));
#4233=CARTESIAN_POINT('Origin',(115.,-140.,39.7380532894153));
#4234=CARTESIAN_POINT('Origin',(121.,1.4210854715202E-13,4.));
#4235=CARTESIAN_POINT('',(125.,-128.089180674962,4.));
#4236=CARTESIAN_POINT('',(125.,128.089180674962,4.));
#4237=CARTESIAN_POINT('',(125.,1.17667376472236E-13,3.99999999999999));
#4238=CARTESIAN_POINT('',(121.,-128.089180674961,6.93889390390723E-15));
#4239=CARTESIAN_POINT('Origin',(121.,-128.089180674962,4.));
#4240=CARTESIAN_POINT('',(121.,128.089180674962,7.49400541621981E-15));
#4241=CARTESIAN_POINT('',(121.,-64.1715728752538,0.));
#4242=CARTESIAN_POINT('Origin',(121.,128.089180674962,4.));
#4243=CARTESIAN_POINT('Origin',(123.,128.089180674962,-0.523893421169248));
#4244=CARTESIAN_POINT('',(123.,128.089180674962,4.));
#4245=CARTESIAN_POINT('',(123.44,128.089180674962,4.));
#4246=CARTESIAN_POINT('',(123.,128.089180674962,80.));
#4247=CARTESIAN_POINT('',(123.,128.089180674962,-0.523893421169248));
#4248=CARTESIAN_POINT('',(125.,128.089180674962,80.));
#4249=CARTESIAN_POINT('',(123.,128.089180674962,80.));
#4250=CARTESIAN_POINT('',(125.,128.089180674962,-0.523893421169248));
#4251=CARTESIAN_POINT('Origin',(123.,9.70262666285789E-14,39.7380532894154));
#4252=CARTESIAN_POINT('',(123.,-128.089180674961,4.));
#4253=CARTESIAN_POINT('',(123.,1.19430287339684E-13,3.99999999999999));
#4254=CARTESIAN_POINT('',(123.,-128.089180674962,80.));
#4255=CARTESIAN_POINT('',(123.,-128.089180674961,-0.523893421169284));
#4256=CARTESIAN_POINT('',(123.,-128.089180674962,80.));
#4257=CARTESIAN_POINT('Origin',(123.,-128.089180674962,4.));
#4258=CARTESIAN_POINT('',(123.44,-128.089180674962,4.00000000000002));
#4259=CARTESIAN_POINT('',(121.,-128.089180674961,2.00000000000001));
#4260=CARTESIAN_POINT('Origin',(121.,-128.089180674961,4.));
#4261=CARTESIAN_POINT('',(121.,-128.089180674961,3.));
#4262=CARTESIAN_POINT('Origin',(125.,128.089180674962,4.00000000000001));
#4263=CARTESIAN_POINT('',(121.,128.089180674962,2.00000000000001));
#4264=CARTESIAN_POINT('',(121.,128.089180674962,3.));
#4265=CARTESIAN_POINT('Origin',(121.,128.089180674962,4.));
#4266=CARTESIAN_POINT('Origin',(123.,-128.089180674962,80.));
#4267=CARTESIAN_POINT('',(125.,-128.089180674962,80.));
#4268=CARTESIAN_POINT('',(125.,-128.089180674962,4.));
#4269=CARTESIAN_POINT('',(123.,-128.089180674962,80.));
#4270=CARTESIAN_POINT('Origin',(123.,128.089180674962,80.));
#4271=CARTESIAN_POINT('',(125.,-128.089180674962,80.));
#4272=CARTESIAN_POINT('Origin',(121.,1.4210854715202E-13,4.));
#4273=CARTESIAN_POINT('',(121.,-64.1715728752538,2.));
#4274=CARTESIAN_POINT('Origin',(125.,9.37727771276521E-14,39.7380532894154));
#4275=CARTESIAN_POINT('Origin',(1.77635683940025E-14,-146.,4.));
#4276=CARTESIAN_POINT('',(-103.089180674961,-150.,3.99999999999999));
#4277=CARTESIAN_POINT('',(103.089180674962,-150.,3.99999999999999));
#4278=CARTESIAN_POINT('',(3.5527136788005E-14,-150.,3.99999999999999));
#4279=CARTESIAN_POINT('',(-103.089180674962,-146.,7.21644966006352E-15));
#4280=CARTESIAN_POINT('Origin',(-103.089180674961,-146.,4.));
#4281=CARTESIAN_POINT('',(103.089180674962,-146.,7.7715611723761E-15));
#4282=CARTESIAN_POINT('',(-51.6715728752538,-146.,0.));
#4283=CARTESIAN_POINT('Origin',(103.089180674962,-146.,4.));
#4284=CARTESIAN_POINT('Origin',(103.089180674962,-148.,-0.523893421169284));
#4285=CARTESIAN_POINT('',(103.089180674962,-148.,4.));
#4286=CARTESIAN_POINT('',(103.089180674962,-148.44,3.99999999999999));
#4287=CARTESIAN_POINT('',(103.089180674962,-148.,80.));
#4288=CARTESIAN_POINT('',(103.089180674962,-148.,-0.523893421169284));
#4289=CARTESIAN_POINT('',(103.089180674962,-150.,80.));
#4290=CARTESIAN_POINT('',(103.089180674962,-148.,80.));
#4291=CARTESIAN_POINT('',(103.089180674962,-150.,-0.523893421169301));
#4292=CARTESIAN_POINT('Origin',(5.01861780285964E-14,-148.,39.7380532894154));
#4293=CARTESIAN_POINT('',(-103.089180674962,-148.,4.));
#4294=CARTESIAN_POINT('',(3.39742808866156E-14,-148.,4.));
#4295=CARTESIAN_POINT('',(-103.089180674961,-148.,80.));
#4296=CARTESIAN_POINT('',(-103.089180674962,-148.,-0.523893421169284));
#4297=CARTESIAN_POINT('',(-103.089180674961,-148.,80.));
#4298=CARTESIAN_POINT('Origin',(-103.089180674961,-148.,3.99999999999999));
#4299=CARTESIAN_POINT('',(-103.089180674961,-148.44,3.99999999999999));
#4300=CARTESIAN_POINT('',(-103.089180674962,-146.,2.00000000000001));
#4301=CARTESIAN_POINT('Origin',(-103.089180674962,-146.,4.));
#4302=CARTESIAN_POINT('',(-103.089180674961,-146.,2.99999999999999));
#4303=CARTESIAN_POINT('Origin',(103.089180674962,-150.,3.99999999999998));
#4304=CARTESIAN_POINT('',(103.089180674962,-146.,2.00000000000001));
#4305=CARTESIAN_POINT('',(103.089180674962,-146.,2.99999999999999));
#4306=CARTESIAN_POINT('Origin',(103.089180674962,-146.,4.));
#4307=CARTESIAN_POINT('Origin',(-103.089180674961,-148.,80.));
#4308=CARTESIAN_POINT('',(-103.089180674961,-150.,80.));
#4309=CARTESIAN_POINT('',(-103.089180674961,-150.,3.99999999999999));
#4310=CARTESIAN_POINT('',(-103.089180674961,-148.,80.));
#4311=CARTESIAN_POINT('Origin',(103.089180674962,-148.,80.));
#4312=CARTESIAN_POINT('',(-103.089180674961,-150.,80.));
#4313=CARTESIAN_POINT('Origin',(1.77635683940025E-14,-146.,4.));
#4314=CARTESIAN_POINT('',(-51.6715728752538,-146.,2.));
#4315=CARTESIAN_POINT('Origin',(5.32907051820075E-14,-150.,39.7380532894154));
#4316=CARTESIAN_POINT('Origin',(-121.,0.,4.));
#4317=CARTESIAN_POINT('',(-125.,128.089180674961,3.99999999999999));
#4318=CARTESIAN_POINT('',(-125.,-128.089180674961,3.99999999999999));
#4319=CARTESIAN_POINT('',(-125.,-2.99516254578334E-14,3.99999999999997));
#4320=CARTESIAN_POINT('',(-121.,128.089180674961,7.21644966006352E-15));
#4321=CARTESIAN_POINT('Origin',(-121.,128.089180674961,4.));
#4322=CARTESIAN_POINT('',(-121.,-128.089180674961,7.7715611723761E-15));
#4323=CARTESIAN_POINT('',(-121.,64.1715728752538,0.));
#4324=CARTESIAN_POINT('Origin',(-121.,-128.089180674961,4.));
#4325=CARTESIAN_POINT('Origin',(-123.,-128.089180674961,-0.523893421169213));
#4326=CARTESIAN_POINT('',(-123.,-128.089180674961,4.));
#4327=CARTESIAN_POINT('',(-123.44,-128.089180674961,4.));
#4328=CARTESIAN_POINT('',(-123.,-128.089180674962,80.));
#4329=CARTESIAN_POINT('',(-123.,-128.089180674961,-0.523893421169213));
#4330=CARTESIAN_POINT('',(-125.,-128.089180674962,80.));
#4331=CARTESIAN_POINT('',(-123.,-128.089180674962,80.));
#4332=CARTESIAN_POINT('',(-125.,-128.089180674961,-0.52389342116923));
#4333=CARTESIAN_POINT('Origin',(-123.,-6.48204286330355E-14,39.7380532894154));
#4334=CARTESIAN_POINT('',(-123.,128.089180674961,4.));
#4335=CARTESIAN_POINT('',(-123.,-3.22505381633222E-14,3.99999999999999));
#4336=CARTESIAN_POINT('',(-123.,128.089180674961,80.));
#4337=CARTESIAN_POINT('',(-123.,128.089180674961,-0.523893421169284));
#4338=CARTESIAN_POINT('',(-123.,128.089180674961,80.));
#4339=CARTESIAN_POINT('Origin',(-123.,128.089180674961,3.99999999999999));
#4340=CARTESIAN_POINT('',(-123.44,128.089180674961,3.99999999999997));
#4341=CARTESIAN_POINT('',(-121.,128.089180674961,2.00000000000001));
#4342=CARTESIAN_POINT('Origin',(-121.,128.089180674961,4.));
#4343=CARTESIAN_POINT('',(-121.,128.089180674961,2.99999999999999));
#4344=CARTESIAN_POINT('Origin',(-125.,-128.089180674961,3.99999999999998));
#4345=CARTESIAN_POINT('',(-121.,-128.089180674961,2.00000000000001));
#4346=CARTESIAN_POINT('',(-121.,-128.089180674961,2.99999999999999));
#4347=CARTESIAN_POINT('Origin',(-121.,-128.089180674961,4.));
#4348=CARTESIAN_POINT('Origin',(-123.,128.089180674961,80.));
#4349=CARTESIAN_POINT('',(-125.,128.089180674961,80.));
#4350=CARTESIAN_POINT('',(-125.,128.089180674961,3.99999999999999));
#4351=CARTESIAN_POINT('',(-123.,128.089180674961,80.));
#4352=CARTESIAN_POINT('Origin',(-123.,-128.089180674962,80.));
#4353=CARTESIAN_POINT('',(-125.,128.089180674961,80.));
#4354=CARTESIAN_POINT('Origin',(-121.,0.,4.));
#4355=CARTESIAN_POINT('',(-121.,64.1715728752538,2.));
#4356=CARTESIAN_POINT('Origin',(-125.,-6.07231079184668E-14,39.7380532894154));
#4357=CARTESIAN_POINT('Origin',(3.5527136788005E-14,146.,4.));
#4358=CARTESIAN_POINT('',(103.089180674962,150.,3.99999999999999));
#4359=CARTESIAN_POINT('',(-103.089180674961,150.,3.99999999999999));
#4360=CARTESIAN_POINT('',(5.46300466852429E-14,150.,4.));
#4361=CARTESIAN_POINT('',(103.089180674961,146.,6.66133814775094E-15));
#4362=CARTESIAN_POINT('Origin',(103.089180674962,146.,4.));
#4363=CARTESIAN_POINT('',(-103.089180674961,146.,7.21644966006352E-15));
#4364=CARTESIAN_POINT('',(51.6715728752538,146.,0.));
#4365=CARTESIAN_POINT('Origin',(-103.089180674961,146.,4.));
#4366=CARTESIAN_POINT('Origin',(-103.089180674961,148.,-0.523893421169248));
#4367=CARTESIAN_POINT('',(-103.089180674961,148.,4.));
#4368=CARTESIAN_POINT('',(-103.089180674961,148.44,4.));
#4369=CARTESIAN_POINT('',(-103.089180674961,148.,80.));
#4370=CARTESIAN_POINT('',(-103.089180674961,148.,-0.523893421169248));
#4371=CARTESIAN_POINT('',(-103.089180674961,150.,80.));
#4372=CARTESIAN_POINT('',(-103.089180674961,148.,80.));
#4373=CARTESIAN_POINT('',(-103.089180674961,150.,-0.523893421169266));
#4374=CARTESIAN_POINT('Origin',(8.62036885087106E-14,148.,39.7380532894154));
#4375=CARTESIAN_POINT('',(103.089180674961,148.,4.));
#4376=CARTESIAN_POINT('',(5.96628126902243E-14,148.,4.00000000000002));
#4377=CARTESIAN_POINT('',(103.089180674962,148.000000000001,80.));
#4378=CARTESIAN_POINT('',(103.089180674961,148.,-0.523893421169284));
#4379=CARTESIAN_POINT('',(103.089180674962,148.000000000001,80.));
#4380=CARTESIAN_POINT('Origin',(103.089180674962,148.,3.99999999999999));
#4381=CARTESIAN_POINT('',(103.089180674962,148.44,3.99999999999995));
#4382=CARTESIAN_POINT('',(103.089180674961,146.,2.00000000000001));
#4383=CARTESIAN_POINT('Origin',(103.089180674961,146.,4.));
#4384=CARTESIAN_POINT('',(103.089180674962,146.,2.99999999999999));
#4385=CARTESIAN_POINT('Origin',(-103.089180674961,150.,3.99999999999998));
#4386=CARTESIAN_POINT('',(-103.089180674961,146.,2.00000000000001));
#4387=CARTESIAN_POINT('',(-103.089180674961,146.,2.99999999999999));
#4388=CARTESIAN_POINT('Origin',(-103.089180674961,146.,4.));
#4389=CARTESIAN_POINT('Origin',(103.089180674962,148.000000000001,80.));
#4390=CARTESIAN_POINT('',(103.089180674962,150.000000000001,80.));
#4391=CARTESIAN_POINT('',(103.089180674962,150.,3.99999999999999));
#4392=CARTESIAN_POINT('',(103.089180674962,148.000000000001,80.));
#4393=CARTESIAN_POINT('Origin',(-103.089180674961,148.,80.));
#4394=CARTESIAN_POINT('',(103.089180674962,150.000000000001,80.));
#4395=CARTESIAN_POINT('Origin',(3.5527136788005E-14,146.,4.));
#4396=CARTESIAN_POINT('',(51.6715728752538,146.,2.));
#4397=CARTESIAN_POINT('Origin',(7.84699081542145E-14,150.,39.7380532894154));
#4398=CARTESIAN_POINT('Origin',(121.,128.343145750508,2.));
#4399=CARTESIAN_POINT('',(103.343145750508,146.,0.));
#4400=CARTESIAN_POINT('',(122.835786437627,126.507359312881,1.38777878078145E-16));
#4401=CARTESIAN_POINT('',(103.343145750508,146.,2.));
#4402=CARTESIAN_POINT('',(103.343145750508,146.,2.));
#4403=CARTESIAN_POINT('',(122.835786437627,126.507359312881,2.));
#4404=CARTESIAN_POINT('Origin',(-103.343145750508,146.,2.));
#4405=CARTESIAN_POINT('',(-121.,128.343145750508,0.));
#4406=CARTESIAN_POINT('',(-114.007359312881,135.335786437627,0.));
#4407=CARTESIAN_POINT('',(-121.,128.343145750508,2.));
#4408=CARTESIAN_POINT('',(-121.,128.343145750508,2.));
#4409=CARTESIAN_POINT('',(-114.007359312881,135.335786437627,2.));
#4410=CARTESIAN_POINT('Origin',(-121.,-128.343145750508,2.));
#4411=CARTESIAN_POINT('',(-103.343145750508,-146.,0.));
#4412=CARTESIAN_POINT('',(-122.835786437627,-126.507359312881,0.));
#4413=CARTESIAN_POINT('',(-103.343145750508,-146.,2.));
#4414=CARTESIAN_POINT('',(-103.343145750508,-146.,2.));
#4415=CARTESIAN_POINT('',(-122.835786437627,-126.507359312881,2.));
#4416=CARTESIAN_POINT('Origin',(103.343145750508,-146.,2.));
#4417=CARTESIAN_POINT('',(121.,-128.343145750508,0.));
#4418=CARTESIAN_POINT('',(114.007359312881,-135.335786437627,1.38777878078145E-16));
#4419=CARTESIAN_POINT('',(121.,-128.343145750508,2.));
#4420=CARTESIAN_POINT('',(121.,-128.343145750508,2.));
#4421=CARTESIAN_POINT('',(114.007359312881,-135.335786437627,2.));
#4422=CARTESIAN_POINT('Origin',(121.,-128.343145750508,2.));
#4423=CARTESIAN_POINT('',(121.,128.343145750508,0.));
#4424=CARTESIAN_POINT('',(121.,-64.1715728752538,0.));
#4425=CARTESIAN_POINT('',(121.,128.343145750508,2.));
#4426=CARTESIAN_POINT('',(121.,128.343145750508,2.));
#4427=CARTESIAN_POINT('',(121.,-64.1715728752538,2.));
#4428=CARTESIAN_POINT('Origin',(-103.343145750508,-146.,2.));
#4429=CARTESIAN_POINT('',(103.343145750508,-146.,0.));
#4430=CARTESIAN_POINT('',(-51.6715728752538,-146.,0.));
#4431=CARTESIAN_POINT('',(103.343145750508,-146.,2.));
#4432=CARTESIAN_POINT('',(103.343145750508,-146.,2.));
#4433=CARTESIAN_POINT('',(-51.6715728752538,-146.,2.));
#4434=CARTESIAN_POINT('Origin',(-121.,128.343145750508,2.));
#4435=CARTESIAN_POINT('',(-121.,-128.343145750508,0.));
#4436=CARTESIAN_POINT('',(-121.,64.1715728752538,0.));
#4437=CARTESIAN_POINT('',(-121.,-128.343145750508,2.));
#4438=CARTESIAN_POINT('',(-121.,-128.343145750508,2.));
#4439=CARTESIAN_POINT('',(-121.,64.1715728752538,2.));
#4440=CARTESIAN_POINT('Origin',(103.343145750508,146.,2.));
#4441=CARTESIAN_POINT('',(-103.343145750508,146.,0.));
#4442=CARTESIAN_POINT('',(51.6715728752538,146.,0.));
#4443=CARTESIAN_POINT('',(-103.343145750508,146.,2.));
#4444=CARTESIAN_POINT('',(-103.343145750508,146.,2.));
#4445=CARTESIAN_POINT('',(51.6715728752538,146.,2.));
#4446=CARTESIAN_POINT('Origin',(121.,128.343145750508,2.));
#4447=CARTESIAN_POINT('',(122.835786437627,126.507359312881,2.));
#4448=CARTESIAN_POINT('',(122.835786437627,126.507359312881,1.38777878078145E-16));
#4449=CARTESIAN_POINT('Origin',(7.105427357601E-14,5.32907051820075E-14,
2.));
#4450=CARTESIAN_POINT('',(51.6715728752538,146.,2.));
#4451=CARTESIAN_POINT('',(-114.007359312881,135.335786437627,2.));
#4452=CARTESIAN_POINT('',(-121.,64.1715728752538,2.));
#4453=CARTESIAN_POINT('',(-122.835786437627,-126.507359312881,2.));
#4454=CARTESIAN_POINT('',(-51.6715728752538,-146.,2.));
#4455=CARTESIAN_POINT('',(114.007359312881,-135.335786437627,2.));
#4456=CARTESIAN_POINT('',(121.,-64.1715728752538,2.));
#4457=CARTESIAN_POINT('Origin',(103.343145750508,146.,2.));
#4458=CARTESIAN_POINT('',(51.6715728752538,146.,0.));
#4459=CARTESIAN_POINT('Origin',(-103.343145750508,146.,2.));
#4460=CARTESIAN_POINT('',(-114.007359312881,135.335786437627,0.));
#4461=CARTESIAN_POINT('Origin',(-121.,128.343145750508,2.));
#4462=CARTESIAN_POINT('',(-121.,64.1715728752538,0.));
#4463=CARTESIAN_POINT('Origin',(-121.,-128.343145750508,2.));
#4464=CARTESIAN_POINT('',(-122.835786437627,-126.507359312881,0.));
#4465=CARTESIAN_POINT('Origin',(-103.343145750508,-146.,2.));
#4466=CARTESIAN_POINT('',(-51.6715728752538,-146.,0.));
#4467=CARTESIAN_POINT('Origin',(103.343145750508,-146.,2.));
#4468=CARTESIAN_POINT('',(114.007359312881,-135.335786437627,1.38777878078145E-16));
#4469=CARTESIAN_POINT('Origin',(121.,-128.343145750508,2.));
#4470=CARTESIAN_POINT('',(121.,-64.1715728752538,0.));
#4471=CARTESIAN_POINT('Origin',(7.105427357601E-14,5.32907051820075E-14,
0.));
#4472=CARTESIAN_POINT('Origin',(174.1236,-99.4528635633417,40.6750482523286));
#4473=CARTESIAN_POINT('',(124.1236,-102.637863563342,40.6750482523286));
#4474=CARTESIAN_POINT('Origin',(124.1236,-99.4528635633417,40.6750482523286));
#4475=CARTESIAN_POINT('',(174.1236,-102.637863563342,40.6750482523286));
#4476=CARTESIAN_POINT('',(174.1236,-102.637863563342,40.6750482523286));
#4477=CARTESIAN_POINT('Origin',(174.1236,-99.4528635633417,40.6750482523286));
#4478=CARTESIAN_POINT('Origin',(174.1236,-99.4528635633417,40.6750482523286));
#4479=CARTESIAN_POINT('',(124.1236,-111.644863563342,40.6750482523286));
#4480=CARTESIAN_POINT('Origin',(124.1236,-99.4528635633417,40.6750482523286));
#4481=CARTESIAN_POINT('',(174.1236,-111.644863563342,40.6750482523286));
#4482=CARTESIAN_POINT('',(174.1236,-111.644863563342,40.6750482523286));
#4483=CARTESIAN_POINT('Origin',(174.1236,-99.4528635633417,40.6750482523286));
#4484=CARTESIAN_POINT('Origin',(174.1236,-99.4528635633417,40.6750482523286));
#4485=CARTESIAN_POINT('Origin',(124.1236,-99.4528635633417,40.6750482523286));
#4486=CARTESIAN_POINT('Origin',(119.221971655245,-99.4530761296132,40.6750866987345));
#4487=CARTESIAN_POINT('',(119.221971655245,-102.832839471039,40.6750866987345));
#4488=CARTESIAN_POINT('Origin',(119.221971655245,-99.4530761296132,40.6750866987345));
#4489=CARTESIAN_POINT('',(117.000001743436,-102.832839471039,40.6750866987345));
#4490=CARTESIAN_POINT('',(119.221971655245,-102.832839471039,40.6750866987345));
#4491=CARTESIAN_POINT('Origin',(117.000001743436,-99.4530761296132,40.6750866987345));
#4492=CARTESIAN_POINT('Origin',(119.221971655245,-107.800005120225,59.7100028360728));
#4493=CARTESIAN_POINT('',(119.221971655245,-109.775005120225,59.7100028360728));
#4494=CARTESIAN_POINT('Origin',(119.221971655245,-107.800005120225,59.7100028360728));
#4495=CARTESIAN_POINT('',(117.000001743436,-109.775005120225,59.7100028360728));
#4496=CARTESIAN_POINT('',(119.221971655245,-109.775005120225,59.7100028360728));
#4497=CARTESIAN_POINT('Origin',(117.000001743436,-107.800005120225,59.7100028360728));
#4498=CARTESIAN_POINT('Origin',(119.221971655245,-107.800005120225,21.6100028360728));
#4499=CARTESIAN_POINT('',(119.221971655245,-109.775005120225,21.6100028360728));
#4500=CARTESIAN_POINT('Origin',(119.221971655245,-107.800005120225,21.6100028360728));
#4501=CARTESIAN_POINT('',(117.000001743436,-109.775005120225,21.6100028360728));
#4502=CARTESIAN_POINT('',(119.221971655245,-109.775005120225,21.6100028360728));
#4503=CARTESIAN_POINT('Origin',(117.000001743436,-107.800005120225,21.6100028360728));
#4504=CARTESIAN_POINT('Origin',(117.000001743436,-80.0000011920929,12.));
#4505=CARTESIAN_POINT('',(117.000001743436,-127.532816310412,12.));
#4506=CARTESIAN_POINT('',(117.000001743436,-80.0000011920929,12.));
#4507=CARTESIAN_POINT('',(117.000001743436,-91.8832046736494,12.));
#4508=CARTESIAN_POINT('',(117.000001743436,-127.532816310412,67.));
#4509=CARTESIAN_POINT('',(117.000001743436,-127.532816310412,12.));
#4510=CARTESIAN_POINT('',(117.000001743436,-80.0000011920929,67.));
#4511=CARTESIAN_POINT('',(117.000001743436,-127.532816310412,67.));
#4512=CARTESIAN_POINT('',(117.000001743436,-80.0000011920929,12.));
#4513=CARTESIAN_POINT('Origin',(118.11098669934,-103.766408751252,67.));
#4514=CARTESIAN_POINT('',(119.221971655245,-80.0000011920929,67.));
#4515=CARTESIAN_POINT('',(117.000001743436,-80.0000011920929,67.));
#4516=CARTESIAN_POINT('',(119.221971655245,-127.532816310412,67.));
#4517=CARTESIAN_POINT('',(119.221971655245,-127.532816310412,67.));
#4518=CARTESIAN_POINT('',(119.221971655245,-80.0000011920929,67.));
#4519=CARTESIAN_POINT('Origin',(84.6109858276223,-103.766408155206,12.));
#4520=CARTESIAN_POINT('',(50.,-80.,12.));
#4521=CARTESIAN_POINT('',(50.,-80.,12.));
#4522=CARTESIAN_POINT('',(50.,-127.532816310412,12.));
#4523=CARTESIAN_POINT('',(50.,-127.532816310412,12.));
#4524=CARTESIAN_POINT('',(119.221971655245,-127.532816310412,12.));
#4525=CARTESIAN_POINT('Origin',(119.221971655245,-127.532816310412,2.));
#4526=CARTESIAN_POINT('',(119.221971655245,-80.,2.));
#4527=CARTESIAN_POINT('',(119.221971655245,-127.532816310412,2.));
#4528=CARTESIAN_POINT('',(119.221971655245,-80.,2.));
#4529=CARTESIAN_POINT('',(119.221971655245,-80.,2.));
#4530=CARTESIAN_POINT('',(119.221971655245,-127.532816310412,2.));
#4531=CARTESIAN_POINT('Origin',(50.,-127.532816310412,2.));
#4532=CARTESIAN_POINT('',(50.,-127.532816310412,2.));
#4533=CARTESIAN_POINT('',(119.221971655245,-127.532816310412,2.));
#4534=CARTESIAN_POINT('',(50.,-127.532816310412,2.));
#4535=CARTESIAN_POINT('Origin',(50.,-80.,2.));
#4536=CARTESIAN_POINT('',(50.,-80.,2.));
#4537=CARTESIAN_POINT('',(50.,-127.532816310412,2.));
#4538=CARTESIAN_POINT('',(50.,-80.,2.));
#4539=CARTESIAN_POINT('Origin',(119.221971655245,-80.,2.));
#4540=CARTESIAN_POINT('',(50.,-80.,2.));
#4541=CARTESIAN_POINT('Origin',(84.6109858276223,-103.766408155206,2.));
#4542=CARTESIAN_POINT('Origin',(174.022,95.5471364366584,40.6750482523286));
#4543=CARTESIAN_POINT('',(124.022,92.3721364366584,40.6750482523286));
#4544=CARTESIAN_POINT('Origin',(124.022,95.5471364366584,40.6750482523286));
#4545=CARTESIAN_POINT('',(174.022,92.3721364366584,40.6750482523286));
#4546=CARTESIAN_POINT('',(174.022,92.3721364366584,40.6750482523286));
#4547=CARTESIAN_POINT('Origin',(174.022,95.5471364366584,40.6750482523286));
#4548=CARTESIAN_POINT('Origin',(174.022,95.5471364366584,40.6750482523286));
#4549=CARTESIAN_POINT('',(124.022,83.3551364366584,40.6750482523286));
#4550=CARTESIAN_POINT('Origin',(124.022,95.5471364366584,40.6750482523286));
#4551=CARTESIAN_POINT('',(174.022,83.3551364366584,40.6750482523286));
#4552=CARTESIAN_POINT('',(174.022,83.3551364366584,40.6750482523286));
#4553=CARTESIAN_POINT('Origin',(174.022,95.5471364366584,40.6750482523286));
#4554=CARTESIAN_POINT('Origin',(174.022,95.5471364366584,40.6750482523286));
#4555=CARTESIAN_POINT('Origin',(124.022,95.5471364366584,40.6750482523286));
#4556=CARTESIAN_POINT('Origin',(-119.221971655245,-99.4125564912104,40.6750866987345));
#4557=CARTESIAN_POINT('',(-119.221971655245,-96.0327931497849,40.6750866987345));
#4558=CARTESIAN_POINT('Origin',(-119.221971655245,-99.4125564912104,40.6750866987345));
#4559=CARTESIAN_POINT('',(-117.000001743436,-96.0327931497849,40.6750866987345));
#4560=CARTESIAN_POINT('',(-119.221971655245,-96.0327931497849,40.6750866987345));
#4561=CARTESIAN_POINT('Origin',(-117.000001743436,-99.4125564912104,40.6750866987345));
#4562=CARTESIAN_POINT('Origin',(-119.221971655245,-91.0656275005983,59.7100028360728));
#4563=CARTESIAN_POINT('',(-119.221971655245,-89.0906275005983,59.7100028360728));
#4564=CARTESIAN_POINT('Origin',(-119.221971655245,-91.0656275005983,59.7100028360728));
#4565=CARTESIAN_POINT('',(-117.000001743436,-89.0906275005983,59.7100028360728));
#4566=CARTESIAN_POINT('',(-119.221971655245,-89.0906275005983,59.7100028360728));
#4567=CARTESIAN_POINT('Origin',(-117.000001743436,-91.0656275005983,59.7100028360728));
#4568=CARTESIAN_POINT('Origin',(-119.221971655245,-91.0656275005983,21.6100028360728));
#4569=CARTESIAN_POINT('',(-119.221971655245,-89.0906275005983,21.6100028360728));
#4570=CARTESIAN_POINT('Origin',(-119.221971655245,-91.0656275005983,21.6100028360728));
#4571=CARTESIAN_POINT('',(-117.000001743436,-89.0906275005983,21.6100028360728));
#4572=CARTESIAN_POINT('',(-119.221971655245,-89.0906275005983,21.6100028360728));
#4573=CARTESIAN_POINT('Origin',(-117.000001743436,-91.0656275005983,21.6100028360728));
#4574=CARTESIAN_POINT('Origin',(-117.000001743436,-118.865631428731,12.));
#4575=CARTESIAN_POINT('',(-117.000001743436,-71.3328163104117,12.));
#4576=CARTESIAN_POINT('',(-117.000001743436,-118.865631428731,12.));
#4577=CARTESIAN_POINT('',(-117.000001743436,-106.982427947174,12.));
#4578=CARTESIAN_POINT('',(-117.000001743436,-71.3328163104117,67.));
#4579=CARTESIAN_POINT('',(-117.000001743436,-71.3328163104117,12.));
#4580=CARTESIAN_POINT('',(-117.000001743436,-118.865631428731,67.));
#4581=CARTESIAN_POINT('',(-117.000001743436,-71.3328163104117,67.));
#4582=CARTESIAN_POINT('',(-117.000001743436,-118.865631428731,12.));
#4583=CARTESIAN_POINT('Origin',(-118.11098669934,-95.0992238695712,67.));
#4584=CARTESIAN_POINT('',(-119.221971655245,-118.865631428731,67.));
#4585=CARTESIAN_POINT('',(-117.000001743436,-118.865631428731,67.));
#4586=CARTESIAN_POINT('',(-119.221971655245,-71.3328163104117,67.));
#4587=CARTESIAN_POINT('',(-119.221971655245,-71.3328163104117,67.));
#4588=CARTESIAN_POINT('',(-119.221971655245,-118.865631428731,67.));
#4589=CARTESIAN_POINT('Origin',(-84.6109858276223,-95.0992244656177,12.));
#4590=CARTESIAN_POINT('',(-50.,-118.865632620824,12.));
#4591=CARTESIAN_POINT('',(-50.,-118.865632620824,12.));
#4592=CARTESIAN_POINT('',(-50.,-71.3328163104118,12.));
#4593=CARTESIAN_POINT('',(-50.,-71.3328163104118,12.));
#4594=CARTESIAN_POINT('',(-119.221971655245,-71.3328163104117,12.));
#4595=CARTESIAN_POINT('Origin',(-119.221971655245,-71.3328163104117,2.));
#4596=CARTESIAN_POINT('',(-119.221971655245,-118.865632620824,2.));
#4597=CARTESIAN_POINT('',(-119.221971655245,-71.3328163104117,2.));
#4598=CARTESIAN_POINT('',(-119.221971655245,-118.865632620824,2.));
#4599=CARTESIAN_POINT('',(-119.221971655245,-118.865632620824,2.));
#4600=CARTESIAN_POINT('',(-119.221971655245,-71.3328163104117,2.));
#4601=CARTESIAN_POINT('Origin',(-50.,-71.3328163104118,2.));
#4602=CARTESIAN_POINT('',(-50.,-71.3328163104118,2.));
#4603=CARTESIAN_POINT('',(-119.221971655245,-71.3328163104117,2.));
#4604=CARTESIAN_POINT('',(-50.,-71.3328163104118,2.));
#4605=CARTESIAN_POINT('Origin',(-50.,-118.865632620824,2.));
#4606=CARTESIAN_POINT('',(-50.,-118.865632620824,2.));
#4607=CARTESIAN_POINT('',(-50.,-71.3328163104118,2.));
#4608=CARTESIAN_POINT('',(-50.,-118.865632620824,2.));
#4609=CARTESIAN_POINT('Origin',(-119.221971655245,-118.865632620824,2.));
#4610=CARTESIAN_POINT('',(-50.,-118.865632620824,2.));
#4611=CARTESIAN_POINT('Origin',(-84.6109858276223,-95.0992244656177,2.));
#4612=CARTESIAN_POINT('Origin',(-124.9764,95.5471364366583,40.6750482523286));
#4613=CARTESIAN_POINT('',(-174.9764,92.3621364366583,40.6750482523286));
#4614=CARTESIAN_POINT('Origin',(-174.9764,95.5471364366583,40.6750482523286));
#4615=CARTESIAN_POINT('',(-124.9764,92.3621364366583,40.6750482523286));
#4616=CARTESIAN_POINT('',(-124.9764,92.3621364366583,40.6750482523286));
#4617=CARTESIAN_POINT('Origin',(-124.9764,95.5471364366583,40.6750482523286));
#4618=CARTESIAN_POINT('Origin',(-124.9764,95.5471364366583,40.6750482523286));
#4619=CARTESIAN_POINT('',(-174.9764,83.3551364366583,40.6750482523286));
#4620=CARTESIAN_POINT('Origin',(-174.9764,95.5471364366583,40.6750482523286));
#4621=CARTESIAN_POINT('',(-124.9764,83.3551364366583,40.6750482523286));
#4622=CARTESIAN_POINT('',(-124.9764,83.3551364366583,40.6750482523286));
#4623=CARTESIAN_POINT('Origin',(-124.9764,95.5471364366583,40.6750482523286));
#4624=CARTESIAN_POINT('Origin',(-124.9764,95.5471364366583,40.6750482523286));
#4625=CARTESIAN_POINT('Origin',(-174.9764,95.5471364366583,40.6750482523286));
#4626=CARTESIAN_POINT('Origin',(-119.221971655245,95.5874435087896,40.6750866987345));
#4627=CARTESIAN_POINT('',(-119.221971655245,98.9672068502151,40.6750866987345));
#4628=CARTESIAN_POINT('Origin',(-119.221971655245,95.5874435087896,40.6750866987345));
#4629=CARTESIAN_POINT('',(-117.000001743436,98.9672068502151,40.6750866987345));
#4630=CARTESIAN_POINT('',(-119.221971655245,98.9672068502151,40.6750866987345));
#4631=CARTESIAN_POINT('Origin',(-117.000001743436,95.5874435087896,40.6750866987345));
#4632=CARTESIAN_POINT('Origin',(-119.221971655245,103.934372499402,59.7100028360728));
#4633=CARTESIAN_POINT('',(-119.221971655245,105.909372499402,59.7100028360728));
#4634=CARTESIAN_POINT('Origin',(-119.221971655245,103.934372499402,59.7100028360728));
#4635=CARTESIAN_POINT('',(-117.000001743436,105.909372499402,59.7100028360728));
#4636=CARTESIAN_POINT('',(-119.221971655245,105.909372499402,59.7100028360728));
#4637=CARTESIAN_POINT('Origin',(-117.000001743436,103.934372499402,59.7100028360728));
#4638=CARTESIAN_POINT('Origin',(-119.221971655245,103.934372499402,21.6100028360728));
#4639=CARTESIAN_POINT('',(-119.221971655245,105.909372499402,21.6100028360728));
#4640=CARTESIAN_POINT('Origin',(-119.221971655245,103.934372499402,21.6100028360728));
#4641=CARTESIAN_POINT('',(-117.000001743436,105.909372499402,21.6100028360728));
#4642=CARTESIAN_POINT('',(-119.221971655245,105.909372499402,21.6100028360728));
#4643=CARTESIAN_POINT('Origin',(-117.000001743436,103.934372499402,21.6100028360728));
#4644=CARTESIAN_POINT('Origin',(-117.000001743436,76.1343685712693,12.));
#4645=CARTESIAN_POINT('',(-117.000001743436,123.667183689588,12.));
#4646=CARTESIAN_POINT('',(-117.000001743436,76.1343685712693,12.));
#4647=CARTESIAN_POINT('',(-117.000001743436,88.0175720528258,12.));
#4648=CARTESIAN_POINT('',(-117.000001743436,123.667183689588,67.));
#4649=CARTESIAN_POINT('',(-117.000001743436,123.667183689588,12.));
#4650=CARTESIAN_POINT('',(-117.000001743436,76.1343685712693,67.));
#4651=CARTESIAN_POINT('',(-117.000001743436,123.667183689588,67.));
#4652=CARTESIAN_POINT('',(-117.000001743436,76.1343685712693,12.));
#4653=CARTESIAN_POINT('Origin',(-118.11098669934,99.9007761304288,67.));
#4654=CARTESIAN_POINT('',(-119.221971655245,76.1343685712693,67.));
#4655=CARTESIAN_POINT('',(-117.000001743436,76.1343685712693,67.));
#4656=CARTESIAN_POINT('',(-119.221971655245,123.667183689588,67.));
#4657=CARTESIAN_POINT('',(-119.221971655245,123.667183689588,67.));
#4658=CARTESIAN_POINT('',(-119.221971655245,76.1343685712693,67.));
#4659=CARTESIAN_POINT('Origin',(-84.6109858276223,99.9007755343823,12.));
#4660=CARTESIAN_POINT('',(-50.,76.1343673791764,12.));
#4661=CARTESIAN_POINT('',(-50.,76.1343673791764,12.));
#4662=CARTESIAN_POINT('',(-50.,123.667183689588,12.));
#4663=CARTESIAN_POINT('',(-50.,123.667183689588,12.));
#4664=CARTESIAN_POINT('',(-119.221971655245,123.667183689588,12.));
#4665=CARTESIAN_POINT('Origin',(-119.221971655245,123.667183689588,2.));
#4666=CARTESIAN_POINT('',(-119.221971655245,76.1343673791764,2.));
#4667=CARTESIAN_POINT('',(-119.221971655245,123.667183689588,2.));
#4668=CARTESIAN_POINT('',(-119.221971655245,76.1343673791764,2.));
#4669=CARTESIAN_POINT('',(-119.221971655245,76.1343673791764,2.));
#4670=CARTESIAN_POINT('',(-119.221971655245,123.667183689588,2.));
#4671=CARTESIAN_POINT('Origin',(-50.,123.667183689588,2.));
#4672=CARTESIAN_POINT('',(-50.,123.667183689588,2.));
#4673=CARTESIAN_POINT('',(-119.221971655245,123.667183689588,2.));
#4674=CARTESIAN_POINT('',(-50.,123.667183689588,2.));
#4675=CARTESIAN_POINT('Origin',(-50.,76.1343673791764,2.));
#4676=CARTESIAN_POINT('',(-50.,76.1343673791764,2.));
#4677=CARTESIAN_POINT('',(-50.,123.667183689588,2.));
#4678=CARTESIAN_POINT('',(-50.,76.1343673791764,2.));
#4679=CARTESIAN_POINT('Origin',(-119.221971655245,76.1343673791764,2.));
#4680=CARTESIAN_POINT('',(-50.,76.1343673791764,2.));
#4681=CARTESIAN_POINT('Origin',(-84.6109858276223,99.9007755343823,2.));
#4682=UNCERTAINTY_MEASURE_WITH_UNIT(LENGTH_MEASURE(0.01),#4686,
'DISTANCE_ACCURACY_VALUE',
'Maximum model space distance between geometric entities at asserted c
onnectivities');
#4683=UNCERTAINTY_MEASURE_WITH_UNIT(LENGTH_MEASURE(0.01),#4686,
'DISTANCE_ACCURACY_VALUE',
'Maximum model space distance between geometric entities at asserted c
onnectivities');
#4684=(
GEOMETRIC_REPRESENTATION_CONTEXT(3)
GLOBAL_UNCERTAINTY_ASSIGNED_CONTEXT((#4682))
GLOBAL_UNIT_ASSIGNED_CONTEXT((#4686,#4688,#4689))
REPRESENTATION_CONTEXT('','3D')
);
#4685=(
GEOMETRIC_REPRESENTATION_CONTEXT(3)
GLOBAL_UNCERTAINTY_ASSIGNED_CONTEXT((#4683))
GLOBAL_UNIT_ASSIGNED_CONTEXT((#4686,#4688,#4689))
REPRESENTATION_CONTEXT('','3D')
);
#4686=(
LENGTH_UNIT()
NAMED_UNIT(*)
SI_UNIT(.MILLI.,.METRE.)
);
#4687=(
LENGTH_UNIT()
NAMED_UNIT(*)
SI_UNIT($,.METRE.)
);
#4688=(
NAMED_UNIT(*)
PLANE_ANGLE_UNIT()
SI_UNIT($,.RADIAN.)
);
#4689=(
NAMED_UNIT(*)
SI_UNIT($,.STERADIAN.)
SOLID_ANGLE_UNIT()
);
#4690=SHAPE_DEFINITION_REPRESENTATION(#4691,#4692);
#4691=PRODUCT_DEFINITION_SHAPE('',$,#4694);
#4692=SHAPE_REPRESENTATION('',(#2834),#4684);
#4693=PRODUCT_DEFINITION_CONTEXT('part definition',#4698,'design');
#4694=PRODUCT_DEFINITION('Base','Base v7',#4695,#4693);
#4695=PRODUCT_DEFINITION_FORMATION('',$,#4700);
#4696=PRODUCT_RELATED_PRODUCT_CATEGORY('Base v7','Base v7',(#4700));
#4697=APPLICATION_PROTOCOL_DEFINITION('international standard',
'automotive_design',2009,#4698);
#4698=APPLICATION_CONTEXT(
'Core Data for Automotive Mechanical Design Process');
#4699=PRODUCT_CONTEXT('part definition',#4698,'mechanical');
#4700=PRODUCT('Base','Base v7',$,(#4699));
#4701=PRESENTATION_STYLE_ASSIGNMENT((#4702));
#4702=SURFACE_STYLE_USAGE(.BOTH.,#4703);
#4703=SURFACE_SIDE_STYLE('',(#4704));
#4704=SURFACE_STYLE_FILL_AREA(#4705);
#4705=FILL_AREA_STYLE('Steel - Satin',(#4706));
#4706=FILL_AREA_STYLE_COLOUR('Steel - Satin',#4707);
#4707=COLOUR_RGB('Steel - Satin',0.627450980392157,0.627450980392157,0.627450980392157);
ENDSEC;
END-ISO-10303-21;
