ISO-10303-21;
HEADER;
/* Generated by software containing ST-Developer
 * from STEP Tools, Inc. (www.steptools.com) 
 */

FILE_DESCRIPTION(
/* description */ (''),
/* implementation_level */ '2;1');

FILE_NAME(
/* name */ '96b5607e-8031-40da-ba02-072fa5e469cd.stp',
/* time_stamp */ '2026-08-07T02:21:40Z',
/* author */ (''),
/* organization */ (''),
/* preprocessor_version */ 'ST-DEVELOPER v20.2',
/* originating_system */ 'Autodesk Translation Framework v15.15.0.0',
/* authorisation */ '');

FILE_SCHEMA (('AUTOMOTIVE_DESIGN { 1 0 10303 214 3 1 1 }'));
ENDSEC;

DATA;
#10=MECHANICAL_DESIGN_GEOMETRIC_PRESENTATION_REPRESENTATION('',(#13),#3766);
#11=SHAPE_REPRESENTATION_RELATIONSHIP('SRR','None',#3773,#12);
#12=ADVANCED_BREP_SHAPE_REPRESENTATION('',(#14),#3765);
#13=STYLED_ITEM('',(#3782),#14);
#14=MANIFOLD_SOLID_BREP('Body1',#2059);
#15=(
BOUNDED_SURFACE()
B_SPLINE_SURFACE(2,2,((#3313,#3314,#3315),(#3316,#3317,#3318),(#3319,#3320,
#3321)),.UNSPECIFIED.,.F.,.F.,.F.)
B_SPLINE_SURFACE_WITH_KNOTS((3,3),(3,3),(-1.5707963267949,5.15222657046436E-16),
(-0.633318426496232,1.61298058243276E-13),.UNSPECIFIED.)
GEOMETRIC_REPRESENTATION_ITEM()
RATIONAL_B_SPLINE_SURFACE(((1.,0.950281018790849,1.),(0.707106781186555,
0.671950152419877,0.707106781186555),(1.,0.950281018790849,1.)))
REPRESENTATION_ITEM('')
SURFACE()
);
#16=(
BOUNDED_SURFACE()
B_SPLINE_SURFACE(2,2,((#3333,#3334,#3335),(#3336,#3337,#3338),(#3339,#3340,
#3341)),.UNSPECIFIED.,.F.,.F.,.F.)
B_SPLINE_SURFACE_WITH_KNOTS((3,3),(3,3),(-1.5707963267949,-6.14092110496063E-16),
(1.60468860421759E-13,0.588001424997059),.UNSPECIFIED.)
GEOMETRIC_REPRESENTATION_ITEM()
RATIONAL_B_SPLINE_SURFACE(((1.,0.957092197251538,1.),(0.707106781186555,
0.676766382897302,0.707106781186555),(1.,0.957092197251538,1.)))
REPRESENTATION_ITEM('')
SURFACE()
);
#17=(
BOUNDED_SURFACE()
B_SPLINE_SURFACE(2,2,((#3353,#3354,#3355),(#3356,#3357,#3358),(#3359,#3360,
#3361)),.UNSPECIFIED.,.F.,.F.,.F.)
B_SPLINE_SURFACE_WITH_KNOTS((3,3),(3,3),(-1.5707963267949,-1.45780967815057E-15),
(0.588001424997046,1.57079632679506),.UNSPECIFIED.)
GEOMETRIC_REPRESENTATION_ITEM()
RATIONAL_B_SPLINE_SURFACE(((1.,0.88167432071355,1.),(0.707106781186552,
0.623437890974599,0.707106781186552),(1.,0.88167432071355,1.)))
REPRESENTATION_ITEM('')
SURFACE()
);
#18=(
BOUNDED_SURFACE()
B_SPLINE_SURFACE(2,2,((#3373,#3374,#3375),(#3376,#3377,#3378),(#3379,#3380,
#3381)),.UNSPECIFIED.,.F.,.F.,.F.)
B_SPLINE_SURFACE_WITH_KNOTS((3,3),(3,3),(-1.57079632679491,-5.14672749304332E-16),
(1.57079632679504,2.50859036642172),.UNSPECIFIED.)
GEOMETRIC_REPRESENTATION_ITEM()
RATIONAL_B_SPLINE_SURFACE(((1.,0.892067270368166,1.),(0.707106781186531,
0.630786816151889,0.707106781186531),(1.,0.892067270368166,1.)))
REPRESENTATION_ITEM('')
SURFACE()
);
#19=(
BOUNDED_SURFACE()
B_SPLINE_SURFACE(2,2,((#3400,#3401,#3402),(#3403,#3404,#3405),(#3406,#3407,
#3408)),.UNSPECIFIED.,.F.,.F.,.F.)
B_SPLINE_SURFACE_WITH_KNOTS((3,3),(3,3),(-1.5707963267949,2.76571370950216E-15),
(1.57197364546607,1.63941375746603),.UNSPECIFIED.)
GEOMETRIC_REPRESENTATION_ITEM()
RATIONAL_B_SPLINE_SURFACE(((1.,0.999431532779009,1.),(0.707106781186547,
0.706704814159702,0.707106781186547),(1.,0.999431532779009,1.)))
REPRESENTATION_ITEM('')
SURFACE()
);
#20=(
BOUNDED_SURFACE()
B_SPLINE_SURFACE(2,2,((#3423,#3424,#3425),(#3426,#3427,#3428),(#3429,#3430,
#3431)),.UNSPECIFIED.,.F.,.F.,.F.)
B_SPLINE_SURFACE_WITH_KNOTS((3,3),(3,3),(-1.5707963267949,1.06938198294072E-14),
(-1.99379397449414,-1.56961900812371),.UNSPECIFIED.)
GEOMETRIC_REPRESENTATION_ITEM()
RATIONAL_B_SPLINE_SURFACE(((1.,0.977593627578306,1.),(0.707106781186546,
0.691263083305375,0.707106781186546),(1.,0.977593627578306,1.)))
REPRESENTATION_ITEM('')
SURFACE()
);
#21=(
BOUNDED_SURFACE()
B_SPLINE_SURFACE(2,2,((#3468,#3469,#3470),(#3471,#3472,#3473),(#3474,#3475,
#3476)),.UNSPECIFIED.,.F.,.F.,.F.)
B_SPLINE_SURFACE_WITH_KNOTS((3,3),(3,3),(-1.5707963267949,1.81203558243031E-15),
(-2.35619449019235,-1.5707963267949),.UNSPECIFIED.)
GEOMETRIC_REPRESENTATION_ITEM()
RATIONAL_B_SPLINE_SURFACE(((1.,0.923879532511286,1.),(0.707106781186536,
0.653281482438177,0.707106781186536),(1.,0.923879532511286,1.)))
REPRESENTATION_ITEM('')
SURFACE()
);
#22=(
BOUNDED_SURFACE()
B_SPLINE_SURFACE(2,2,((#3524,#3525,#3526),(#3527,#3528,#3529),(#3530,#3531,
#3532)),.UNSPECIFIED.,.F.,.F.,.F.)
B_SPLINE_SURFACE_WITH_KNOTS((3,3),(3,3),(-1.5707963267949,6.14092110495789E-16),
(2.4268182825441,3.14159265358979),.UNSPECIFIED.)
GEOMETRIC_REPRESENTATION_ITEM()
RATIONAL_B_SPLINE_SURFACE(((1.,0.93681405525914,1.),(0.707106781186547,
0.662427571184607,0.707106781186547),(1.,0.93681405525914,1.)))
REPRESENTATION_ITEM('')
SURFACE()
);
#23=(
BOUNDED_SURFACE()
B_SPLINE_SURFACE(2,2,((#3591,#3592,#3593),(#3594,#3595,#3596),(#3597,#3598,
#3599)),.UNSPECIFIED.,.F.,.F.,.F.)
B_SPLINE_SURFACE_WITH_KNOTS((3,3),(3,3),(-1.5707963267949,1.77386644749278E-15),
(3.78238511873835E-17,0.71477437104569),.UNSPECIFIED.)
GEOMETRIC_REPRESENTATION_ITEM()
RATIONAL_B_SPLINE_SURFACE(((1.,0.93681405525914,1.),(0.707106781186554,
0.662427571184613,0.707106781186554),(1.,0.93681405525914,1.)))
REPRESENTATION_ITEM('')
SURFACE()
);
#24=FACE_BOUND('',#388,.T.);
#25=FACE_BOUND('',#389,.T.);
#26=FACE_BOUND('',#390,.T.);
#27=FACE_BOUND('',#405,.T.);
#28=FACE_BOUND('',#406,.T.);
#29=FACE_BOUND('',#407,.T.);
#30=FACE_BOUND('',#460,.T.);
#31=FACE_BOUND('',#483,.T.);
#32=FACE_BOUND('',#484,.T.);
#33=FACE_BOUND('',#485,.T.);
#34=FACE_BOUND('',#486,.T.);
#35=FACE_BOUND('',#499,.T.);
#36=FACE_BOUND('',#500,.T.);
#37=FACE_BOUND('',#501,.T.);
#38=FACE_BOUND('',#505,.T.);
#39=FACE_BOUND('',#506,.T.);
#40=FACE_BOUND('',#507,.T.);
#41=FACE_BOUND('',#516,.T.);
#42=(
BOUNDED_CURVE()
B_SPLINE_CURVE(2,(#3069,#3070,#3071),.UNSPECIFIED.,.F.,.F.)
B_SPLINE_CURVE_WITH_KNOTS((3,3),(0.324717633425648,0.897820152307034),
 .UNSPECIFIED.)
CURVE()
GEOMETRIC_REPRESENTATION_ITEM()
RATIONAL_B_SPLINE_CURVE((0.995053532190205,0.991142614636988,0.988834802803755))
REPRESENTATION_ITEM('')
);
#43=(
BOUNDED_CURVE()
B_SPLINE_CURVE(2,(#3251,#3252,#3253),.UNSPECIFIED.,.F.,.F.)
B_SPLINE_CURVE_WITH_KNOTS((3,3),(0.551674341778985,1.3271611737836),
 .UNSPECIFIED.)
CURVE()
GEOMETRIC_REPRESENTATION_ITEM()
RATIONAL_B_SPLINE_CURVE((0.999876880964877,0.999825533011691,0.999873106921713))
REPRESENTATION_ITEM('')
);
#44=B_SPLINE_CURVE_WITH_KNOTS('',3,(#3058,#3059,#3060,#3061,#3062,#3063,
#3064,#3065,#3066,#3067),.UNSPECIFIED.,.F.,.F.,(4,2,2,2,4),(0.520578325797002,
0.618858155277432,0.67585419120342,0.717071866638179,0.757817225136695),
 .UNSPECIFIED.);
#45=B_SPLINE_CURVE_WITH_KNOTS('',3,(#3073,#3074,#3075,#3076,#3077,#3078,
#3079,#3080,#3081,#3082),.UNSPECIFIED.,.F.,.F.,(4,2,2,2,4),(0.000467533366594163,
0.0142194050422571,0.0177912824367624,0.0198188675231504,0.0212821004816997),
 .UNSPECIFIED.);
#46=B_SPLINE_CURVE_WITH_KNOTS('',3,(#3216,#3217,#3218,#3219),
 .UNSPECIFIED.,.F.,.F.,(4,4),(0.526357948053172,0.771043611195918),
 .UNSPECIFIED.);
#47=B_SPLINE_CURVE_WITH_KNOTS('',3,(#3238,#3239,#3240,#3241,#3242,#3243,
#3244,#3245),.UNSPECIFIED.,.F.,.F.,(4,2,2,4),(0.709674695639581,0.710164994659812,
0.846086846736699,0.915952390776992),.UNSPECIFIED.);
#48=B_SPLINE_CURVE_WITH_KNOTS('',3,(#3259,#3260,#3261,#3262,#3263,#3264,
#3265,#3266,#3267,#3268,#3269,#3270,#3271),.UNSPECIFIED.,.F.,.F.,(4,2,2,
2,3,4),(0.384035624090125,0.393075989504621,0.405405343571848,0.426692946659749,
0.512047498786834,0.512497214492965),.UNSPECIFIED.);
#49=B_SPLINE_CURVE_WITH_KNOTS('',3,(#3287,#3288,#3289,#3290,#3291,#3292,
#3293,#3294,#3295,#3296,#3297,#3298,#3299,#3300),.UNSPECIFIED.,.F.,.F.,
(4,2,2,2,2,2,4),(-0.323529951630999,-0.322814979719304,-0.276470308871487,
-0.230199894814898,-0.148951854048059,-0.0730844031540812,0.),
 .UNSPECIFIED.);
#50=B_SPLINE_CURVE_WITH_KNOTS('',3,(#3411,#3412,#3413,#3414,#3415,#3416,
#3417,#3418,#3419,#3420,#3421,#3422),.UNSPECIFIED.,.F.,.F.,(4,2,2,2,2,4),
(-0.62801627234542,-0.625600881358591,-0.547167960658065,-0.469027960134872,
-0.390909438995522,-0.312800440679094),.UNSPECIFIED.);
#51=B_SPLINE_CURVE_WITH_KNOTS('',3,(#3436,#3437,#3438,#3439,#3440,#3441,
#3442,#3443,#3444,#3445,#3446,#3447,#3448,#3449),.UNSPECIFIED.,.F.,.F.,
(4,2,2,2,2,2,4),(-0.31670492898343,-0.239347148252987,-0.161635555167593,
-0.08311969678602,-0.0415113949991327,0.,0.000987236328398153),
 .UNSPECIFIED.);
#52=PLANE('',#2091);
#53=PLANE('',#2092);
#54=PLANE('',#2093);
#55=PLANE('',#2134);
#56=PLANE('',#2143);
#57=PLANE('',#2269);
#58=PLANE('',#2273);
#59=PLANE('',#2277);
#60=PLANE('',#2278);
#61=PLANE('',#2281);
#62=PLANE('',#2282);
#63=PLANE('',#2284);
#64=PLANE('',#2285);
#65=PLANE('',#2287);
#66=PLANE('',#2289);
#67=PLANE('',#2290);
#68=PLANE('',#2292);
#69=PLANE('',#2293);
#70=PLANE('',#2294);
#71=PLANE('',#2301);
#72=PLANE('',#2304);
#73=PLANE('',#2305);
#74=PLANE('',#2306);
#75=PLANE('',#2308);
#76=PLANE('',#2310);
#77=PLANE('',#2312);
#78=PLANE('',#2318);
#79=PLANE('',#2319);
#80=PLANE('',#2324);
#81=PLANE('',#2326);
#82=PLANE('',#2330);
#83=PLANE('',#2331);
#84=PLANE('',#2333);
#85=TOROIDAL_SURFACE('',#2078,4.3,0.7);
#86=TOROIDAL_SURFACE('',#2084,4.3,0.7);
#87=TOROIDAL_SURFACE('',#2096,4.7,0.7);
#88=TOROIDAL_SURFACE('',#2103,3.3,0.7);
#89=TOROIDAL_SURFACE('',#2109,3.3,0.7);
#90=TOROIDAL_SURFACE('',#2115,3.3,0.7);
#91=TOROIDAL_SURFACE('',#2121,3.3,0.7);
#92=TOROIDAL_SURFACE('',#2127,4.7,0.7);
#93=TOROIDAL_SURFACE('',#2132,3.3,0.7);
#94=TOROIDAL_SURFACE('',#2146,4.7,0.7);
#95=TOROIDAL_SURFACE('',#2151,3.3,0.7);
#96=TOROIDAL_SURFACE('',#2156,4.7,0.7);
#97=TOROIDAL_SURFACE('',#2159,4.7,0.7);
#98=TOROIDAL_SURFACE('',#2164,3.3,0.7);
#99=TOROIDAL_SURFACE('',#2170,6.,2.);
#100=TOROIDAL_SURFACE('',#2196,6.,2.);
#101=TOROIDAL_SURFACE('',#2206,6.,2.);
#102=TOROIDAL_SURFACE('',#2217,6.,2.);
#103=TOROIDAL_SURFACE('',#2223,6.,2.);
#104=TOROIDAL_SURFACE('',#2229,6.,2.);
#105=TOROIDAL_SURFACE('',#2242,3.,2.);
#106=TOROIDAL_SURFACE('',#2248,3.,2.);
#107=TOROIDAL_SURFACE('',#2252,6.,2.);
#108=TOROIDAL_SURFACE('',#2258,6.,2.);
#109=CIRCLE('',#2077,0.7);
#110=CIRCLE('',#2079,0.700000000000003);
#111=CIRCLE('',#2080,4.3);
#112=CIRCLE('',#2081,5.);
#113=CIRCLE('',#2083,0.700000000000003);
#114=CIRCLE('',#2085,0.7);
#115=CIRCLE('',#2086,4.3);
#116=CIRCLE('',#2087,5.);
#117=CIRCLE('',#2090,5.);
#118=CIRCLE('',#2094,1.4);
#119=CIRCLE('',#2095,1.35);
#120=CIRCLE('',#2097,0.700000000000002);
#121=CIRCLE('',#2098,4.7);
#122=CIRCLE('',#2099,0.7);
#123=CIRCLE('',#2100,4.);
#124=CIRCLE('',#2102,0.7);
#125=CIRCLE('',#2104,0.7);
#126=CIRCLE('',#2105,4.);
#127=CIRCLE('',#2106,3.3);
#128=CIRCLE('',#2108,0.7);
#129=CIRCLE('',#2110,0.7);
#130=CIRCLE('',#2111,4.);
#131=CIRCLE('',#2112,3.3);
#132=CIRCLE('',#2114,0.7);
#133=CIRCLE('',#2116,0.7);
#134=CIRCLE('',#2117,4.);
#135=CIRCLE('',#2118,3.3);
#136=CIRCLE('',#2120,0.7);
#137=CIRCLE('',#2122,0.7);
#138=CIRCLE('',#2123,4.);
#139=CIRCLE('',#2124,3.3);
#140=CIRCLE('',#2128,4.);
#141=CIRCLE('',#2129,0.699999999999999);
#142=CIRCLE('',#2131,0.700000000000002);
#143=CIRCLE('',#2133,4.);
#144=CIRCLE('',#2135,4.7);
#145=CIRCLE('',#2136,3.3);
#146=CIRCLE('',#2137,4.7);
#147=CIRCLE('',#2138,1.75);
#148=CIRCLE('',#2139,1.75);
#149=CIRCLE('',#2140,1.75);
#150=CIRCLE('',#2142,4.);
#151=CIRCLE('',#2145,4.);
#152=CIRCLE('',#2147,0.700000000000001);
#153=CIRCLE('',#2148,4.);
#154=CIRCLE('',#2150,0.7);
#155=CIRCLE('',#2152,0.7);
#156=CIRCLE('',#2153,4.);
#157=CIRCLE('',#2155,0.7);
#158=CIRCLE('',#2157,0.7);
#159=CIRCLE('',#2158,4.);
#160=CIRCLE('',#2160,0.7);
#161=CIRCLE('',#2161,4.);
#162=CIRCLE('',#2163,0.7);
#163=CIRCLE('',#2165,4.);
#164=CIRCLE('',#2167,4.);
#165=CIRCLE('',#2169,2.);
#166=CIRCLE('',#2171,6.);
#167=CIRCLE('',#2172,2.);
#168=CIRCLE('',#2173,4.);
#169=CIRCLE('',#2175,2.);
#170=CIRCLE('',#2176,2.);
#171=CIRCLE('',#2177,4.);
#172=CIRCLE('',#2178,2.);
#173=CIRCLE('',#2180,2.);
#174=CIRCLE('',#2181,2.);
#175=CIRCLE('',#2182,4.);
#176=CIRCLE('',#2183,2.);
#177=CIRCLE('',#2185,2.);
#178=CIRCLE('',#2186,2.);
#179=CIRCLE('',#2187,4.);
#180=CIRCLE('',#2188,2.);
#181=CIRCLE('',#2190,2.);
#182=CIRCLE('',#2191,2.);
#183=CIRCLE('',#2192,4.);
#184=CIRCLE('',#2193,2.);
#185=CIRCLE('',#2195,2.);
#186=CIRCLE('',#2197,2.);
#187=CIRCLE('',#2198,6.);
#188=CIRCLE('',#2200,2.);
#189=CIRCLE('',#2201,2.);
#190=CIRCLE('',#2202,2.);
#191=CIRCLE('',#2203,2.);
#192=CIRCLE('',#2205,2.);
#193=CIRCLE('',#2207,2.);
#194=CIRCLE('',#2208,4.);
#195=CIRCLE('',#2209,6.);
#196=CIRCLE('',#2211,2.);
#197=CIRCLE('',#2212,2.);
#198=CIRCLE('',#2213,4.);
#199=CIRCLE('',#2214,2.);
#200=CIRCLE('',#2216,2.);
#201=CIRCLE('',#2218,2.);
#202=CIRCLE('',#2219,4.);
#203=CIRCLE('',#2220,6.);
#204=CIRCLE('',#2222,2.);
#205=CIRCLE('',#2224,2.);
#206=CIRCLE('',#2225,6.);
#207=CIRCLE('',#2226,8.);
#208=CIRCLE('',#2228,2.);
#209=CIRCLE('',#2230,2.);
#210=CIRCLE('',#2231,6.);
#211=CIRCLE('',#2232,8.);
#212=CIRCLE('',#2234,2.);
#213=CIRCLE('',#2235,2.);
#214=CIRCLE('',#2236,2.);
#215=CIRCLE('',#2237,4.);
#216=CIRCLE('',#2241,2.);
#217=CIRCLE('',#2243,1.99999999999999);
#218=CIRCLE('',#2244,3.);
#219=CIRCLE('',#2245,5.);
#220=CIRCLE('',#2247,1.99999999999999);
#221=CIRCLE('',#2249,2.);
#222=CIRCLE('',#2250,3.);
#223=CIRCLE('',#2253,2.);
#224=CIRCLE('',#2254,8.);
#225=CIRCLE('',#2255,6.);
#226=CIRCLE('',#2257,2.);
#227=CIRCLE('',#2259,2.);
#228=CIRCLE('',#2260,8.);
#229=CIRCLE('',#2261,6.);
#230=CIRCLE('',#2263,2.);
#231=CIRCLE('',#2264,2.);
#232=CIRCLE('',#2265,4.);
#233=CIRCLE('',#2266,2.);
#234=CIRCLE('',#2270,3.5);
#235=CIRCLE('',#2271,3.5);
#236=CIRCLE('',#2275,4.);
#237=CIRCLE('',#2295,1.75);
#238=CIRCLE('',#2296,5.4);
#239=CIRCLE('',#2297,1.75);
#240=CIRCLE('',#2298,1.75);
#241=CIRCLE('',#2300,1.35);
#242=CIRCLE('',#2303,1.4);
#243=CIRCLE('',#2313,1.3);
#244=CIRCLE('',#2314,2.5);
#245=CIRCLE('',#2315,1.3);
#246=CIRCLE('',#2317,3.5);
#247=CIRCLE('',#2320,3.5);
#248=CIRCLE('',#2321,2.5);
#249=CIRCLE('',#2322,1.3);
#250=CIRCLE('',#2323,1.3);
#251=CIRCLE('',#2332,5.4);
#252=FACE_OUTER_BOUND('',#378,.T.);
#253=FACE_OUTER_BOUND('',#379,.T.);
#254=FACE_OUTER_BOUND('',#380,.T.);
#255=FACE_OUTER_BOUND('',#381,.T.);
#256=FACE_OUTER_BOUND('',#382,.T.);
#257=FACE_OUTER_BOUND('',#383,.T.);
#258=FACE_OUTER_BOUND('',#384,.T.);
#259=FACE_OUTER_BOUND('',#385,.T.);
#260=FACE_OUTER_BOUND('',#386,.T.);
#261=FACE_OUTER_BOUND('',#387,.T.);
#262=FACE_OUTER_BOUND('',#391,.T.);
#263=FACE_OUTER_BOUND('',#392,.T.);
#264=FACE_OUTER_BOUND('',#393,.T.);
#265=FACE_OUTER_BOUND('',#394,.T.);
#266=FACE_OUTER_BOUND('',#395,.T.);
#267=FACE_OUTER_BOUND('',#396,.T.);
#268=FACE_OUTER_BOUND('',#397,.T.);
#269=FACE_OUTER_BOUND('',#398,.T.);
#270=FACE_OUTER_BOUND('',#399,.T.);
#271=FACE_OUTER_BOUND('',#400,.T.);
#272=FACE_OUTER_BOUND('',#401,.T.);
#273=FACE_OUTER_BOUND('',#402,.T.);
#274=FACE_OUTER_BOUND('',#403,.T.);
#275=FACE_OUTER_BOUND('',#404,.T.);
#276=FACE_OUTER_BOUND('',#408,.T.);
#277=FACE_OUTER_BOUND('',#409,.T.);
#278=FACE_OUTER_BOUND('',#410,.T.);
#279=FACE_OUTER_BOUND('',#411,.T.);
#280=FACE_OUTER_BOUND('',#412,.T.);
#281=FACE_OUTER_BOUND('',#413,.T.);
#282=FACE_OUTER_BOUND('',#414,.T.);
#283=FACE_OUTER_BOUND('',#415,.T.);
#284=FACE_OUTER_BOUND('',#416,.T.);
#285=FACE_OUTER_BOUND('',#417,.T.);
#286=FACE_OUTER_BOUND('',#418,.T.);
#287=FACE_OUTER_BOUND('',#419,.T.);
#288=FACE_OUTER_BOUND('',#420,.T.);
#289=FACE_OUTER_BOUND('',#421,.T.);
#290=FACE_OUTER_BOUND('',#422,.T.);
#291=FACE_OUTER_BOUND('',#423,.T.);
#292=FACE_OUTER_BOUND('',#424,.T.);
#293=FACE_OUTER_BOUND('',#425,.T.);
#294=FACE_OUTER_BOUND('',#426,.T.);
#295=FACE_OUTER_BOUND('',#427,.T.);
#296=FACE_OUTER_BOUND('',#428,.T.);
#297=FACE_OUTER_BOUND('',#429,.T.);
#298=FACE_OUTER_BOUND('',#430,.T.);
#299=FACE_OUTER_BOUND('',#431,.T.);
#300=FACE_OUTER_BOUND('',#432,.T.);
#301=FACE_OUTER_BOUND('',#433,.T.);
#302=FACE_OUTER_BOUND('',#434,.T.);
#303=FACE_OUTER_BOUND('',#435,.T.);
#304=FACE_OUTER_BOUND('',#436,.T.);
#305=FACE_OUTER_BOUND('',#437,.T.);
#306=FACE_OUTER_BOUND('',#438,.T.);
#307=FACE_OUTER_BOUND('',#439,.T.);
#308=FACE_OUTER_BOUND('',#440,.T.);
#309=FACE_OUTER_BOUND('',#441,.T.);
#310=FACE_OUTER_BOUND('',#442,.T.);
#311=FACE_OUTER_BOUND('',#443,.T.);
#312=FACE_OUTER_BOUND('',#444,.T.);
#313=FACE_OUTER_BOUND('',#445,.T.);
#314=FACE_OUTER_BOUND('',#446,.T.);
#315=FACE_OUTER_BOUND('',#447,.T.);
#316=FACE_OUTER_BOUND('',#448,.T.);
#317=FACE_OUTER_BOUND('',#449,.T.);
#318=FACE_OUTER_BOUND('',#450,.T.);
#319=FACE_OUTER_BOUND('',#451,.T.);
#320=FACE_OUTER_BOUND('',#452,.T.);
#321=FACE_OUTER_BOUND('',#453,.T.);
#322=FACE_OUTER_BOUND('',#454,.T.);
#323=FACE_OUTER_BOUND('',#455,.T.);
#324=FACE_OUTER_BOUND('',#456,.T.);
#325=FACE_OUTER_BOUND('',#457,.T.);
#326=FACE_OUTER_BOUND('',#458,.T.);
#327=FACE_OUTER_BOUND('',#459,.T.);
#328=FACE_OUTER_BOUND('',#461,.T.);
#329=FACE_OUTER_BOUND('',#462,.T.);
#330=FACE_OUTER_BOUND('',#463,.T.);
#331=FACE_OUTER_BOUND('',#464,.T.);
#332=FACE_OUTER_BOUND('',#465,.T.);
#333=FACE_OUTER_BOUND('',#466,.T.);
#334=FACE_OUTER_BOUND('',#467,.T.);
#335=FACE_OUTER_BOUND('',#468,.T.);
#336=FACE_OUTER_BOUND('',#469,.T.);
#337=FACE_OUTER_BOUND('',#470,.T.);
#338=FACE_OUTER_BOUND('',#471,.T.);
#339=FACE_OUTER_BOUND('',#472,.T.);
#340=FACE_OUTER_BOUND('',#473,.T.);
#341=FACE_OUTER_BOUND('',#474,.T.);
#342=FACE_OUTER_BOUND('',#475,.T.);
#343=FACE_OUTER_BOUND('',#476,.T.);
#344=FACE_OUTER_BOUND('',#477,.T.);
#345=FACE_OUTER_BOUND('',#478,.T.);
#346=FACE_OUTER_BOUND('',#479,.T.);
#347=FACE_OUTER_BOUND('',#480,.T.);
#348=FACE_OUTER_BOUND('',#481,.T.);
#349=FACE_OUTER_BOUND('',#482,.T.);
#350=FACE_OUTER_BOUND('',#487,.T.);
#351=FACE_OUTER_BOUND('',#488,.T.);
#352=FACE_OUTER_BOUND('',#489,.T.);
#353=FACE_OUTER_BOUND('',#490,.T.);
#354=FACE_OUTER_BOUND('',#491,.T.);
#355=FACE_OUTER_BOUND('',#492,.T.);
#356=FACE_OUTER_BOUND('',#493,.T.);
#357=FACE_OUTER_BOUND('',#494,.T.);
#358=FACE_OUTER_BOUND('',#495,.T.);
#359=FACE_OUTER_BOUND('',#496,.T.);
#360=FACE_OUTER_BOUND('',#497,.T.);
#361=FACE_OUTER_BOUND('',#498,.T.);
#362=FACE_OUTER_BOUND('',#502,.T.);
#363=FACE_OUTER_BOUND('',#503,.T.);
#364=FACE_OUTER_BOUND('',#504,.T.);
#365=FACE_OUTER_BOUND('',#508,.T.);
#366=FACE_OUTER_BOUND('',#509,.T.);
#367=FACE_OUTER_BOUND('',#510,.T.);
#368=FACE_OUTER_BOUND('',#511,.T.);
#369=FACE_OUTER_BOUND('',#512,.T.);
#370=FACE_OUTER_BOUND('',#513,.T.);
#371=FACE_OUTER_BOUND('',#514,.T.);
#372=FACE_OUTER_BOUND('',#515,.T.);
#373=FACE_OUTER_BOUND('',#517,.T.);
#374=FACE_OUTER_BOUND('',#518,.T.);
#375=FACE_OUTER_BOUND('',#519,.T.);
#376=FACE_OUTER_BOUND('',#520,.T.);
#377=FACE_OUTER_BOUND('',#521,.T.);
#378=EDGE_LOOP('',(#1279,#1280,#1281,#1282));
#379=EDGE_LOOP('',(#1283,#1284,#1285,#1286));
#380=EDGE_LOOP('',(#1287,#1288,#1289,#1290));
#381=EDGE_LOOP('',(#1291,#1292,#1293,#1294));
#382=EDGE_LOOP('',(#1295,#1296,#1297,#1298));
#383=EDGE_LOOP('',(#1299,#1300,#1301,#1302));
#384=EDGE_LOOP('',(#1303,#1304,#1305,#1306));
#385=EDGE_LOOP('',(#1307,#1308,#1309,#1310,#1311,#1312,#1313,#1314,#1315));
#386=EDGE_LOOP('',(#1316,#1317,#1318,#1319));
#387=EDGE_LOOP('',(#1320,#1321,#1322,#1323,#1324,#1325));
#388=EDGE_LOOP('',(#1326));
#389=EDGE_LOOP('',(#1327));
#390=EDGE_LOOP('',(#1328,#1329,#1330,#1331));
#391=EDGE_LOOP('',(#1332,#1333,#1334,#1335));
#392=EDGE_LOOP('',(#1336,#1337,#1338,#1339));
#393=EDGE_LOOP('',(#1340,#1341,#1342,#1343));
#394=EDGE_LOOP('',(#1344,#1345,#1346,#1347));
#395=EDGE_LOOP('',(#1348,#1349,#1350,#1351));
#396=EDGE_LOOP('',(#1352,#1353,#1354,#1355));
#397=EDGE_LOOP('',(#1356,#1357,#1358,#1359));
#398=EDGE_LOOP('',(#1360,#1361,#1362,#1363));
#399=EDGE_LOOP('',(#1364,#1365,#1366,#1367));
#400=EDGE_LOOP('',(#1368,#1369,#1370,#1371));
#401=EDGE_LOOP('',(#1372,#1373,#1374,#1375));
#402=EDGE_LOOP('',(#1376,#1377,#1378,#1379));
#403=EDGE_LOOP('',(#1380,#1381,#1382));
#404=EDGE_LOOP('',(#1383,#1384,#1385,#1386,#1387,#1388,#1389,#1390,#1391,
#1392,#1393,#1394,#1395,#1396,#1397,#1398,#1399,#1400,#1401,#1402,#1403));
#405=EDGE_LOOP('',(#1404));
#406=EDGE_LOOP('',(#1405));
#407=EDGE_LOOP('',(#1406));
#408=EDGE_LOOP('',(#1407,#1408,#1409,#1410));
#409=EDGE_LOOP('',(#1411,#1412,#1413,#1414));
#410=EDGE_LOOP('',(#1415,#1416,#1417,#1418,#1419));
#411=EDGE_LOOP('',(#1420,#1421,#1422,#1423));
#412=EDGE_LOOP('',(#1424,#1425,#1426,#1427));
#413=EDGE_LOOP('',(#1428,#1429,#1430,#1431));
#414=EDGE_LOOP('',(#1432,#1433,#1434,#1435));
#415=EDGE_LOOP('',(#1436,#1437,#1438,#1439));
#416=EDGE_LOOP('',(#1440,#1441,#1442,#1443));
#417=EDGE_LOOP('',(#1444,#1445,#1446,#1447));
#418=EDGE_LOOP('',(#1448,#1449,#1450));
#419=EDGE_LOOP('',(#1451,#1452,#1453,#1454));
#420=EDGE_LOOP('',(#1455,#1456,#1457,#1458));
#421=EDGE_LOOP('',(#1459,#1460,#1461,#1462));
#422=EDGE_LOOP('',(#1463,#1464,#1465,#1466));
#423=EDGE_LOOP('',(#1467,#1468,#1469,#1470));
#424=EDGE_LOOP('',(#1471,#1472,#1473,#1474));
#425=EDGE_LOOP('',(#1475,#1476,#1477,#1478));
#426=EDGE_LOOP('',(#1479,#1480,#1481,#1482));
#427=EDGE_LOOP('',(#1483,#1484,#1485,#1486));
#428=EDGE_LOOP('',(#1487,#1488,#1489,#1490));
#429=EDGE_LOOP('',(#1491,#1492,#1493,#1494));
#430=EDGE_LOOP('',(#1495,#1496,#1497,#1498));
#431=EDGE_LOOP('',(#1499,#1500,#1501,#1502));
#432=EDGE_LOOP('',(#1503,#1504,#1505,#1506));
#433=EDGE_LOOP('',(#1507,#1508,#1509,#1510));
#434=EDGE_LOOP('',(#1511,#1512,#1513,#1514));
#435=EDGE_LOOP('',(#1515,#1516,#1517,#1518));
#436=EDGE_LOOP('',(#1519,#1520,#1521,#1522));
#437=EDGE_LOOP('',(#1523,#1524,#1525,#1526));
#438=EDGE_LOOP('',(#1527,#1528,#1529,#1530));
#439=EDGE_LOOP('',(#1531,#1532,#1533,#1534));
#440=EDGE_LOOP('',(#1535,#1536,#1537,#1538));
#441=EDGE_LOOP('',(#1539,#1540,#1541,#1542));
#442=EDGE_LOOP('',(#1543,#1544,#1545,#1546));
#443=EDGE_LOOP('',(#1547,#1548,#1549,#1550));
#444=EDGE_LOOP('',(#1551,#1552,#1553,#1554));
#445=EDGE_LOOP('',(#1555,#1556,#1557,#1558));
#446=EDGE_LOOP('',(#1559,#1560,#1561,#1562));
#447=EDGE_LOOP('',(#1563,#1564,#1565,#1566));
#448=EDGE_LOOP('',(#1567,#1568,#1569,#1570));
#449=EDGE_LOOP('',(#1571,#1572,#1573,#1574));
#450=EDGE_LOOP('',(#1575,#1576,#1577,#1578));
#451=EDGE_LOOP('',(#1579,#1580,#1581,#1582));
#452=EDGE_LOOP('',(#1583,#1584,#1585,#1586));
#453=EDGE_LOOP('',(#1587,#1588,#1589,#1590));
#454=EDGE_LOOP('',(#1591,#1592,#1593,#1594));
#455=EDGE_LOOP('',(#1595,#1596,#1597,#1598));
#456=EDGE_LOOP('',(#1599,#1600,#1601,#1602));
#457=EDGE_LOOP('',(#1603,#1604,#1605,#1606));
#458=EDGE_LOOP('',(#1607,#1608,#1609,#1610));
#459=EDGE_LOOP('',(#1611,#1612,#1613,#1614,#1615,#1616,#1617,#1618,#1619,
#1620,#1621,#1622,#1623));
#460=EDGE_LOOP('',(#1624,#1625,#1626,#1627));
#461=EDGE_LOOP('',(#1628,#1629,#1630,#1631));
#462=EDGE_LOOP('',(#1632,#1633,#1634,#1635));
#463=EDGE_LOOP('',(#1636,#1637,#1638,#1639));
#464=EDGE_LOOP('',(#1640,#1641,#1642,#1643));
#465=EDGE_LOOP('',(#1644,#1645,#1646,#1647,#1648,#1649));
#466=EDGE_LOOP('',(#1650,#1651,#1652,#1653));
#467=EDGE_LOOP('',(#1654,#1655,#1656,#1657));
#468=EDGE_LOOP('',(#1658,#1659,#1660,#1661));
#469=EDGE_LOOP('',(#1662,#1663,#1664,#1665));
#470=EDGE_LOOP('',(#1666,#1667,#1668,#1669));
#471=EDGE_LOOP('',(#1670,#1671,#1672,#1673));
#472=EDGE_LOOP('',(#1674,#1675,#1676,#1677,#1678,#1679));
#473=EDGE_LOOP('',(#1680,#1681,#1682,#1683));
#474=EDGE_LOOP('',(#1684,#1685,#1686,#1687));
#475=EDGE_LOOP('',(#1688,#1689,#1690,#1691));
#476=EDGE_LOOP('',(#1692,#1693,#1694,#1695));
#477=EDGE_LOOP('',(#1696,#1697,#1698,#1699));
#478=EDGE_LOOP('',(#1700,#1701,#1702,#1703));
#479=EDGE_LOOP('',(#1704,#1705,#1706,#1707));
#480=EDGE_LOOP('',(#1708,#1709,#1710,#1711,#1712,#1713,#1714,#1715,#1716));
#481=EDGE_LOOP('',(#1717,#1718,#1719,#1720));
#482=EDGE_LOOP('',(#1721,#1722,#1723,#1724,#1725,#1726,#1727,#1728,#1729,
#1730,#1731,#1732,#1733,#1734,#1735,#1736,#1737,#1738,#1739,#1740,#1741,
#1742,#1743,#1744,#1745,#1746,#1747,#1748));
#483=EDGE_LOOP('',(#1749));
#484=EDGE_LOOP('',(#1750));
#485=EDGE_LOOP('',(#1751));
#486=EDGE_LOOP('',(#1752));
#487=EDGE_LOOP('',(#1753,#1754,#1755,#1756));
#488=EDGE_LOOP('',(#1757));
#489=EDGE_LOOP('',(#1758,#1759,#1760,#1761));
#490=EDGE_LOOP('',(#1762,#1763,#1764,#1765));
#491=EDGE_LOOP('',(#1766,#1767,#1768,#1769));
#492=EDGE_LOOP('',(#1770));
#493=EDGE_LOOP('',(#1771,#1772,#1773,#1774));
#494=EDGE_LOOP('',(#1775,#1776,#1777,#1778));
#495=EDGE_LOOP('',(#1779,#1780,#1781,#1782));
#496=EDGE_LOOP('',(#1783,#1784,#1785,#1786));
#497=EDGE_LOOP('',(#1787,#1788,#1789,#1790,#1791));
#498=EDGE_LOOP('',(#1792,#1793,#1794,#1795,#1796,#1797,#1798,#1799,#1800,
#1801,#1802));
#499=EDGE_LOOP('',(#1803));
#500=EDGE_LOOP('',(#1804));
#501=EDGE_LOOP('',(#1805));
#502=EDGE_LOOP('',(#1806,#1807,#1808,#1809));
#503=EDGE_LOOP('',(#1810,#1811,#1812,#1813));
#504=EDGE_LOOP('',(#1814,#1815,#1816,#1817));
#505=EDGE_LOOP('',(#1818));
#506=EDGE_LOOP('',(#1819));
#507=EDGE_LOOP('',(#1820));
#508=EDGE_LOOP('',(#1821,#1822,#1823,#1824));
#509=EDGE_LOOP('',(#1825,#1826,#1827,#1828));
#510=EDGE_LOOP('',(#1829,#1830,#1831));
#511=EDGE_LOOP('',(#1832,#1833,#1834,#1835));
#512=EDGE_LOOP('',(#1836,#1837,#1838,#1839));
#513=EDGE_LOOP('',(#1840,#1841,#1842,#1843));
#514=EDGE_LOOP('',(#1844,#1845,#1846,#1847));
#515=EDGE_LOOP('',(#1848,#1849,#1850,#1851));
#516=EDGE_LOOP('',(#1852));
#517=EDGE_LOOP('',(#1853,#1854,#1855,#1856));
#518=EDGE_LOOP('',(#1857,#1858,#1859,#1860));
#519=EDGE_LOOP('',(#1861,#1862,#1863,#1864));
#520=EDGE_LOOP('',(#1865,#1866,#1867,#1868));
#521=EDGE_LOOP('',(#1869,#1870,#1871,#1872));
#522=ELLIPSE('',#2074,0.989949493661163,0.7);
#523=ELLIPSE('',#2075,0.989949493661169,0.7);
#524=ELLIPSE('',#2126,1.18278629112312,0.7);
#525=ELLIPSE('',#2239,2.64816079553146,2.);
#526=ELLIPSE('',#2268,2.64816079553146,2.);
#527=LINE('',#3013,#666);
#528=LINE('',#3017,#667);
#529=LINE('',#3021,#668);
#530=LINE('',#3024,#669);
#531=LINE('',#3035,#670);
#532=LINE('',#3036,#671);
#533=LINE('',#3044,#672);
#534=LINE('',#3045,#673);
#535=LINE('',#3048,#674);
#536=LINE('',#3051,#675);
#537=LINE('',#3054,#676);
#538=LINE('',#3056,#677);
#539=LINE('',#3084,#678);
#540=LINE('',#3085,#679);
#541=LINE('',#3088,#680);
#542=LINE('',#3089,#681);
#543=LINE('',#3097,#682);
#544=LINE('',#3099,#683);
#545=LINE('',#3101,#684);
#546=LINE('',#3102,#685);
#547=LINE('',#3115,#686);
#548=LINE('',#3116,#687);
#549=LINE('',#3127,#688);
#550=LINE('',#3128,#689);
#551=LINE('',#3139,#690);
#552=LINE('',#3140,#691);
#553=LINE('',#3151,#692);
#554=LINE('',#3152,#693);
#555=LINE('',#3163,#694);
#556=LINE('',#3164,#695);
#557=LINE('',#3171,#696);
#558=LINE('',#3177,#697);
#559=LINE('',#3181,#698);
#560=LINE('',#3185,#699);
#561=LINE('',#3189,#700);
#562=LINE('',#3191,#701);
#563=LINE('',#3192,#702);
#564=LINE('',#3201,#703);
#565=LINE('',#3205,#704);
#566=LINE('',#3206,#705);
#567=LINE('',#3209,#706);
#568=LINE('',#3223,#707);
#569=LINE('',#3231,#708);
#570=LINE('',#3256,#709);
#571=LINE('',#3275,#710);
#572=LINE('',#3278,#711);
#573=LINE('',#3282,#712);
#574=LINE('',#3286,#713);
#575=LINE('',#3311,#714);
#576=LINE('',#3312,#715);
#577=LINE('',#3331,#716);
#578=LINE('',#3332,#717);
#579=LINE('',#3351,#718);
#580=LINE('',#3352,#719);
#581=LINE('',#3371,#720);
#582=LINE('',#3372,#721);
#583=LINE('',#3390,#722);
#584=LINE('',#3391,#723);
#585=LINE('',#3399,#724);
#586=LINE('',#3454,#725);
#587=LINE('',#3455,#726);
#588=LINE('',#3466,#727);
#589=LINE('',#3467,#728);
#590=LINE('',#3486,#729);
#591=LINE('',#3487,#730);
#592=LINE('',#3498,#731);
#593=LINE('',#3499,#732);
#594=LINE('',#3510,#733);
#595=LINE('',#3511,#734);
#596=LINE('',#3522,#735);
#597=LINE('',#3523,#736);
#598=LINE('',#3542,#737);
#599=LINE('',#3543,#738);
#600=LINE('',#3546,#739);
#601=LINE('',#3549,#740);
#602=LINE('',#3559,#741);
#603=LINE('',#3560,#742);
#604=LINE('',#3566,#743);
#605=LINE('',#3577,#744);
#606=LINE('',#3578,#745);
#607=LINE('',#3589,#746);
#608=LINE('',#3590,#747);
#609=LINE('',#3609,#748);
#610=LINE('',#3610,#749);
#611=LINE('',#3613,#750);
#612=LINE('',#3615,#751);
#613=LINE('',#3616,#752);
#614=LINE('',#3617,#753);
#615=LINE('',#3620,#754);
#616=LINE('',#3624,#755);
#617=LINE('',#3627,#756);
#618=LINE('',#3628,#757);
#619=LINE('',#3630,#758);
#620=LINE('',#3633,#759);
#621=LINE('',#3636,#760);
#622=LINE('',#3638,#761);
#623=LINE('',#3639,#762);
#624=LINE('',#3641,#763);
#625=LINE('',#3643,#764);
#626=LINE('',#3645,#765);
#627=LINE('',#3647,#766);
#628=LINE('',#3649,#767);
#629=LINE('',#3651,#768);
#630=LINE('',#3653,#769);
#631=LINE('',#3655,#770);
#632=LINE('',#3657,#771);
#633=LINE('',#3659,#772);
#634=LINE('',#3661,#773);
#635=LINE('',#3664,#774);
#636=LINE('',#3666,#775);
#637=LINE('',#3670,#776);
#638=LINE('',#3672,#777);
#639=LINE('',#3673,#778);
#640=LINE('',#3685,#779);
#641=LINE('',#3690,#780);
#642=LINE('',#3695,#781);
#643=LINE('',#3696,#782);
#644=LINE('',#3697,#783);
#645=LINE('',#3699,#784);
#646=LINE('',#3702,#785);
#647=LINE('',#3703,#786);
#648=LINE('',#3705,#787);
#649=LINE('',#3707,#788);
#650=LINE('',#3709,#789);
#651=LINE('',#3711,#790);
#652=LINE('',#3721,#791);
#653=LINE('',#3724,#792);
#654=LINE('',#3727,#793);
#655=LINE('',#3728,#794);
#656=LINE('',#3731,#795);
#657=LINE('',#3740,#796);
#658=LINE('',#3744,#797);
#659=LINE('',#3746,#798);
#660=LINE('',#3748,#799);
#661=LINE('',#3751,#800);
#662=LINE('',#3756,#801);
#663=LINE('',#3758,#802);
#664=LINE('',#3760,#803);
#665=LINE('',#3762,#804);
#666=VECTOR('',#2342,10.);
#667=VECTOR('',#2345,10.);
#668=VECTOR('',#2350,10.);
#669=VECTOR('',#2353,10.);
#670=VECTOR('',#2366,10.);
#671=VECTOR('',#2367,10.);
#672=VECTOR('',#2378,10.);
#673=VECTOR('',#2379,10.);
#674=VECTOR('',#2382,10.);
#675=VECTOR('',#2385,10.);
#676=VECTOR('',#2388,10.);
#677=VECTOR('',#2389,10.);
#678=VECTOR('',#2390,10.);
#679=VECTOR('',#2391,10.);
#680=VECTOR('',#2394,10.);
#681=VECTOR('',#2395,10.);
#682=VECTOR('',#2402,10.);
#683=VECTOR('',#2403,10.);
#684=VECTOR('',#2404,10.);
#685=VECTOR('',#2405,10.);
#686=VECTOR('',#2420,10.);
#687=VECTOR('',#2421,10.);
#688=VECTOR('',#2434,10.);
#689=VECTOR('',#2435,10.);
#690=VECTOR('',#2448,10.);
#691=VECTOR('',#2449,10.);
#692=VECTOR('',#2462,10.);
#693=VECTOR('',#2463,10.);
#694=VECTOR('',#2476,10.);
#695=VECTOR('',#2477,10.);
#696=VECTOR('',#2486,10.);
#697=VECTOR('',#2495,10.);
#698=VECTOR('',#2498,10.);
#699=VECTOR('',#2501,10.);
#700=VECTOR('',#2504,10.);
#701=VECTOR('',#2505,10.);
#702=VECTOR('',#2506,10.);
#703=VECTOR('',#2515,10.);
#704=VECTOR('',#2520,10.);
#705=VECTOR('',#2521,10.);
#706=VECTOR('',#2524,10.);
#707=VECTOR('',#2537,10.);
#708=VECTOR('',#2548,10.);
#709=VECTOR('',#2565,10.);
#710=VECTOR('',#2572,10.);
#711=VECTOR('',#2575,4.);
#712=VECTOR('',#2578,10.);
#713=VECTOR('',#2581,10.);
#714=VECTOR('',#2594,10.);
#715=VECTOR('',#2595,10.);
#716=VECTOR('',#2606,10.);
#717=VECTOR('',#2607,10.);
#718=VECTOR('',#2618,10.);
#719=VECTOR('',#2619,10.);
#720=VECTOR('',#2630,10.);
#721=VECTOR('',#2631,10.);
#722=VECTOR('',#2642,10.);
#723=VECTOR('',#2643,10.);
#724=VECTOR('',#2654,10.);
#725=VECTOR('',#2665,10.);
#726=VECTOR('',#2666,10.);
#727=VECTOR('',#2679,10.);
#728=VECTOR('',#2680,10.);
#729=VECTOR('',#2691,10.);
#730=VECTOR('',#2692,10.);
#731=VECTOR('',#2705,10.);
#732=VECTOR('',#2706,10.);
#733=VECTOR('',#2719,10.);
#734=VECTOR('',#2720,10.);
#735=VECTOR('',#2733,10.);
#736=VECTOR('',#2734,10.);
#737=VECTOR('',#2745,10.);
#738=VECTOR('',#2746,10.);
#739=VECTOR('',#2749,10.);
#740=VECTOR('',#2752,10.);
#741=VECTOR('',#2765,10.);
#742=VECTOR('',#2766,10.);
#743=VECTOR('',#2775,10.);
#744=VECTOR('',#2788,10.);
#745=VECTOR('',#2789,10.);
#746=VECTOR('',#2802,10.);
#747=VECTOR('',#2803,10.);
#748=VECTOR('',#2814,10.);
#749=VECTOR('',#2815,10.);
#750=VECTOR('',#2818,10.);
#751=VECTOR('',#2819,10.);
#752=VECTOR('',#2820,10.);
#753=VECTOR('',#2821,10.);
#754=VECTOR('',#2822,10.);
#755=VECTOR('',#2825,10.);
#756=VECTOR('',#2830,10.);
#757=VECTOR('',#2831,10.);
#758=VECTOR('',#2834,10.);
#759=VECTOR('',#2837,4.);
#760=VECTOR('',#2842,10.);
#761=VECTOR('',#2845,10.);
#762=VECTOR('',#2846,10.);
#763=VECTOR('',#2849,10.);
#764=VECTOR('',#2852,10.);
#765=VECTOR('',#2855,10.);
#766=VECTOR('',#2858,10.);
#767=VECTOR('',#2861,10.);
#768=VECTOR('',#2864,10.);
#769=VECTOR('',#2867,10.);
#770=VECTOR('',#2870,10.);
#771=VECTOR('',#2873,10.);
#772=VECTOR('',#2876,10.);
#773=VECTOR('',#2879,10.);
#774=VECTOR('',#2884,10.);
#775=VECTOR('',#2887,10.);
#776=VECTOR('',#2892,10.);
#777=VECTOR('',#2893,10.);
#778=VECTOR('',#2894,10.);
#779=VECTOR('',#2907,1.35);
#780=VECTOR('',#2914,1.4);
#781=VECTOR('',#2919,10.);
#782=VECTOR('',#2920,10.);
#783=VECTOR('',#2921,10.);
#784=VECTOR('',#2924,10.);
#785=VECTOR('',#2929,10.);
#786=VECTOR('',#2930,10.);
#787=VECTOR('',#2933,10.);
#788=VECTOR('',#2936,10.);
#789=VECTOR('',#2939,10.);
#790=VECTOR('',#2942,10.);
#791=VECTOR('',#2953,10.);
#792=VECTOR('',#2956,10.);
#793=VECTOR('',#2959,10.);
#794=VECTOR('',#2960,10.);
#795=VECTOR('',#2963,10.);
#796=VECTOR('',#2974,10.);
#797=VECTOR('',#2981,1.3);
#798=VECTOR('',#2984,2.5);
#799=VECTOR('',#2987,1.3);
#800=VECTOR('',#2992,10.);
#801=VECTOR('',#2999,10.);
#802=VECTOR('',#3002,1.75);
#803=VECTOR('',#3005,1.75);
#804=VECTOR('',#3008,1.75);
#805=VERTEX_POINT('',#3011);
#806=VERTEX_POINT('',#3012);
#807=VERTEX_POINT('',#3014);
#808=VERTEX_POINT('',#3016);
#809=VERTEX_POINT('',#3020);
#810=VERTEX_POINT('',#3022);
#811=VERTEX_POINT('',#3026);
#812=VERTEX_POINT('',#3027);
#813=VERTEX_POINT('',#3032);
#814=VERTEX_POINT('',#3033);
#815=VERTEX_POINT('',#3038);
#816=VERTEX_POINT('',#3039);
#817=VERTEX_POINT('',#3047);
#818=VERTEX_POINT('',#3049);
#819=VERTEX_POINT('',#3053);
#820=VERTEX_POINT('',#3055);
#821=VERTEX_POINT('',#3057);
#822=VERTEX_POINT('',#3068);
#823=VERTEX_POINT('',#3072);
#824=VERTEX_POINT('',#3083);
#825=VERTEX_POINT('',#3087);
#826=VERTEX_POINT('',#3091);
#827=VERTEX_POINT('',#3093);
#828=VERTEX_POINT('',#3095);
#829=VERTEX_POINT('',#3096);
#830=VERTEX_POINT('',#3098);
#831=VERTEX_POINT('',#3100);
#832=VERTEX_POINT('',#3104);
#833=VERTEX_POINT('',#3106);
#834=VERTEX_POINT('',#3108);
#835=VERTEX_POINT('',#3112);
#836=VERTEX_POINT('',#3113);
#837=VERTEX_POINT('',#3118);
#838=VERTEX_POINT('',#3119);
#839=VERTEX_POINT('',#3124);
#840=VERTEX_POINT('',#3125);
#841=VERTEX_POINT('',#3130);
#842=VERTEX_POINT('',#3131);
#843=VERTEX_POINT('',#3136);
#844=VERTEX_POINT('',#3137);
#845=VERTEX_POINT('',#3142);
#846=VERTEX_POINT('',#3143);
#847=VERTEX_POINT('',#3148);
#848=VERTEX_POINT('',#3149);
#849=VERTEX_POINT('',#3154);
#850=VERTEX_POINT('',#3155);
#851=VERTEX_POINT('',#3160);
#852=VERTEX_POINT('',#3161);
#853=VERTEX_POINT('',#3166);
#854=VERTEX_POINT('',#3170);
#855=VERTEX_POINT('',#3176);
#856=VERTEX_POINT('',#3178);
#857=VERTEX_POINT('',#3180);
#858=VERTEX_POINT('',#3182);
#859=VERTEX_POINT('',#3184);
#860=VERTEX_POINT('',#3186);
#861=VERTEX_POINT('',#3188);
#862=VERTEX_POINT('',#3190);
#863=VERTEX_POINT('',#3193);
#864=VERTEX_POINT('',#3195);
#865=VERTEX_POINT('',#3197);
#866=VERTEX_POINT('',#3200);
#867=VERTEX_POINT('',#3204);
#868=VERTEX_POINT('',#3208);
#869=VERTEX_POINT('',#3212);
#870=VERTEX_POINT('',#3214);
#871=VERTEX_POINT('',#3221);
#872=VERTEX_POINT('',#3225);
#873=VERTEX_POINT('',#3229);
#874=VERTEX_POINT('',#3233);
#875=VERTEX_POINT('',#3237);
#876=VERTEX_POINT('',#3246);
#877=VERTEX_POINT('',#3250);
#878=VERTEX_POINT('',#3254);
#879=VERTEX_POINT('',#3258);
#880=VERTEX_POINT('',#3274);
#881=VERTEX_POINT('',#3276);
#882=VERTEX_POINT('',#3280);
#883=VERTEX_POINT('',#3281);
#884=VERTEX_POINT('',#3283);
#885=VERTEX_POINT('',#3285);
#886=VERTEX_POINT('',#3302);
#887=VERTEX_POINT('',#3304);
#888=VERTEX_POINT('',#3308);
#889=VERTEX_POINT('',#3309);
#890=VERTEX_POINT('',#3322);
#891=VERTEX_POINT('',#3323);
#892=VERTEX_POINT('',#3328);
#893=VERTEX_POINT('',#3329);
#894=VERTEX_POINT('',#3342);
#895=VERTEX_POINT('',#3343);
#896=VERTEX_POINT('',#3348);
#897=VERTEX_POINT('',#3349);
#898=VERTEX_POINT('',#3362);
#899=VERTEX_POINT('',#3363);
#900=VERTEX_POINT('',#3368);
#901=VERTEX_POINT('',#3369);
#902=VERTEX_POINT('',#3382);
#903=VERTEX_POINT('',#3383);
#904=VERTEX_POINT('',#3388);
#905=VERTEX_POINT('',#3393);
#906=VERTEX_POINT('',#3397);
#907=VERTEX_POINT('',#3409);
#908=VERTEX_POINT('',#3432);
#909=VERTEX_POINT('',#3433);
#910=VERTEX_POINT('',#3451);
#911=VERTEX_POINT('',#3452);
#912=VERTEX_POINT('',#3457);
#913=VERTEX_POINT('',#3458);
#914=VERTEX_POINT('',#3463);
#915=VERTEX_POINT('',#3464);
#916=VERTEX_POINT('',#3477);
#917=VERTEX_POINT('',#3478);
#918=VERTEX_POINT('',#3483);
#919=VERTEX_POINT('',#3484);
#920=VERTEX_POINT('',#3489);
#921=VERTEX_POINT('',#3490);
#922=VERTEX_POINT('',#3495);
#923=VERTEX_POINT('',#3496);
#924=VERTEX_POINT('',#3501);
#925=VERTEX_POINT('',#3502);
#926=VERTEX_POINT('',#3507);
#927=VERTEX_POINT('',#3508);
#928=VERTEX_POINT('',#3513);
#929=VERTEX_POINT('',#3514);
#930=VERTEX_POINT('',#3519);
#931=VERTEX_POINT('',#3520);
#932=VERTEX_POINT('',#3533);
#933=VERTEX_POINT('',#3534);
#934=VERTEX_POINT('',#3539);
#935=VERTEX_POINT('',#3540);
#936=VERTEX_POINT('',#3545);
#937=VERTEX_POINT('',#3547);
#938=VERTEX_POINT('',#3551);
#939=VERTEX_POINT('',#3552);
#940=VERTEX_POINT('',#3557);
#941=VERTEX_POINT('',#3562);
#942=VERTEX_POINT('',#3568);
#943=VERTEX_POINT('',#3569);
#944=VERTEX_POINT('',#3574);
#945=VERTEX_POINT('',#3575);
#946=VERTEX_POINT('',#3580);
#947=VERTEX_POINT('',#3581);
#948=VERTEX_POINT('',#3586);
#949=VERTEX_POINT('',#3587);
#950=VERTEX_POINT('',#3600);
#951=VERTEX_POINT('',#3601);
#952=VERTEX_POINT('',#3606);
#953=VERTEX_POINT('',#3607);
#954=VERTEX_POINT('',#3612);
#955=VERTEX_POINT('',#3614);
#956=VERTEX_POINT('',#3618);
#957=VERTEX_POINT('',#3619);
#958=VERTEX_POINT('',#3621);
#959=VERTEX_POINT('',#3623);
#960=VERTEX_POINT('',#3632);
#961=VERTEX_POINT('',#3669);
#962=VERTEX_POINT('',#3671);
#963=VERTEX_POINT('',#3675);
#964=VERTEX_POINT('',#3677);
#965=VERTEX_POINT('',#3679);
#966=VERTEX_POINT('',#3681);
#967=VERTEX_POINT('',#3684);
#968=VERTEX_POINT('',#3689);
#969=VERTEX_POINT('',#3693);
#970=VERTEX_POINT('',#3694);
#971=VERTEX_POINT('',#3713);
#972=VERTEX_POINT('',#3715);
#973=VERTEX_POINT('',#3717);
#974=VERTEX_POINT('',#3720);
#975=VERTEX_POINT('',#3722);
#976=VERTEX_POINT('',#3726);
#977=VERTEX_POINT('',#3730);
#978=VERTEX_POINT('',#3733);
#979=VERTEX_POINT('',#3735);
#980=VERTEX_POINT('',#3737);
#981=VERTEX_POINT('',#3752);
#982=EDGE_CURVE('',#805,#806,#527,.T.);
#983=EDGE_CURVE('',#806,#807,#522,.T.);
#984=EDGE_CURVE('',#807,#808,#528,.T.);
#985=EDGE_CURVE('',#805,#808,#523,.T.);
#986=EDGE_CURVE('',#808,#809,#529,.T.);
#987=EDGE_CURVE('',#809,#810,#109,.T.);
#988=EDGE_CURVE('',#810,#805,#530,.T.);
#989=EDGE_CURVE('',#811,#812,#110,.T.);
#990=EDGE_CURVE('',#812,#810,#111,.T.);
#991=EDGE_CURVE('',#809,#811,#112,.T.);
#992=EDGE_CURVE('',#813,#814,#113,.T.);
#993=EDGE_CURVE('',#814,#812,#531,.T.);
#994=EDGE_CURVE('',#811,#813,#532,.T.);
#995=EDGE_CURVE('',#815,#816,#114,.T.);
#996=EDGE_CURVE('',#816,#814,#115,.T.);
#997=EDGE_CURVE('',#813,#815,#116,.T.);
#998=EDGE_CURVE('',#806,#816,#533,.T.);
#999=EDGE_CURVE('',#815,#807,#534,.T.);
#1000=EDGE_CURVE('',#809,#817,#535,.T.);
#1001=EDGE_CURVE('',#818,#817,#117,.T.);
#1002=EDGE_CURVE('',#818,#811,#536,.T.);
#1003=EDGE_CURVE('',#819,#808,#537,.T.);
#1004=EDGE_CURVE('',#820,#819,#538,.T.);
#1005=EDGE_CURVE('',#821,#820,#44,.F.);
#1006=EDGE_CURVE('',#822,#821,#42,.F.);
#1007=EDGE_CURVE('',#823,#822,#45,.F.);
#1008=EDGE_CURVE('',#824,#823,#539,.T.);
#1009=EDGE_CURVE('',#817,#824,#540,.T.);
#1010=EDGE_CURVE('',#825,#807,#541,.T.);
#1011=EDGE_CURVE('',#819,#825,#542,.T.);
#1012=EDGE_CURVE('',#826,#826,#118,.T.);
#1013=EDGE_CURVE('',#827,#827,#119,.T.);
#1014=EDGE_CURVE('',#828,#829,#543,.T.);
#1015=EDGE_CURVE('',#829,#830,#544,.T.);
#1016=EDGE_CURVE('',#830,#831,#545,.T.);
#1017=EDGE_CURVE('',#831,#828,#546,.T.);
#1018=EDGE_CURVE('',#832,#820,#120,.T.);
#1019=EDGE_CURVE('',#820,#833,#121,.T.);
#1020=EDGE_CURVE('',#833,#834,#122,.T.);
#1021=EDGE_CURVE('',#834,#832,#123,.T.);
#1022=EDGE_CURVE('',#835,#836,#124,.T.);
#1023=EDGE_CURVE('',#836,#834,#547,.T.);
#1024=EDGE_CURVE('',#833,#835,#548,.T.);
#1025=EDGE_CURVE('',#837,#838,#125,.T.);
#1026=EDGE_CURVE('',#838,#836,#126,.T.);
#1027=EDGE_CURVE('',#835,#837,#127,.T.);
#1028=EDGE_CURVE('',#839,#840,#128,.T.);
#1029=EDGE_CURVE('',#840,#838,#549,.T.);
#1030=EDGE_CURVE('',#837,#839,#550,.T.);
#1031=EDGE_CURVE('',#841,#842,#129,.T.);
#1032=EDGE_CURVE('',#842,#840,#130,.T.);
#1033=EDGE_CURVE('',#839,#841,#131,.T.);
#1034=EDGE_CURVE('',#843,#844,#132,.T.);
#1035=EDGE_CURVE('',#844,#842,#551,.T.);
#1036=EDGE_CURVE('',#841,#843,#552,.T.);
#1037=EDGE_CURVE('',#845,#846,#133,.T.);
#1038=EDGE_CURVE('',#846,#844,#134,.T.);
#1039=EDGE_CURVE('',#843,#845,#135,.T.);
#1040=EDGE_CURVE('',#847,#848,#136,.T.);
#1041=EDGE_CURVE('',#848,#846,#553,.T.);
#1042=EDGE_CURVE('',#845,#847,#554,.T.);
#1043=EDGE_CURVE('',#849,#850,#137,.T.);
#1044=EDGE_CURVE('',#850,#848,#138,.T.);
#1045=EDGE_CURVE('',#847,#849,#139,.T.);
#1046=EDGE_CURVE('',#851,#852,#524,.T.);
#1047=EDGE_CURVE('',#851,#850,#555,.T.);
#1048=EDGE_CURVE('',#849,#852,#556,.T.);
#1049=EDGE_CURVE('',#832,#853,#140,.T.);
#1050=EDGE_CURVE('',#853,#821,#141,.T.);
#1051=EDGE_CURVE('',#853,#854,#557,.T.);
#1052=EDGE_CURVE('',#854,#822,#142,.T.);
#1053=EDGE_CURVE('',#854,#823,#143,.T.);
#1054=EDGE_CURVE('',#825,#855,#558,.T.);
#1055=EDGE_CURVE('',#856,#855,#144,.T.);
#1056=EDGE_CURVE('',#857,#856,#559,.T.);
#1057=EDGE_CURVE('',#858,#857,#145,.T.);
#1058=EDGE_CURVE('',#859,#858,#560,.T.);
#1059=EDGE_CURVE('',#860,#859,#146,.T.);
#1060=EDGE_CURVE('',#860,#861,#561,.T.);
#1061=EDGE_CURVE('',#861,#862,#562,.T.);
#1062=EDGE_CURVE('',#862,#852,#563,.T.);
#1063=EDGE_CURVE('',#863,#863,#147,.T.);
#1064=EDGE_CURVE('',#864,#864,#148,.T.);
#1065=EDGE_CURVE('',#865,#865,#149,.T.);
#1066=EDGE_CURVE('',#854,#866,#564,.T.);
#1067=EDGE_CURVE('',#824,#866,#150,.T.);
#1068=EDGE_CURVE('',#867,#853,#565,.T.);
#1069=EDGE_CURVE('',#866,#867,#566,.T.);
#1070=EDGE_CURVE('',#834,#868,#567,.T.);
#1071=EDGE_CURVE('',#867,#868,#151,.T.);
#1072=EDGE_CURVE('',#859,#869,#152,.T.);
#1073=EDGE_CURVE('',#869,#870,#153,.T.);
#1074=EDGE_CURVE('',#870,#860,#46,.F.);
#1075=EDGE_CURVE('',#858,#871,#154,.T.);
#1076=EDGE_CURVE('',#871,#869,#568,.T.);
#1077=EDGE_CURVE('',#857,#872,#155,.T.);
#1078=EDGE_CURVE('',#872,#871,#156,.T.);
#1079=EDGE_CURVE('',#856,#873,#157,.T.);
#1080=EDGE_CURVE('',#873,#872,#569,.T.);
#1081=EDGE_CURVE('',#855,#874,#158,.T.);
#1082=EDGE_CURVE('',#874,#873,#159,.T.);
#1083=EDGE_CURVE('',#855,#875,#47,.F.);
#1084=EDGE_CURVE('',#875,#876,#160,.T.);
#1085=EDGE_CURVE('',#876,#874,#161,.T.);
#1086=EDGE_CURVE('',#875,#877,#43,.F.);
#1087=EDGE_CURVE('',#877,#878,#162,.T.);
#1088=EDGE_CURVE('',#878,#876,#570,.T.);
#1089=EDGE_CURVE('',#877,#879,#48,.F.);
#1090=EDGE_CURVE('',#879,#878,#163,.T.);
#1091=EDGE_CURVE('',#879,#880,#571,.T.);
#1092=EDGE_CURVE('',#881,#880,#164,.T.);
#1093=EDGE_CURVE('',#881,#878,#572,.T.);
#1094=EDGE_CURVE('',#882,#883,#573,.T.);
#1095=EDGE_CURVE('',#883,#884,#165,.T.);
#1096=EDGE_CURVE('',#884,#885,#574,.T.);
#1097=EDGE_CURVE('',#885,#882,#49,.T.);
#1098=EDGE_CURVE('',#885,#886,#166,.T.);
#1099=EDGE_CURVE('',#886,#887,#167,.T.);
#1100=EDGE_CURVE('',#887,#882,#168,.T.);
#1101=EDGE_CURVE('',#888,#889,#169,.T.);
#1102=EDGE_CURVE('',#889,#887,#575,.T.);
#1103=EDGE_CURVE('',#886,#888,#576,.T.);
#1104=EDGE_CURVE('',#890,#891,#170,.T.);
#1105=EDGE_CURVE('',#891,#889,#171,.T.);
#1106=EDGE_CURVE('',#888,#890,#172,.T.);
#1107=EDGE_CURVE('',#892,#893,#173,.T.);
#1108=EDGE_CURVE('',#893,#891,#577,.T.);
#1109=EDGE_CURVE('',#890,#892,#578,.T.);
#1110=EDGE_CURVE('',#894,#895,#174,.T.);
#1111=EDGE_CURVE('',#895,#893,#175,.T.);
#1112=EDGE_CURVE('',#892,#894,#176,.T.);
#1113=EDGE_CURVE('',#896,#897,#177,.T.);
#1114=EDGE_CURVE('',#897,#895,#579,.T.);
#1115=EDGE_CURVE('',#894,#896,#580,.T.);
#1116=EDGE_CURVE('',#898,#899,#178,.T.);
#1117=EDGE_CURVE('',#899,#897,#179,.T.);
#1118=EDGE_CURVE('',#896,#898,#180,.T.);
#1119=EDGE_CURVE('',#900,#901,#181,.T.);
#1120=EDGE_CURVE('',#901,#899,#581,.T.);
#1121=EDGE_CURVE('',#898,#900,#582,.T.);
#1122=EDGE_CURVE('',#902,#903,#182,.T.);
#1123=EDGE_CURVE('',#903,#901,#183,.T.);
#1124=EDGE_CURVE('',#900,#902,#184,.T.);
#1125=EDGE_CURVE('',#904,#868,#185,.T.);
#1126=EDGE_CURVE('',#868,#903,#583,.T.);
#1127=EDGE_CURVE('',#902,#904,#584,.T.);
#1128=EDGE_CURVE('',#905,#867,#186,.T.);
#1129=EDGE_CURVE('',#904,#905,#187,.T.);
#1130=EDGE_CURVE('',#906,#866,#188,.T.);
#1131=EDGE_CURVE('',#905,#906,#585,.T.);
#1132=EDGE_CURVE('',#906,#907,#189,.T.);
#1133=EDGE_CURVE('',#907,#824,#50,.T.);
#1134=EDGE_CURVE('',#908,#909,#190,.T.);
#1135=EDGE_CURVE('',#909,#881,#191,.T.);
#1136=EDGE_CURVE('',#880,#908,#51,.T.);
#1137=EDGE_CURVE('',#910,#911,#192,.T.);
#1138=EDGE_CURVE('',#911,#881,#586,.T.);
#1139=EDGE_CURVE('',#909,#910,#587,.T.);
#1140=EDGE_CURVE('',#912,#913,#193,.T.);
#1141=EDGE_CURVE('',#913,#911,#194,.T.);
#1142=EDGE_CURVE('',#910,#912,#195,.T.);
#1143=EDGE_CURVE('',#914,#915,#196,.T.);
#1144=EDGE_CURVE('',#915,#913,#588,.T.);
#1145=EDGE_CURVE('',#912,#914,#589,.T.);
#1146=EDGE_CURVE('',#916,#917,#197,.T.);
#1147=EDGE_CURVE('',#917,#915,#198,.T.);
#1148=EDGE_CURVE('',#914,#916,#199,.T.);
#1149=EDGE_CURVE('',#918,#919,#200,.T.);
#1150=EDGE_CURVE('',#919,#917,#590,.T.);
#1151=EDGE_CURVE('',#916,#918,#591,.T.);
#1152=EDGE_CURVE('',#920,#921,#201,.T.);
#1153=EDGE_CURVE('',#921,#919,#202,.T.);
#1154=EDGE_CURVE('',#918,#920,#203,.T.);
#1155=EDGE_CURVE('',#922,#923,#204,.T.);
#1156=EDGE_CURVE('',#923,#921,#592,.T.);
#1157=EDGE_CURVE('',#920,#922,#593,.T.);
#1158=EDGE_CURVE('',#924,#925,#205,.T.);
#1159=EDGE_CURVE('',#925,#923,#206,.T.);
#1160=EDGE_CURVE('',#922,#924,#207,.T.);
#1161=EDGE_CURVE('',#926,#927,#208,.T.);
#1162=EDGE_CURVE('',#927,#925,#594,.T.);
#1163=EDGE_CURVE('',#924,#926,#595,.T.);
#1164=EDGE_CURVE('',#928,#929,#209,.T.);
#1165=EDGE_CURVE('',#929,#927,#210,.T.);
#1166=EDGE_CURVE('',#926,#928,#211,.T.);
#1167=EDGE_CURVE('',#930,#931,#212,.T.);
#1168=EDGE_CURVE('',#931,#929,#596,.T.);
#1169=EDGE_CURVE('',#928,#930,#597,.T.);
#1170=EDGE_CURVE('',#932,#933,#213,.T.);
#1171=EDGE_CURVE('',#933,#931,#214,.T.);
#1172=EDGE_CURVE('',#930,#932,#215,.T.);
#1173=EDGE_CURVE('',#934,#935,#525,.T.);
#1174=EDGE_CURVE('',#935,#933,#598,.T.);
#1175=EDGE_CURVE('',#932,#934,#599,.T.);
#1176=EDGE_CURVE('',#880,#936,#600,.T.);
#1177=EDGE_CURVE('',#936,#937,#216,.T.);
#1178=EDGE_CURVE('',#937,#908,#601,.T.);
#1179=EDGE_CURVE('',#938,#939,#217,.T.);
#1180=EDGE_CURVE('',#939,#937,#218,.T.);
#1181=EDGE_CURVE('',#936,#938,#219,.T.);
#1182=EDGE_CURVE('',#818,#940,#220,.T.);
#1183=EDGE_CURVE('',#940,#939,#602,.T.);
#1184=EDGE_CURVE('',#938,#818,#603,.T.);
#1185=EDGE_CURVE('',#817,#941,#221,.T.);
#1186=EDGE_CURVE('',#941,#940,#222,.T.);
#1187=EDGE_CURVE('',#907,#941,#604,.T.);
#1188=EDGE_CURVE('',#942,#943,#223,.T.);
#1189=EDGE_CURVE('',#943,#884,#224,.T.);
#1190=EDGE_CURVE('',#883,#942,#225,.T.);
#1191=EDGE_CURVE('',#944,#945,#226,.T.);
#1192=EDGE_CURVE('',#945,#943,#605,.T.);
#1193=EDGE_CURVE('',#942,#944,#606,.T.);
#1194=EDGE_CURVE('',#946,#947,#227,.T.);
#1195=EDGE_CURVE('',#947,#945,#228,.T.);
#1196=EDGE_CURVE('',#944,#946,#229,.T.);
#1197=EDGE_CURVE('',#948,#949,#230,.T.);
#1198=EDGE_CURVE('',#949,#947,#607,.T.);
#1199=EDGE_CURVE('',#946,#948,#608,.T.);
#1200=EDGE_CURVE('',#950,#951,#231,.T.);
#1201=EDGE_CURVE('',#951,#949,#232,.T.);
#1202=EDGE_CURVE('',#948,#950,#233,.T.);
#1203=EDGE_CURVE('',#952,#953,#526,.T.);
#1204=EDGE_CURVE('',#953,#951,#609,.T.);
#1205=EDGE_CURVE('',#950,#952,#610,.T.);
#1206=EDGE_CURVE('',#882,#954,#611,.T.);
#1207=EDGE_CURVE('',#954,#955,#612,.T.);
#1208=EDGE_CURVE('',#955,#851,#613,.T.);
#1209=EDGE_CURVE('',#862,#952,#614,.T.);
#1210=EDGE_CURVE('',#956,#957,#615,.T.);
#1211=EDGE_CURVE('',#958,#957,#234,.T.);
#1212=EDGE_CURVE('',#958,#959,#616,.T.);
#1213=EDGE_CURVE('',#956,#959,#235,.T.);
#1214=EDGE_CURVE('',#943,#924,#617,.T.);
#1215=EDGE_CURVE('',#922,#884,#618,.T.);
#1216=EDGE_CURVE('',#926,#945,#619,.T.);
#1217=EDGE_CURVE('',#887,#960,#620,.T.);
#1218=EDGE_CURVE('',#954,#960,#236,.T.);
#1219=EDGE_CURVE('',#947,#928,#621,.T.);
#1220=EDGE_CURVE('',#960,#955,#622,.T.);
#1221=EDGE_CURVE('',#850,#889,#623,.T.);
#1222=EDGE_CURVE('',#930,#949,#624,.T.);
#1223=EDGE_CURVE('',#891,#848,#625,.T.);
#1224=EDGE_CURVE('',#951,#932,#626,.T.);
#1225=EDGE_CURVE('',#846,#893,#627,.T.);
#1226=EDGE_CURVE('',#953,#934,#628,.T.);
#1227=EDGE_CURVE('',#895,#844,#629,.T.);
#1228=EDGE_CURVE('',#935,#861,#630,.T.);
#1229=EDGE_CURVE('',#842,#897,#631,.T.);
#1230=EDGE_CURVE('',#899,#840,#632,.T.);
#1231=EDGE_CURVE('',#838,#901,#633,.T.);
#1232=EDGE_CURVE('',#903,#836,#634,.T.);
#1233=EDGE_CURVE('',#813,#938,#635,.T.);
#1234=EDGE_CURVE('',#936,#815,#636,.T.);
#1235=EDGE_CURVE('',#831,#961,#637,.T.);
#1236=EDGE_CURVE('',#961,#962,#638,.T.);
#1237=EDGE_CURVE('',#828,#962,#639,.T.);
#1238=EDGE_CURVE('',#963,#963,#237,.T.);
#1239=EDGE_CURVE('',#964,#964,#238,.F.);
#1240=EDGE_CURVE('',#965,#965,#239,.T.);
#1241=EDGE_CURVE('',#966,#966,#240,.T.);
#1242=EDGE_CURVE('',#827,#967,#640,.T.);
#1243=EDGE_CURVE('',#967,#967,#241,.T.);
#1244=EDGE_CURVE('',#826,#968,#641,.T.);
#1245=EDGE_CURVE('',#968,#968,#242,.T.);
#1246=EDGE_CURVE('',#969,#970,#642,.T.);
#1247=EDGE_CURVE('',#830,#969,#643,.T.);
#1248=EDGE_CURVE('',#970,#829,#644,.T.);
#1249=EDGE_CURVE('',#969,#961,#645,.T.);
#1250=EDGE_CURVE('',#869,#919,#646,.T.);
#1251=EDGE_CURVE('',#921,#870,#647,.T.);
#1252=EDGE_CURVE('',#917,#871,#648,.T.);
#1253=EDGE_CURVE('',#872,#915,#649,.T.);
#1254=EDGE_CURVE('',#913,#873,#650,.T.);
#1255=EDGE_CURVE('',#876,#911,#651,.T.);
#1256=EDGE_CURVE('',#971,#971,#243,.T.);
#1257=EDGE_CURVE('',#972,#972,#244,.T.);
#1258=EDGE_CURVE('',#973,#973,#245,.T.);
#1259=EDGE_CURVE('',#957,#974,#652,.T.);
#1260=EDGE_CURVE('',#975,#974,#246,.T.);
#1261=EDGE_CURVE('',#975,#958,#653,.T.);
#1262=EDGE_CURVE('',#975,#976,#654,.T.);
#1263=EDGE_CURVE('',#959,#976,#655,.T.);
#1264=EDGE_CURVE('',#977,#974,#656,.T.);
#1265=EDGE_CURVE('',#977,#976,#247,.T.);
#1266=EDGE_CURVE('',#978,#978,#248,.T.);
#1267=EDGE_CURVE('',#979,#979,#249,.T.);
#1268=EDGE_CURVE('',#980,#980,#250,.T.);
#1269=EDGE_CURVE('',#977,#956,#657,.T.);
#1270=EDGE_CURVE('',#971,#979,#658,.T.);
#1271=EDGE_CURVE('',#972,#978,#659,.T.);
#1272=EDGE_CURVE('',#973,#980,#660,.T.);
#1273=EDGE_CURVE('',#962,#970,#661,.T.);
#1274=EDGE_CURVE('',#981,#981,#251,.T.);
#1275=EDGE_CURVE('',#964,#981,#662,.T.);
#1276=EDGE_CURVE('',#865,#966,#663,.T.);
#1277=EDGE_CURVE('',#864,#965,#664,.T.);
#1278=EDGE_CURVE('',#863,#963,#665,.T.);
#1279=ORIENTED_EDGE('',*,*,#982,.T.);
#1280=ORIENTED_EDGE('',*,*,#983,.T.);
#1281=ORIENTED_EDGE('',*,*,#984,.T.);
#1282=ORIENTED_EDGE('',*,*,#985,.F.);
#1283=ORIENTED_EDGE('',*,*,#986,.T.);
#1284=ORIENTED_EDGE('',*,*,#987,.T.);
#1285=ORIENTED_EDGE('',*,*,#988,.T.);
#1286=ORIENTED_EDGE('',*,*,#985,.T.);
#1287=ORIENTED_EDGE('',*,*,#989,.T.);
#1288=ORIENTED_EDGE('',*,*,#990,.T.);
#1289=ORIENTED_EDGE('',*,*,#987,.F.);
#1290=ORIENTED_EDGE('',*,*,#991,.T.);
#1291=ORIENTED_EDGE('',*,*,#992,.T.);
#1292=ORIENTED_EDGE('',*,*,#993,.T.);
#1293=ORIENTED_EDGE('',*,*,#989,.F.);
#1294=ORIENTED_EDGE('',*,*,#994,.T.);
#1295=ORIENTED_EDGE('',*,*,#995,.T.);
#1296=ORIENTED_EDGE('',*,*,#996,.T.);
#1297=ORIENTED_EDGE('',*,*,#992,.F.);
#1298=ORIENTED_EDGE('',*,*,#997,.T.);
#1299=ORIENTED_EDGE('',*,*,#998,.T.);
#1300=ORIENTED_EDGE('',*,*,#995,.F.);
#1301=ORIENTED_EDGE('',*,*,#999,.T.);
#1302=ORIENTED_EDGE('',*,*,#983,.F.);
#1303=ORIENTED_EDGE('',*,*,#991,.F.);
#1304=ORIENTED_EDGE('',*,*,#1000,.T.);
#1305=ORIENTED_EDGE('',*,*,#1001,.F.);
#1306=ORIENTED_EDGE('',*,*,#1002,.T.);
#1307=ORIENTED_EDGE('',*,*,#986,.F.);
#1308=ORIENTED_EDGE('',*,*,#1003,.F.);
#1309=ORIENTED_EDGE('',*,*,#1004,.F.);
#1310=ORIENTED_EDGE('',*,*,#1005,.F.);
#1311=ORIENTED_EDGE('',*,*,#1006,.F.);
#1312=ORIENTED_EDGE('',*,*,#1007,.F.);
#1313=ORIENTED_EDGE('',*,*,#1008,.F.);
#1314=ORIENTED_EDGE('',*,*,#1009,.F.);
#1315=ORIENTED_EDGE('',*,*,#1000,.F.);
#1316=ORIENTED_EDGE('',*,*,#984,.F.);
#1317=ORIENTED_EDGE('',*,*,#1010,.F.);
#1318=ORIENTED_EDGE('',*,*,#1011,.F.);
#1319=ORIENTED_EDGE('',*,*,#1003,.T.);
#1320=ORIENTED_EDGE('',*,*,#982,.F.);
#1321=ORIENTED_EDGE('',*,*,#988,.F.);
#1322=ORIENTED_EDGE('',*,*,#990,.F.);
#1323=ORIENTED_EDGE('',*,*,#993,.F.);
#1324=ORIENTED_EDGE('',*,*,#996,.F.);
#1325=ORIENTED_EDGE('',*,*,#998,.F.);
#1326=ORIENTED_EDGE('',*,*,#1012,.T.);
#1327=ORIENTED_EDGE('',*,*,#1013,.T.);
#1328=ORIENTED_EDGE('',*,*,#1014,.T.);
#1329=ORIENTED_EDGE('',*,*,#1015,.T.);
#1330=ORIENTED_EDGE('',*,*,#1016,.T.);
#1331=ORIENTED_EDGE('',*,*,#1017,.T.);
#1332=ORIENTED_EDGE('',*,*,#1018,.T.);
#1333=ORIENTED_EDGE('',*,*,#1019,.T.);
#1334=ORIENTED_EDGE('',*,*,#1020,.T.);
#1335=ORIENTED_EDGE('',*,*,#1021,.T.);
#1336=ORIENTED_EDGE('',*,*,#1022,.T.);
#1337=ORIENTED_EDGE('',*,*,#1023,.T.);
#1338=ORIENTED_EDGE('',*,*,#1020,.F.);
#1339=ORIENTED_EDGE('',*,*,#1024,.T.);
#1340=ORIENTED_EDGE('',*,*,#1025,.T.);
#1341=ORIENTED_EDGE('',*,*,#1026,.T.);
#1342=ORIENTED_EDGE('',*,*,#1022,.F.);
#1343=ORIENTED_EDGE('',*,*,#1027,.T.);
#1344=ORIENTED_EDGE('',*,*,#1028,.T.);
#1345=ORIENTED_EDGE('',*,*,#1029,.T.);
#1346=ORIENTED_EDGE('',*,*,#1025,.F.);
#1347=ORIENTED_EDGE('',*,*,#1030,.T.);
#1348=ORIENTED_EDGE('',*,*,#1031,.T.);
#1349=ORIENTED_EDGE('',*,*,#1032,.T.);
#1350=ORIENTED_EDGE('',*,*,#1028,.F.);
#1351=ORIENTED_EDGE('',*,*,#1033,.T.);
#1352=ORIENTED_EDGE('',*,*,#1034,.T.);
#1353=ORIENTED_EDGE('',*,*,#1035,.T.);
#1354=ORIENTED_EDGE('',*,*,#1031,.F.);
#1355=ORIENTED_EDGE('',*,*,#1036,.T.);
#1356=ORIENTED_EDGE('',*,*,#1037,.T.);
#1357=ORIENTED_EDGE('',*,*,#1038,.T.);
#1358=ORIENTED_EDGE('',*,*,#1034,.F.);
#1359=ORIENTED_EDGE('',*,*,#1039,.T.);
#1360=ORIENTED_EDGE('',*,*,#1040,.T.);
#1361=ORIENTED_EDGE('',*,*,#1041,.T.);
#1362=ORIENTED_EDGE('',*,*,#1037,.F.);
#1363=ORIENTED_EDGE('',*,*,#1042,.T.);
#1364=ORIENTED_EDGE('',*,*,#1043,.T.);
#1365=ORIENTED_EDGE('',*,*,#1044,.T.);
#1366=ORIENTED_EDGE('',*,*,#1040,.F.);
#1367=ORIENTED_EDGE('',*,*,#1045,.T.);
#1368=ORIENTED_EDGE('',*,*,#1046,.F.);
#1369=ORIENTED_EDGE('',*,*,#1047,.T.);
#1370=ORIENTED_EDGE('',*,*,#1043,.F.);
#1371=ORIENTED_EDGE('',*,*,#1048,.T.);
#1372=ORIENTED_EDGE('',*,*,#1005,.T.);
#1373=ORIENTED_EDGE('',*,*,#1018,.F.);
#1374=ORIENTED_EDGE('',*,*,#1049,.T.);
#1375=ORIENTED_EDGE('',*,*,#1050,.T.);
#1376=ORIENTED_EDGE('',*,*,#1006,.T.);
#1377=ORIENTED_EDGE('',*,*,#1050,.F.);
#1378=ORIENTED_EDGE('',*,*,#1051,.T.);
#1379=ORIENTED_EDGE('',*,*,#1052,.T.);
#1380=ORIENTED_EDGE('',*,*,#1007,.T.);
#1381=ORIENTED_EDGE('',*,*,#1052,.F.);
#1382=ORIENTED_EDGE('',*,*,#1053,.T.);
#1383=ORIENTED_EDGE('',*,*,#1048,.F.);
#1384=ORIENTED_EDGE('',*,*,#1045,.F.);
#1385=ORIENTED_EDGE('',*,*,#1042,.F.);
#1386=ORIENTED_EDGE('',*,*,#1039,.F.);
#1387=ORIENTED_EDGE('',*,*,#1036,.F.);
#1388=ORIENTED_EDGE('',*,*,#1033,.F.);
#1389=ORIENTED_EDGE('',*,*,#1030,.F.);
#1390=ORIENTED_EDGE('',*,*,#1027,.F.);
#1391=ORIENTED_EDGE('',*,*,#1024,.F.);
#1392=ORIENTED_EDGE('',*,*,#1019,.F.);
#1393=ORIENTED_EDGE('',*,*,#1004,.T.);
#1394=ORIENTED_EDGE('',*,*,#1011,.T.);
#1395=ORIENTED_EDGE('',*,*,#1054,.T.);
#1396=ORIENTED_EDGE('',*,*,#1055,.F.);
#1397=ORIENTED_EDGE('',*,*,#1056,.F.);
#1398=ORIENTED_EDGE('',*,*,#1057,.F.);
#1399=ORIENTED_EDGE('',*,*,#1058,.F.);
#1400=ORIENTED_EDGE('',*,*,#1059,.F.);
#1401=ORIENTED_EDGE('',*,*,#1060,.T.);
#1402=ORIENTED_EDGE('',*,*,#1061,.T.);
#1403=ORIENTED_EDGE('',*,*,#1062,.T.);
#1404=ORIENTED_EDGE('',*,*,#1063,.T.);
#1405=ORIENTED_EDGE('',*,*,#1064,.T.);
#1406=ORIENTED_EDGE('',*,*,#1065,.T.);
#1407=ORIENTED_EDGE('',*,*,#1053,.F.);
#1408=ORIENTED_EDGE('',*,*,#1066,.T.);
#1409=ORIENTED_EDGE('',*,*,#1067,.F.);
#1410=ORIENTED_EDGE('',*,*,#1008,.T.);
#1411=ORIENTED_EDGE('',*,*,#1051,.F.);
#1412=ORIENTED_EDGE('',*,*,#1068,.F.);
#1413=ORIENTED_EDGE('',*,*,#1069,.F.);
#1414=ORIENTED_EDGE('',*,*,#1066,.F.);
#1415=ORIENTED_EDGE('',*,*,#1049,.F.);
#1416=ORIENTED_EDGE('',*,*,#1021,.F.);
#1417=ORIENTED_EDGE('',*,*,#1070,.T.);
#1418=ORIENTED_EDGE('',*,*,#1071,.F.);
#1419=ORIENTED_EDGE('',*,*,#1068,.T.);
#1420=ORIENTED_EDGE('',*,*,#1072,.T.);
#1421=ORIENTED_EDGE('',*,*,#1073,.T.);
#1422=ORIENTED_EDGE('',*,*,#1074,.T.);
#1423=ORIENTED_EDGE('',*,*,#1059,.T.);
#1424=ORIENTED_EDGE('',*,*,#1075,.T.);
#1425=ORIENTED_EDGE('',*,*,#1076,.T.);
#1426=ORIENTED_EDGE('',*,*,#1072,.F.);
#1427=ORIENTED_EDGE('',*,*,#1058,.T.);
#1428=ORIENTED_EDGE('',*,*,#1077,.T.);
#1429=ORIENTED_EDGE('',*,*,#1078,.T.);
#1430=ORIENTED_EDGE('',*,*,#1075,.F.);
#1431=ORIENTED_EDGE('',*,*,#1057,.T.);
#1432=ORIENTED_EDGE('',*,*,#1079,.T.);
#1433=ORIENTED_EDGE('',*,*,#1080,.T.);
#1434=ORIENTED_EDGE('',*,*,#1077,.F.);
#1435=ORIENTED_EDGE('',*,*,#1056,.T.);
#1436=ORIENTED_EDGE('',*,*,#1081,.T.);
#1437=ORIENTED_EDGE('',*,*,#1082,.T.);
#1438=ORIENTED_EDGE('',*,*,#1079,.F.);
#1439=ORIENTED_EDGE('',*,*,#1055,.T.);
#1440=ORIENTED_EDGE('',*,*,#1083,.T.);
#1441=ORIENTED_EDGE('',*,*,#1084,.T.);
#1442=ORIENTED_EDGE('',*,*,#1085,.T.);
#1443=ORIENTED_EDGE('',*,*,#1081,.F.);
#1444=ORIENTED_EDGE('',*,*,#1086,.T.);
#1445=ORIENTED_EDGE('',*,*,#1087,.T.);
#1446=ORIENTED_EDGE('',*,*,#1088,.T.);
#1447=ORIENTED_EDGE('',*,*,#1084,.F.);
#1448=ORIENTED_EDGE('',*,*,#1089,.T.);
#1449=ORIENTED_EDGE('',*,*,#1090,.T.);
#1450=ORIENTED_EDGE('',*,*,#1087,.F.);
#1451=ORIENTED_EDGE('',*,*,#1090,.F.);
#1452=ORIENTED_EDGE('',*,*,#1091,.T.);
#1453=ORIENTED_EDGE('',*,*,#1092,.F.);
#1454=ORIENTED_EDGE('',*,*,#1093,.T.);
#1455=ORIENTED_EDGE('',*,*,#1094,.T.);
#1456=ORIENTED_EDGE('',*,*,#1095,.T.);
#1457=ORIENTED_EDGE('',*,*,#1096,.T.);
#1458=ORIENTED_EDGE('',*,*,#1097,.T.);
#1459=ORIENTED_EDGE('',*,*,#1098,.T.);
#1460=ORIENTED_EDGE('',*,*,#1099,.T.);
#1461=ORIENTED_EDGE('',*,*,#1100,.T.);
#1462=ORIENTED_EDGE('',*,*,#1097,.F.);
#1463=ORIENTED_EDGE('',*,*,#1101,.T.);
#1464=ORIENTED_EDGE('',*,*,#1102,.T.);
#1465=ORIENTED_EDGE('',*,*,#1099,.F.);
#1466=ORIENTED_EDGE('',*,*,#1103,.T.);
#1467=ORIENTED_EDGE('',*,*,#1104,.T.);
#1468=ORIENTED_EDGE('',*,*,#1105,.T.);
#1469=ORIENTED_EDGE('',*,*,#1101,.F.);
#1470=ORIENTED_EDGE('',*,*,#1106,.T.);
#1471=ORIENTED_EDGE('',*,*,#1107,.T.);
#1472=ORIENTED_EDGE('',*,*,#1108,.T.);
#1473=ORIENTED_EDGE('',*,*,#1104,.F.);
#1474=ORIENTED_EDGE('',*,*,#1109,.T.);
#1475=ORIENTED_EDGE('',*,*,#1110,.T.);
#1476=ORIENTED_EDGE('',*,*,#1111,.T.);
#1477=ORIENTED_EDGE('',*,*,#1107,.F.);
#1478=ORIENTED_EDGE('',*,*,#1112,.T.);
#1479=ORIENTED_EDGE('',*,*,#1113,.T.);
#1480=ORIENTED_EDGE('',*,*,#1114,.T.);
#1481=ORIENTED_EDGE('',*,*,#1110,.F.);
#1482=ORIENTED_EDGE('',*,*,#1115,.T.);
#1483=ORIENTED_EDGE('',*,*,#1116,.T.);
#1484=ORIENTED_EDGE('',*,*,#1117,.T.);
#1485=ORIENTED_EDGE('',*,*,#1113,.F.);
#1486=ORIENTED_EDGE('',*,*,#1118,.T.);
#1487=ORIENTED_EDGE('',*,*,#1119,.T.);
#1488=ORIENTED_EDGE('',*,*,#1120,.T.);
#1489=ORIENTED_EDGE('',*,*,#1116,.F.);
#1490=ORIENTED_EDGE('',*,*,#1121,.T.);
#1491=ORIENTED_EDGE('',*,*,#1122,.T.);
#1492=ORIENTED_EDGE('',*,*,#1123,.T.);
#1493=ORIENTED_EDGE('',*,*,#1119,.F.);
#1494=ORIENTED_EDGE('',*,*,#1124,.T.);
#1495=ORIENTED_EDGE('',*,*,#1125,.T.);
#1496=ORIENTED_EDGE('',*,*,#1126,.T.);
#1497=ORIENTED_EDGE('',*,*,#1122,.F.);
#1498=ORIENTED_EDGE('',*,*,#1127,.T.);
#1499=ORIENTED_EDGE('',*,*,#1128,.T.);
#1500=ORIENTED_EDGE('',*,*,#1071,.T.);
#1501=ORIENTED_EDGE('',*,*,#1125,.F.);
#1502=ORIENTED_EDGE('',*,*,#1129,.T.);
#1503=ORIENTED_EDGE('',*,*,#1130,.T.);
#1504=ORIENTED_EDGE('',*,*,#1069,.T.);
#1505=ORIENTED_EDGE('',*,*,#1128,.F.);
#1506=ORIENTED_EDGE('',*,*,#1131,.T.);
#1507=ORIENTED_EDGE('',*,*,#1067,.T.);
#1508=ORIENTED_EDGE('',*,*,#1130,.F.);
#1509=ORIENTED_EDGE('',*,*,#1132,.T.);
#1510=ORIENTED_EDGE('',*,*,#1133,.T.);
#1511=ORIENTED_EDGE('',*,*,#1134,.T.);
#1512=ORIENTED_EDGE('',*,*,#1135,.T.);
#1513=ORIENTED_EDGE('',*,*,#1092,.T.);
#1514=ORIENTED_EDGE('',*,*,#1136,.T.);
#1515=ORIENTED_EDGE('',*,*,#1137,.T.);
#1516=ORIENTED_EDGE('',*,*,#1138,.T.);
#1517=ORIENTED_EDGE('',*,*,#1135,.F.);
#1518=ORIENTED_EDGE('',*,*,#1139,.T.);
#1519=ORIENTED_EDGE('',*,*,#1140,.T.);
#1520=ORIENTED_EDGE('',*,*,#1141,.T.);
#1521=ORIENTED_EDGE('',*,*,#1137,.F.);
#1522=ORIENTED_EDGE('',*,*,#1142,.T.);
#1523=ORIENTED_EDGE('',*,*,#1143,.T.);
#1524=ORIENTED_EDGE('',*,*,#1144,.T.);
#1525=ORIENTED_EDGE('',*,*,#1140,.F.);
#1526=ORIENTED_EDGE('',*,*,#1145,.T.);
#1527=ORIENTED_EDGE('',*,*,#1146,.T.);
#1528=ORIENTED_EDGE('',*,*,#1147,.T.);
#1529=ORIENTED_EDGE('',*,*,#1143,.F.);
#1530=ORIENTED_EDGE('',*,*,#1148,.T.);
#1531=ORIENTED_EDGE('',*,*,#1149,.T.);
#1532=ORIENTED_EDGE('',*,*,#1150,.T.);
#1533=ORIENTED_EDGE('',*,*,#1146,.F.);
#1534=ORIENTED_EDGE('',*,*,#1151,.T.);
#1535=ORIENTED_EDGE('',*,*,#1152,.T.);
#1536=ORIENTED_EDGE('',*,*,#1153,.T.);
#1537=ORIENTED_EDGE('',*,*,#1149,.F.);
#1538=ORIENTED_EDGE('',*,*,#1154,.T.);
#1539=ORIENTED_EDGE('',*,*,#1155,.T.);
#1540=ORIENTED_EDGE('',*,*,#1156,.T.);
#1541=ORIENTED_EDGE('',*,*,#1152,.F.);
#1542=ORIENTED_EDGE('',*,*,#1157,.T.);
#1543=ORIENTED_EDGE('',*,*,#1158,.T.);
#1544=ORIENTED_EDGE('',*,*,#1159,.T.);
#1545=ORIENTED_EDGE('',*,*,#1155,.F.);
#1546=ORIENTED_EDGE('',*,*,#1160,.T.);
#1547=ORIENTED_EDGE('',*,*,#1161,.T.);
#1548=ORIENTED_EDGE('',*,*,#1162,.T.);
#1549=ORIENTED_EDGE('',*,*,#1158,.F.);
#1550=ORIENTED_EDGE('',*,*,#1163,.T.);
#1551=ORIENTED_EDGE('',*,*,#1164,.T.);
#1552=ORIENTED_EDGE('',*,*,#1165,.T.);
#1553=ORIENTED_EDGE('',*,*,#1161,.F.);
#1554=ORIENTED_EDGE('',*,*,#1166,.T.);
#1555=ORIENTED_EDGE('',*,*,#1167,.T.);
#1556=ORIENTED_EDGE('',*,*,#1168,.T.);
#1557=ORIENTED_EDGE('',*,*,#1164,.F.);
#1558=ORIENTED_EDGE('',*,*,#1169,.T.);
#1559=ORIENTED_EDGE('',*,*,#1170,.T.);
#1560=ORIENTED_EDGE('',*,*,#1171,.T.);
#1561=ORIENTED_EDGE('',*,*,#1167,.F.);
#1562=ORIENTED_EDGE('',*,*,#1172,.T.);
#1563=ORIENTED_EDGE('',*,*,#1173,.T.);
#1564=ORIENTED_EDGE('',*,*,#1174,.T.);
#1565=ORIENTED_EDGE('',*,*,#1170,.F.);
#1566=ORIENTED_EDGE('',*,*,#1175,.T.);
#1567=ORIENTED_EDGE('',*,*,#1176,.T.);
#1568=ORIENTED_EDGE('',*,*,#1177,.T.);
#1569=ORIENTED_EDGE('',*,*,#1178,.T.);
#1570=ORIENTED_EDGE('',*,*,#1136,.F.);
#1571=ORIENTED_EDGE('',*,*,#1179,.T.);
#1572=ORIENTED_EDGE('',*,*,#1180,.T.);
#1573=ORIENTED_EDGE('',*,*,#1177,.F.);
#1574=ORIENTED_EDGE('',*,*,#1181,.T.);
#1575=ORIENTED_EDGE('',*,*,#1182,.T.);
#1576=ORIENTED_EDGE('',*,*,#1183,.T.);
#1577=ORIENTED_EDGE('',*,*,#1179,.F.);
#1578=ORIENTED_EDGE('',*,*,#1184,.T.);
#1579=ORIENTED_EDGE('',*,*,#1185,.T.);
#1580=ORIENTED_EDGE('',*,*,#1186,.T.);
#1581=ORIENTED_EDGE('',*,*,#1182,.F.);
#1582=ORIENTED_EDGE('',*,*,#1001,.T.);
#1583=ORIENTED_EDGE('',*,*,#1187,.T.);
#1584=ORIENTED_EDGE('',*,*,#1185,.F.);
#1585=ORIENTED_EDGE('',*,*,#1009,.T.);
#1586=ORIENTED_EDGE('',*,*,#1133,.F.);
#1587=ORIENTED_EDGE('',*,*,#1188,.T.);
#1588=ORIENTED_EDGE('',*,*,#1189,.T.);
#1589=ORIENTED_EDGE('',*,*,#1095,.F.);
#1590=ORIENTED_EDGE('',*,*,#1190,.T.);
#1591=ORIENTED_EDGE('',*,*,#1191,.T.);
#1592=ORIENTED_EDGE('',*,*,#1192,.T.);
#1593=ORIENTED_EDGE('',*,*,#1188,.F.);
#1594=ORIENTED_EDGE('',*,*,#1193,.T.);
#1595=ORIENTED_EDGE('',*,*,#1194,.T.);
#1596=ORIENTED_EDGE('',*,*,#1195,.T.);
#1597=ORIENTED_EDGE('',*,*,#1191,.F.);
#1598=ORIENTED_EDGE('',*,*,#1196,.T.);
#1599=ORIENTED_EDGE('',*,*,#1197,.T.);
#1600=ORIENTED_EDGE('',*,*,#1198,.T.);
#1601=ORIENTED_EDGE('',*,*,#1194,.F.);
#1602=ORIENTED_EDGE('',*,*,#1199,.T.);
#1603=ORIENTED_EDGE('',*,*,#1200,.T.);
#1604=ORIENTED_EDGE('',*,*,#1201,.T.);
#1605=ORIENTED_EDGE('',*,*,#1197,.F.);
#1606=ORIENTED_EDGE('',*,*,#1202,.T.);
#1607=ORIENTED_EDGE('',*,*,#1203,.T.);
#1608=ORIENTED_EDGE('',*,*,#1204,.T.);
#1609=ORIENTED_EDGE('',*,*,#1200,.F.);
#1610=ORIENTED_EDGE('',*,*,#1205,.T.);
#1611=ORIENTED_EDGE('',*,*,#1205,.F.);
#1612=ORIENTED_EDGE('',*,*,#1202,.F.);
#1613=ORIENTED_EDGE('',*,*,#1199,.F.);
#1614=ORIENTED_EDGE('',*,*,#1196,.F.);
#1615=ORIENTED_EDGE('',*,*,#1193,.F.);
#1616=ORIENTED_EDGE('',*,*,#1190,.F.);
#1617=ORIENTED_EDGE('',*,*,#1094,.F.);
#1618=ORIENTED_EDGE('',*,*,#1206,.T.);
#1619=ORIENTED_EDGE('',*,*,#1207,.T.);
#1620=ORIENTED_EDGE('',*,*,#1208,.T.);
#1621=ORIENTED_EDGE('',*,*,#1046,.T.);
#1622=ORIENTED_EDGE('',*,*,#1062,.F.);
#1623=ORIENTED_EDGE('',*,*,#1209,.T.);
#1624=ORIENTED_EDGE('',*,*,#1210,.T.);
#1625=ORIENTED_EDGE('',*,*,#1211,.F.);
#1626=ORIENTED_EDGE('',*,*,#1212,.T.);
#1627=ORIENTED_EDGE('',*,*,#1213,.F.);
#1628=ORIENTED_EDGE('',*,*,#1189,.F.);
#1629=ORIENTED_EDGE('',*,*,#1214,.T.);
#1630=ORIENTED_EDGE('',*,*,#1160,.F.);
#1631=ORIENTED_EDGE('',*,*,#1215,.T.);
#1632=ORIENTED_EDGE('',*,*,#1192,.F.);
#1633=ORIENTED_EDGE('',*,*,#1216,.F.);
#1634=ORIENTED_EDGE('',*,*,#1163,.F.);
#1635=ORIENTED_EDGE('',*,*,#1214,.F.);
#1636=ORIENTED_EDGE('',*,*,#1100,.F.);
#1637=ORIENTED_EDGE('',*,*,#1217,.T.);
#1638=ORIENTED_EDGE('',*,*,#1218,.F.);
#1639=ORIENTED_EDGE('',*,*,#1206,.F.);
#1640=ORIENTED_EDGE('',*,*,#1195,.F.);
#1641=ORIENTED_EDGE('',*,*,#1219,.T.);
#1642=ORIENTED_EDGE('',*,*,#1166,.F.);
#1643=ORIENTED_EDGE('',*,*,#1216,.T.);
#1644=ORIENTED_EDGE('',*,*,#1208,.F.);
#1645=ORIENTED_EDGE('',*,*,#1220,.F.);
#1646=ORIENTED_EDGE('',*,*,#1217,.F.);
#1647=ORIENTED_EDGE('',*,*,#1102,.F.);
#1648=ORIENTED_EDGE('',*,*,#1221,.F.);
#1649=ORIENTED_EDGE('',*,*,#1047,.F.);
#1650=ORIENTED_EDGE('',*,*,#1198,.F.);
#1651=ORIENTED_EDGE('',*,*,#1222,.F.);
#1652=ORIENTED_EDGE('',*,*,#1169,.F.);
#1653=ORIENTED_EDGE('',*,*,#1219,.F.);
#1654=ORIENTED_EDGE('',*,*,#1044,.F.);
#1655=ORIENTED_EDGE('',*,*,#1221,.T.);
#1656=ORIENTED_EDGE('',*,*,#1105,.F.);
#1657=ORIENTED_EDGE('',*,*,#1223,.T.);
#1658=ORIENTED_EDGE('',*,*,#1201,.F.);
#1659=ORIENTED_EDGE('',*,*,#1224,.T.);
#1660=ORIENTED_EDGE('',*,*,#1172,.F.);
#1661=ORIENTED_EDGE('',*,*,#1222,.T.);
#1662=ORIENTED_EDGE('',*,*,#1041,.F.);
#1663=ORIENTED_EDGE('',*,*,#1223,.F.);
#1664=ORIENTED_EDGE('',*,*,#1108,.F.);
#1665=ORIENTED_EDGE('',*,*,#1225,.F.);
#1666=ORIENTED_EDGE('',*,*,#1204,.F.);
#1667=ORIENTED_EDGE('',*,*,#1226,.T.);
#1668=ORIENTED_EDGE('',*,*,#1175,.F.);
#1669=ORIENTED_EDGE('',*,*,#1224,.F.);
#1670=ORIENTED_EDGE('',*,*,#1038,.F.);
#1671=ORIENTED_EDGE('',*,*,#1225,.T.);
#1672=ORIENTED_EDGE('',*,*,#1111,.F.);
#1673=ORIENTED_EDGE('',*,*,#1227,.T.);
#1674=ORIENTED_EDGE('',*,*,#1203,.F.);
#1675=ORIENTED_EDGE('',*,*,#1209,.F.);
#1676=ORIENTED_EDGE('',*,*,#1061,.F.);
#1677=ORIENTED_EDGE('',*,*,#1228,.F.);
#1678=ORIENTED_EDGE('',*,*,#1173,.F.);
#1679=ORIENTED_EDGE('',*,*,#1226,.F.);
#1680=ORIENTED_EDGE('',*,*,#1035,.F.);
#1681=ORIENTED_EDGE('',*,*,#1227,.F.);
#1682=ORIENTED_EDGE('',*,*,#1114,.F.);
#1683=ORIENTED_EDGE('',*,*,#1229,.F.);
#1684=ORIENTED_EDGE('',*,*,#1032,.F.);
#1685=ORIENTED_EDGE('',*,*,#1229,.T.);
#1686=ORIENTED_EDGE('',*,*,#1117,.F.);
#1687=ORIENTED_EDGE('',*,*,#1230,.T.);
#1688=ORIENTED_EDGE('',*,*,#1029,.F.);
#1689=ORIENTED_EDGE('',*,*,#1230,.F.);
#1690=ORIENTED_EDGE('',*,*,#1120,.F.);
#1691=ORIENTED_EDGE('',*,*,#1231,.F.);
#1692=ORIENTED_EDGE('',*,*,#1026,.F.);
#1693=ORIENTED_EDGE('',*,*,#1231,.T.);
#1694=ORIENTED_EDGE('',*,*,#1123,.F.);
#1695=ORIENTED_EDGE('',*,*,#1232,.T.);
#1696=ORIENTED_EDGE('',*,*,#1023,.F.);
#1697=ORIENTED_EDGE('',*,*,#1232,.F.);
#1698=ORIENTED_EDGE('',*,*,#1126,.F.);
#1699=ORIENTED_EDGE('',*,*,#1070,.F.);
#1700=ORIENTED_EDGE('',*,*,#994,.F.);
#1701=ORIENTED_EDGE('',*,*,#1002,.F.);
#1702=ORIENTED_EDGE('',*,*,#1184,.F.);
#1703=ORIENTED_EDGE('',*,*,#1233,.F.);
#1704=ORIENTED_EDGE('',*,*,#997,.F.);
#1705=ORIENTED_EDGE('',*,*,#1233,.T.);
#1706=ORIENTED_EDGE('',*,*,#1181,.F.);
#1707=ORIENTED_EDGE('',*,*,#1234,.T.);
#1708=ORIENTED_EDGE('',*,*,#999,.F.);
#1709=ORIENTED_EDGE('',*,*,#1234,.F.);
#1710=ORIENTED_EDGE('',*,*,#1176,.F.);
#1711=ORIENTED_EDGE('',*,*,#1091,.F.);
#1712=ORIENTED_EDGE('',*,*,#1089,.F.);
#1713=ORIENTED_EDGE('',*,*,#1086,.F.);
#1714=ORIENTED_EDGE('',*,*,#1083,.F.);
#1715=ORIENTED_EDGE('',*,*,#1054,.F.);
#1716=ORIENTED_EDGE('',*,*,#1010,.T.);
#1717=ORIENTED_EDGE('',*,*,#1017,.F.);
#1718=ORIENTED_EDGE('',*,*,#1235,.T.);
#1719=ORIENTED_EDGE('',*,*,#1236,.T.);
#1720=ORIENTED_EDGE('',*,*,#1237,.F.);
#1721=ORIENTED_EDGE('',*,*,#1096,.F.);
#1722=ORIENTED_EDGE('',*,*,#1215,.F.);
#1723=ORIENTED_EDGE('',*,*,#1157,.F.);
#1724=ORIENTED_EDGE('',*,*,#1154,.F.);
#1725=ORIENTED_EDGE('',*,*,#1151,.F.);
#1726=ORIENTED_EDGE('',*,*,#1148,.F.);
#1727=ORIENTED_EDGE('',*,*,#1145,.F.);
#1728=ORIENTED_EDGE('',*,*,#1142,.F.);
#1729=ORIENTED_EDGE('',*,*,#1139,.F.);
#1730=ORIENTED_EDGE('',*,*,#1134,.F.);
#1731=ORIENTED_EDGE('',*,*,#1178,.F.);
#1732=ORIENTED_EDGE('',*,*,#1180,.F.);
#1733=ORIENTED_EDGE('',*,*,#1183,.F.);
#1734=ORIENTED_EDGE('',*,*,#1186,.F.);
#1735=ORIENTED_EDGE('',*,*,#1187,.F.);
#1736=ORIENTED_EDGE('',*,*,#1132,.F.);
#1737=ORIENTED_EDGE('',*,*,#1131,.F.);
#1738=ORIENTED_EDGE('',*,*,#1129,.F.);
#1739=ORIENTED_EDGE('',*,*,#1127,.F.);
#1740=ORIENTED_EDGE('',*,*,#1124,.F.);
#1741=ORIENTED_EDGE('',*,*,#1121,.F.);
#1742=ORIENTED_EDGE('',*,*,#1118,.F.);
#1743=ORIENTED_EDGE('',*,*,#1115,.F.);
#1744=ORIENTED_EDGE('',*,*,#1112,.F.);
#1745=ORIENTED_EDGE('',*,*,#1109,.F.);
#1746=ORIENTED_EDGE('',*,*,#1106,.F.);
#1747=ORIENTED_EDGE('',*,*,#1103,.F.);
#1748=ORIENTED_EDGE('',*,*,#1098,.F.);
#1749=ORIENTED_EDGE('',*,*,#1238,.T.);
#1750=ORIENTED_EDGE('',*,*,#1239,.T.);
#1751=ORIENTED_EDGE('',*,*,#1240,.T.);
#1752=ORIENTED_EDGE('',*,*,#1241,.T.);
#1753=ORIENTED_EDGE('',*,*,#1013,.F.);
#1754=ORIENTED_EDGE('',*,*,#1242,.T.);
#1755=ORIENTED_EDGE('',*,*,#1243,.T.);
#1756=ORIENTED_EDGE('',*,*,#1242,.F.);
#1757=ORIENTED_EDGE('',*,*,#1243,.F.);
#1758=ORIENTED_EDGE('',*,*,#1012,.F.);
#1759=ORIENTED_EDGE('',*,*,#1244,.T.);
#1760=ORIENTED_EDGE('',*,*,#1245,.F.);
#1761=ORIENTED_EDGE('',*,*,#1244,.F.);
#1762=ORIENTED_EDGE('',*,*,#1246,.F.);
#1763=ORIENTED_EDGE('',*,*,#1247,.F.);
#1764=ORIENTED_EDGE('',*,*,#1015,.F.);
#1765=ORIENTED_EDGE('',*,*,#1248,.F.);
#1766=ORIENTED_EDGE('',*,*,#1247,.T.);
#1767=ORIENTED_EDGE('',*,*,#1249,.T.);
#1768=ORIENTED_EDGE('',*,*,#1235,.F.);
#1769=ORIENTED_EDGE('',*,*,#1016,.F.);
#1770=ORIENTED_EDGE('',*,*,#1245,.T.);
#1771=ORIENTED_EDGE('',*,*,#1073,.F.);
#1772=ORIENTED_EDGE('',*,*,#1250,.T.);
#1773=ORIENTED_EDGE('',*,*,#1153,.F.);
#1774=ORIENTED_EDGE('',*,*,#1251,.T.);
#1775=ORIENTED_EDGE('',*,*,#1076,.F.);
#1776=ORIENTED_EDGE('',*,*,#1252,.F.);
#1777=ORIENTED_EDGE('',*,*,#1150,.F.);
#1778=ORIENTED_EDGE('',*,*,#1250,.F.);
#1779=ORIENTED_EDGE('',*,*,#1078,.F.);
#1780=ORIENTED_EDGE('',*,*,#1253,.T.);
#1781=ORIENTED_EDGE('',*,*,#1147,.F.);
#1782=ORIENTED_EDGE('',*,*,#1252,.T.);
#1783=ORIENTED_EDGE('',*,*,#1080,.F.);
#1784=ORIENTED_EDGE('',*,*,#1254,.F.);
#1785=ORIENTED_EDGE('',*,*,#1144,.F.);
#1786=ORIENTED_EDGE('',*,*,#1253,.F.);
#1787=ORIENTED_EDGE('',*,*,#1085,.F.);
#1788=ORIENTED_EDGE('',*,*,#1255,.T.);
#1789=ORIENTED_EDGE('',*,*,#1141,.F.);
#1790=ORIENTED_EDGE('',*,*,#1254,.T.);
#1791=ORIENTED_EDGE('',*,*,#1082,.F.);
#1792=ORIENTED_EDGE('',*,*,#1174,.F.);
#1793=ORIENTED_EDGE('',*,*,#1228,.T.);
#1794=ORIENTED_EDGE('',*,*,#1060,.F.);
#1795=ORIENTED_EDGE('',*,*,#1074,.F.);
#1796=ORIENTED_EDGE('',*,*,#1251,.F.);
#1797=ORIENTED_EDGE('',*,*,#1156,.F.);
#1798=ORIENTED_EDGE('',*,*,#1159,.F.);
#1799=ORIENTED_EDGE('',*,*,#1162,.F.);
#1800=ORIENTED_EDGE('',*,*,#1165,.F.);
#1801=ORIENTED_EDGE('',*,*,#1168,.F.);
#1802=ORIENTED_EDGE('',*,*,#1171,.F.);
#1803=ORIENTED_EDGE('',*,*,#1256,.T.);
#1804=ORIENTED_EDGE('',*,*,#1257,.T.);
#1805=ORIENTED_EDGE('',*,*,#1258,.T.);
#1806=ORIENTED_EDGE('',*,*,#1211,.T.);
#1807=ORIENTED_EDGE('',*,*,#1259,.T.);
#1808=ORIENTED_EDGE('',*,*,#1260,.F.);
#1809=ORIENTED_EDGE('',*,*,#1261,.T.);
#1810=ORIENTED_EDGE('',*,*,#1261,.F.);
#1811=ORIENTED_EDGE('',*,*,#1262,.T.);
#1812=ORIENTED_EDGE('',*,*,#1263,.F.);
#1813=ORIENTED_EDGE('',*,*,#1212,.F.);
#1814=ORIENTED_EDGE('',*,*,#1260,.T.);
#1815=ORIENTED_EDGE('',*,*,#1264,.F.);
#1816=ORIENTED_EDGE('',*,*,#1265,.T.);
#1817=ORIENTED_EDGE('',*,*,#1262,.F.);
#1818=ORIENTED_EDGE('',*,*,#1266,.F.);
#1819=ORIENTED_EDGE('',*,*,#1267,.F.);
#1820=ORIENTED_EDGE('',*,*,#1268,.F.);
#1821=ORIENTED_EDGE('',*,*,#1259,.F.);
#1822=ORIENTED_EDGE('',*,*,#1210,.F.);
#1823=ORIENTED_EDGE('',*,*,#1269,.F.);
#1824=ORIENTED_EDGE('',*,*,#1264,.T.);
#1825=ORIENTED_EDGE('',*,*,#1213,.T.);
#1826=ORIENTED_EDGE('',*,*,#1263,.T.);
#1827=ORIENTED_EDGE('',*,*,#1265,.F.);
#1828=ORIENTED_EDGE('',*,*,#1269,.T.);
#1829=ORIENTED_EDGE('',*,*,#1218,.T.);
#1830=ORIENTED_EDGE('',*,*,#1220,.T.);
#1831=ORIENTED_EDGE('',*,*,#1207,.F.);
#1832=ORIENTED_EDGE('',*,*,#1256,.F.);
#1833=ORIENTED_EDGE('',*,*,#1270,.T.);
#1834=ORIENTED_EDGE('',*,*,#1267,.T.);
#1835=ORIENTED_EDGE('',*,*,#1270,.F.);
#1836=ORIENTED_EDGE('',*,*,#1257,.F.);
#1837=ORIENTED_EDGE('',*,*,#1271,.T.);
#1838=ORIENTED_EDGE('',*,*,#1266,.T.);
#1839=ORIENTED_EDGE('',*,*,#1271,.F.);
#1840=ORIENTED_EDGE('',*,*,#1258,.F.);
#1841=ORIENTED_EDGE('',*,*,#1272,.T.);
#1842=ORIENTED_EDGE('',*,*,#1268,.T.);
#1843=ORIENTED_EDGE('',*,*,#1272,.F.);
#1844=ORIENTED_EDGE('',*,*,#1088,.F.);
#1845=ORIENTED_EDGE('',*,*,#1093,.F.);
#1846=ORIENTED_EDGE('',*,*,#1138,.F.);
#1847=ORIENTED_EDGE('',*,*,#1255,.F.);
#1848=ORIENTED_EDGE('',*,*,#1246,.T.);
#1849=ORIENTED_EDGE('',*,*,#1273,.F.);
#1850=ORIENTED_EDGE('',*,*,#1236,.F.);
#1851=ORIENTED_EDGE('',*,*,#1249,.F.);
#1852=ORIENTED_EDGE('',*,*,#1274,.F.);
#1853=ORIENTED_EDGE('',*,*,#1248,.T.);
#1854=ORIENTED_EDGE('',*,*,#1014,.F.);
#1855=ORIENTED_EDGE('',*,*,#1237,.T.);
#1856=ORIENTED_EDGE('',*,*,#1273,.T.);
#1857=ORIENTED_EDGE('',*,*,#1239,.F.);
#1858=ORIENTED_EDGE('',*,*,#1275,.T.);
#1859=ORIENTED_EDGE('',*,*,#1274,.T.);
#1860=ORIENTED_EDGE('',*,*,#1275,.F.);
#1861=ORIENTED_EDGE('',*,*,#1065,.F.);
#1862=ORIENTED_EDGE('',*,*,#1276,.T.);
#1863=ORIENTED_EDGE('',*,*,#1241,.F.);
#1864=ORIENTED_EDGE('',*,*,#1276,.F.);
#1865=ORIENTED_EDGE('',*,*,#1064,.F.);
#1866=ORIENTED_EDGE('',*,*,#1277,.T.);
#1867=ORIENTED_EDGE('',*,*,#1240,.F.);
#1868=ORIENTED_EDGE('',*,*,#1277,.F.);
#1869=ORIENTED_EDGE('',*,*,#1063,.F.);
#1870=ORIENTED_EDGE('',*,*,#1278,.T.);
#1871=ORIENTED_EDGE('',*,*,#1238,.F.);
#1872=ORIENTED_EDGE('',*,*,#1278,.F.);
#1873=CYLINDRICAL_SURFACE('',#2073,0.7);
#1874=CYLINDRICAL_SURFACE('',#2076,0.7);
#1875=CYLINDRICAL_SURFACE('',#2082,0.7);
#1876=CYLINDRICAL_SURFACE('',#2088,0.7);
#1877=CYLINDRICAL_SURFACE('',#2089,5.);
#1878=CYLINDRICAL_SURFACE('',#2101,0.7);
#1879=CYLINDRICAL_SURFACE('',#2107,0.7);
#1880=CYLINDRICAL_SURFACE('',#2113,0.7);
#1881=CYLINDRICAL_SURFACE('',#2119,0.7);
#1882=CYLINDRICAL_SURFACE('',#2125,0.7);
#1883=CYLINDRICAL_SURFACE('',#2130,0.7);
#1884=CYLINDRICAL_SURFACE('',#2141,4.);
#1885=CYLINDRICAL_SURFACE('',#2144,4.);
#1886=CYLINDRICAL_SURFACE('',#2149,0.7);
#1887=CYLINDRICAL_SURFACE('',#2154,0.7);
#1888=CYLINDRICAL_SURFACE('',#2162,0.7);
#1889=CYLINDRICAL_SURFACE('',#2166,4.);
#1890=CYLINDRICAL_SURFACE('',#2168,2.);
#1891=CYLINDRICAL_SURFACE('',#2174,2.);
#1892=CYLINDRICAL_SURFACE('',#2179,2.);
#1893=CYLINDRICAL_SURFACE('',#2184,2.);
#1894=CYLINDRICAL_SURFACE('',#2189,2.);
#1895=CYLINDRICAL_SURFACE('',#2194,2.);
#1896=CYLINDRICAL_SURFACE('',#2199,2.);
#1897=CYLINDRICAL_SURFACE('',#2204,2.);
#1898=CYLINDRICAL_SURFACE('',#2210,2.);
#1899=CYLINDRICAL_SURFACE('',#2215,2.);
#1900=CYLINDRICAL_SURFACE('',#2221,2.);
#1901=CYLINDRICAL_SURFACE('',#2227,2.);
#1902=CYLINDRICAL_SURFACE('',#2233,2.);
#1903=CYLINDRICAL_SURFACE('',#2238,2.);
#1904=CYLINDRICAL_SURFACE('',#2240,2.);
#1905=CYLINDRICAL_SURFACE('',#2246,2.);
#1906=CYLINDRICAL_SURFACE('',#2251,2.);
#1907=CYLINDRICAL_SURFACE('',#2256,2.);
#1908=CYLINDRICAL_SURFACE('',#2262,2.);
#1909=CYLINDRICAL_SURFACE('',#2267,2.);
#1910=CYLINDRICAL_SURFACE('',#2272,8.);
#1911=CYLINDRICAL_SURFACE('',#2274,4.);
#1912=CYLINDRICAL_SURFACE('',#2276,8.);
#1913=CYLINDRICAL_SURFACE('',#2279,4.);
#1914=CYLINDRICAL_SURFACE('',#2280,4.);
#1915=CYLINDRICAL_SURFACE('',#2283,4.);
#1916=CYLINDRICAL_SURFACE('',#2286,4.);
#1917=CYLINDRICAL_SURFACE('',#2288,4.);
#1918=CYLINDRICAL_SURFACE('',#2291,5.);
#1919=CYLINDRICAL_SURFACE('',#2299,1.35);
#1920=CYLINDRICAL_SURFACE('',#2302,1.4);
#1921=CYLINDRICAL_SURFACE('',#2307,4.);
#1922=CYLINDRICAL_SURFACE('',#2309,4.);
#1923=CYLINDRICAL_SURFACE('',#2311,4.);
#1924=CYLINDRICAL_SURFACE('',#2316,3.5);
#1925=CYLINDRICAL_SURFACE('',#2325,3.5);
#1926=CYLINDRICAL_SURFACE('',#2327,1.3);
#1927=CYLINDRICAL_SURFACE('',#2328,2.5);
#1928=CYLINDRICAL_SURFACE('',#2329,1.3);
#1929=CYLINDRICAL_SURFACE('',#2334,5.4);
#1930=CYLINDRICAL_SURFACE('',#2335,1.75);
#1931=CYLINDRICAL_SURFACE('',#2336,1.75);
#1932=CYLINDRICAL_SURFACE('',#2337,1.75);
#1933=ADVANCED_FACE('',(#252),#1873,.T.);
#1934=ADVANCED_FACE('',(#253),#1874,.T.);
#1935=ADVANCED_FACE('',(#254),#85,.T.);
#1936=ADVANCED_FACE('',(#255),#1875,.T.);
#1937=ADVANCED_FACE('',(#256),#86,.T.);
#1938=ADVANCED_FACE('',(#257),#1876,.T.);
#1939=ADVANCED_FACE('',(#258),#1877,.T.);
#1940=ADVANCED_FACE('',(#259),#52,.T.);
#1941=ADVANCED_FACE('',(#260),#53,.T.);
#1942=ADVANCED_FACE('',(#261,#24,#25,#26),#54,.T.);
#1943=ADVANCED_FACE('',(#262),#87,.T.);
#1944=ADVANCED_FACE('',(#263),#1878,.T.);
#1945=ADVANCED_FACE('',(#264),#88,.T.);
#1946=ADVANCED_FACE('',(#265),#1879,.T.);
#1947=ADVANCED_FACE('',(#266),#89,.T.);
#1948=ADVANCED_FACE('',(#267),#1880,.T.);
#1949=ADVANCED_FACE('',(#268),#90,.T.);
#1950=ADVANCED_FACE('',(#269),#1881,.T.);
#1951=ADVANCED_FACE('',(#270),#91,.T.);
#1952=ADVANCED_FACE('',(#271),#1882,.T.);
#1953=ADVANCED_FACE('',(#272),#92,.T.);
#1954=ADVANCED_FACE('',(#273),#1883,.T.);
#1955=ADVANCED_FACE('',(#274),#93,.T.);
#1956=ADVANCED_FACE('',(#275,#27,#28,#29),#55,.T.);
#1957=ADVANCED_FACE('',(#276),#1884,.T.);
#1958=ADVANCED_FACE('',(#277),#56,.T.);
#1959=ADVANCED_FACE('',(#278),#1885,.F.);
#1960=ADVANCED_FACE('',(#279),#94,.T.);
#1961=ADVANCED_FACE('',(#280),#1886,.T.);
#1962=ADVANCED_FACE('',(#281),#95,.T.);
#1963=ADVANCED_FACE('',(#282),#1887,.T.);
#1964=ADVANCED_FACE('',(#283),#96,.T.);
#1965=ADVANCED_FACE('',(#284),#97,.T.);
#1966=ADVANCED_FACE('',(#285),#1888,.T.);
#1967=ADVANCED_FACE('',(#286),#98,.T.);
#1968=ADVANCED_FACE('',(#287),#1889,.T.);
#1969=ADVANCED_FACE('',(#288),#1890,.T.);
#1970=ADVANCED_FACE('',(#289),#99,.T.);
#1971=ADVANCED_FACE('',(#290),#1891,.T.);
#1972=ADVANCED_FACE('',(#291),#15,.F.);
#1973=ADVANCED_FACE('',(#292),#1892,.T.);
#1974=ADVANCED_FACE('',(#293),#16,.F.);
#1975=ADVANCED_FACE('',(#294),#1893,.T.);
#1976=ADVANCED_FACE('',(#295),#17,.F.);
#1977=ADVANCED_FACE('',(#296),#1894,.T.);
#1978=ADVANCED_FACE('',(#297),#18,.F.);
#1979=ADVANCED_FACE('',(#298),#1895,.T.);
#1980=ADVANCED_FACE('',(#299),#100,.T.);
#1981=ADVANCED_FACE('',(#300),#1896,.T.);
#1982=ADVANCED_FACE('',(#301),#19,.F.);
#1983=ADVANCED_FACE('',(#302),#20,.F.);
#1984=ADVANCED_FACE('',(#303),#1897,.T.);
#1985=ADVANCED_FACE('',(#304),#101,.T.);
#1986=ADVANCED_FACE('',(#305),#1898,.T.);
#1987=ADVANCED_FACE('',(#306),#21,.F.);
#1988=ADVANCED_FACE('',(#307),#1899,.T.);
#1989=ADVANCED_FACE('',(#308),#102,.T.);
#1990=ADVANCED_FACE('',(#309),#1900,.T.);
#1991=ADVANCED_FACE('',(#310),#103,.T.);
#1992=ADVANCED_FACE('',(#311),#1901,.T.);
#1993=ADVANCED_FACE('',(#312),#104,.T.);
#1994=ADVANCED_FACE('',(#313),#1902,.T.);
#1995=ADVANCED_FACE('',(#314),#22,.F.);
#1996=ADVANCED_FACE('',(#315),#1903,.T.);
#1997=ADVANCED_FACE('',(#316),#1904,.T.);
#1998=ADVANCED_FACE('',(#317),#105,.T.);
#1999=ADVANCED_FACE('',(#318),#1905,.T.);
#2000=ADVANCED_FACE('',(#319),#106,.T.);
#2001=ADVANCED_FACE('',(#320),#1906,.T.);
#2002=ADVANCED_FACE('',(#321),#107,.T.);
#2003=ADVANCED_FACE('',(#322),#1907,.T.);
#2004=ADVANCED_FACE('',(#323),#108,.T.);
#2005=ADVANCED_FACE('',(#324),#1908,.T.);
#2006=ADVANCED_FACE('',(#325),#23,.F.);
#2007=ADVANCED_FACE('',(#326),#1909,.T.);
#2008=ADVANCED_FACE('',(#327,#30),#57,.T.);
#2009=ADVANCED_FACE('',(#328),#1910,.T.);
#2010=ADVANCED_FACE('',(#329),#58,.T.);
#2011=ADVANCED_FACE('',(#330),#1911,.F.);
#2012=ADVANCED_FACE('',(#331),#1912,.T.);
#2013=ADVANCED_FACE('',(#332),#59,.T.);
#2014=ADVANCED_FACE('',(#333),#60,.T.);
#2015=ADVANCED_FACE('',(#334),#1913,.T.);
#2016=ADVANCED_FACE('',(#335),#1914,.T.);
#2017=ADVANCED_FACE('',(#336),#61,.T.);
#2018=ADVANCED_FACE('',(#337),#62,.F.);
#2019=ADVANCED_FACE('',(#338),#1915,.T.);
#2020=ADVANCED_FACE('',(#339),#63,.T.);
#2021=ADVANCED_FACE('',(#340),#64,.T.);
#2022=ADVANCED_FACE('',(#341),#1916,.T.);
#2023=ADVANCED_FACE('',(#342),#65,.T.);
#2024=ADVANCED_FACE('',(#343),#1917,.T.);
#2025=ADVANCED_FACE('',(#344),#66,.T.);
#2026=ADVANCED_FACE('',(#345),#67,.T.);
#2027=ADVANCED_FACE('',(#346),#1918,.T.);
#2028=ADVANCED_FACE('',(#347),#68,.T.);
#2029=ADVANCED_FACE('',(#348),#69,.F.);
#2030=ADVANCED_FACE('',(#349,#31,#32,#33,#34),#70,.F.);
#2031=ADVANCED_FACE('',(#350),#1919,.F.);
#2032=ADVANCED_FACE('',(#351),#71,.T.);
#2033=ADVANCED_FACE('',(#352),#1920,.F.);
#2034=ADVANCED_FACE('',(#353),#72,.T.);
#2035=ADVANCED_FACE('',(#354),#73,.T.);
#2036=ADVANCED_FACE('',(#355),#74,.T.);
#2037=ADVANCED_FACE('',(#356),#1921,.F.);
#2038=ADVANCED_FACE('',(#357),#75,.T.);
#2039=ADVANCED_FACE('',(#358),#1922,.T.);
#2040=ADVANCED_FACE('',(#359),#76,.T.);
#2041=ADVANCED_FACE('',(#360),#1923,.F.);
#2042=ADVANCED_FACE('',(#361,#35,#36,#37),#77,.T.);
#2043=ADVANCED_FACE('',(#362),#1924,.F.);
#2044=ADVANCED_FACE('',(#363),#78,.F.);
#2045=ADVANCED_FACE('',(#364,#38,#39,#40),#79,.T.);
#2046=ADVANCED_FACE('',(#365),#80,.F.);
#2047=ADVANCED_FACE('',(#366),#1925,.F.);
#2048=ADVANCED_FACE('',(#367),#81,.T.);
#2049=ADVANCED_FACE('',(#368),#1926,.F.);
#2050=ADVANCED_FACE('',(#369),#1927,.F.);
#2051=ADVANCED_FACE('',(#370),#1928,.F.);
#2052=ADVANCED_FACE('',(#371),#82,.T.);
#2053=ADVANCED_FACE('',(#372,#41),#83,.T.);
#2054=ADVANCED_FACE('',(#373),#84,.T.);
#2055=ADVANCED_FACE('',(#374),#1929,.F.);
#2056=ADVANCED_FACE('',(#375),#1930,.F.);
#2057=ADVANCED_FACE('',(#376),#1931,.F.);
#2058=ADVANCED_FACE('',(#377),#1932,.F.);
#2059=CLOSED_SHELL('',(#1933,#1934,#1935,#1936,#1937,#1938,#1939,#1940,
#1941,#1942,#1943,#1944,#1945,#1946,#1947,#1948,#1949,#1950,#1951,#1952,
#1953,#1954,#1955,#1956,#1957,#1958,#1959,#1960,#1961,#1962,#1963,#1964,
#1965,#1966,#1967,#1968,#1969,#1970,#1971,#1972,#1973,#1974,#1975,#1976,
#1977,#1978,#1979,#1980,#1981,#1982,#1983,#1984,#1985,#1986,#1987,#1988,
#1989,#1990,#1991,#1992,#1993,#1994,#1995,#1996,#1997,#1998,#1999,#2000,
#2001,#2002,#2003,#2004,#2005,#2006,#2007,#2008,#2009,#2010,#2011,#2012,
#2013,#2014,#2015,#2016,#2017,#2018,#2019,#2020,#2021,#2022,#2023,#2024,
#2025,#2026,#2027,#2028,#2029,#2030,#2031,#2032,#2033,#2034,#2035,#2036,
#2037,#2038,#2039,#2040,#2041,#2042,#2043,#2044,#2045,#2046,#2047,#2048,
#2049,#2050,#2051,#2052,#2053,#2054,#2055,#2056,#2057,#2058));
#2060=DERIVED_UNIT_ELEMENT(#2062,1.);
#2061=DERIVED_UNIT_ELEMENT(#3768,-3.);
#2062=(
MASS_UNIT()
NAMED_UNIT(*)
SI_UNIT(.KILO.,.GRAM.)
);
#2063=DERIVED_UNIT((#2060,#2061));
#2064=MEASURE_REPRESENTATION_ITEM('density measure',
POSITIVE_RATIO_MEASURE(7850.),#2063);
#2065=PROPERTY_DEFINITION_REPRESENTATION(#2070,#2067);
#2066=PROPERTY_DEFINITION_REPRESENTATION(#2071,#2068);
#2067=REPRESENTATION('material name',(#2069),#3765);
#2068=REPRESENTATION('density',(#2064),#3765);
#2069=DESCRIPTIVE_REPRESENTATION_ITEM('Steel','Steel');
#2070=PROPERTY_DEFINITION('material property','material name',#3775);
#2071=PROPERTY_DEFINITION('material property','density of part',#3775);
#2072=AXIS2_PLACEMENT_3D('',#3009,#2338,#2339);
#2073=AXIS2_PLACEMENT_3D('',#3010,#2340,#2341);
#2074=AXIS2_PLACEMENT_3D('',#3015,#2343,#2344);
#2075=AXIS2_PLACEMENT_3D('',#3018,#2346,#2347);
#2076=AXIS2_PLACEMENT_3D('',#3019,#2348,#2349);
#2077=AXIS2_PLACEMENT_3D('',#3023,#2351,#2352);
#2078=AXIS2_PLACEMENT_3D('',#3025,#2354,#2355);
#2079=AXIS2_PLACEMENT_3D('',#3028,#2356,#2357);
#2080=AXIS2_PLACEMENT_3D('',#3029,#2358,#2359);
#2081=AXIS2_PLACEMENT_3D('',#3030,#2360,#2361);
#2082=AXIS2_PLACEMENT_3D('',#3031,#2362,#2363);
#2083=AXIS2_PLACEMENT_3D('',#3034,#2364,#2365);
#2084=AXIS2_PLACEMENT_3D('',#3037,#2368,#2369);
#2085=AXIS2_PLACEMENT_3D('',#3040,#2370,#2371);
#2086=AXIS2_PLACEMENT_3D('',#3041,#2372,#2373);
#2087=AXIS2_PLACEMENT_3D('',#3042,#2374,#2375);
#2088=AXIS2_PLACEMENT_3D('',#3043,#2376,#2377);
#2089=AXIS2_PLACEMENT_3D('',#3046,#2380,#2381);
#2090=AXIS2_PLACEMENT_3D('',#3050,#2383,#2384);
#2091=AXIS2_PLACEMENT_3D('',#3052,#2386,#2387);
#2092=AXIS2_PLACEMENT_3D('',#3086,#2392,#2393);
#2093=AXIS2_PLACEMENT_3D('',#3090,#2396,#2397);
#2094=AXIS2_PLACEMENT_3D('',#3092,#2398,#2399);
#2095=AXIS2_PLACEMENT_3D('',#3094,#2400,#2401);
#2096=AXIS2_PLACEMENT_3D('',#3103,#2406,#2407);
#2097=AXIS2_PLACEMENT_3D('',#3105,#2408,#2409);
#2098=AXIS2_PLACEMENT_3D('',#3107,#2410,#2411);
#2099=AXIS2_PLACEMENT_3D('',#3109,#2412,#2413);
#2100=AXIS2_PLACEMENT_3D('',#3110,#2414,#2415);
#2101=AXIS2_PLACEMENT_3D('',#3111,#2416,#2417);
#2102=AXIS2_PLACEMENT_3D('',#3114,#2418,#2419);
#2103=AXIS2_PLACEMENT_3D('',#3117,#2422,#2423);
#2104=AXIS2_PLACEMENT_3D('',#3120,#2424,#2425);
#2105=AXIS2_PLACEMENT_3D('',#3121,#2426,#2427);
#2106=AXIS2_PLACEMENT_3D('',#3122,#2428,#2429);
#2107=AXIS2_PLACEMENT_3D('',#3123,#2430,#2431);
#2108=AXIS2_PLACEMENT_3D('',#3126,#2432,#2433);
#2109=AXIS2_PLACEMENT_3D('',#3129,#2436,#2437);
#2110=AXIS2_PLACEMENT_3D('',#3132,#2438,#2439);
#2111=AXIS2_PLACEMENT_3D('',#3133,#2440,#2441);
#2112=AXIS2_PLACEMENT_3D('',#3134,#2442,#2443);
#2113=AXIS2_PLACEMENT_3D('',#3135,#2444,#2445);
#2114=AXIS2_PLACEMENT_3D('',#3138,#2446,#2447);
#2115=AXIS2_PLACEMENT_3D('',#3141,#2450,#2451);
#2116=AXIS2_PLACEMENT_3D('',#3144,#2452,#2453);
#2117=AXIS2_PLACEMENT_3D('',#3145,#2454,#2455);
#2118=AXIS2_PLACEMENT_3D('',#3146,#2456,#2457);
#2119=AXIS2_PLACEMENT_3D('',#3147,#2458,#2459);
#2120=AXIS2_PLACEMENT_3D('',#3150,#2460,#2461);
#2121=AXIS2_PLACEMENT_3D('',#3153,#2464,#2465);
#2122=AXIS2_PLACEMENT_3D('',#3156,#2466,#2467);
#2123=AXIS2_PLACEMENT_3D('',#3157,#2468,#2469);
#2124=AXIS2_PLACEMENT_3D('',#3158,#2470,#2471);
#2125=AXIS2_PLACEMENT_3D('',#3159,#2472,#2473);
#2126=AXIS2_PLACEMENT_3D('',#3162,#2474,#2475);
#2127=AXIS2_PLACEMENT_3D('',#3165,#2478,#2479);
#2128=AXIS2_PLACEMENT_3D('',#3167,#2480,#2481);
#2129=AXIS2_PLACEMENT_3D('',#3168,#2482,#2483);
#2130=AXIS2_PLACEMENT_3D('',#3169,#2484,#2485);
#2131=AXIS2_PLACEMENT_3D('',#3172,#2487,#2488);
#2132=AXIS2_PLACEMENT_3D('',#3173,#2489,#2490);
#2133=AXIS2_PLACEMENT_3D('',#3174,#2491,#2492);
#2134=AXIS2_PLACEMENT_3D('',#3175,#2493,#2494);
#2135=AXIS2_PLACEMENT_3D('',#3179,#2496,#2497);
#2136=AXIS2_PLACEMENT_3D('',#3183,#2499,#2500);
#2137=AXIS2_PLACEMENT_3D('',#3187,#2502,#2503);
#2138=AXIS2_PLACEMENT_3D('',#3194,#2507,#2508);
#2139=AXIS2_PLACEMENT_3D('',#3196,#2509,#2510);
#2140=AXIS2_PLACEMENT_3D('',#3198,#2511,#2512);
#2141=AXIS2_PLACEMENT_3D('',#3199,#2513,#2514);
#2142=AXIS2_PLACEMENT_3D('',#3202,#2516,#2517);
#2143=AXIS2_PLACEMENT_3D('',#3203,#2518,#2519);
#2144=AXIS2_PLACEMENT_3D('',#3207,#2522,#2523);
#2145=AXIS2_PLACEMENT_3D('',#3210,#2525,#2526);
#2146=AXIS2_PLACEMENT_3D('',#3211,#2527,#2528);
#2147=AXIS2_PLACEMENT_3D('',#3213,#2529,#2530);
#2148=AXIS2_PLACEMENT_3D('',#3215,#2531,#2532);
#2149=AXIS2_PLACEMENT_3D('',#3220,#2533,#2534);
#2150=AXIS2_PLACEMENT_3D('',#3222,#2535,#2536);
#2151=AXIS2_PLACEMENT_3D('',#3224,#2538,#2539);
#2152=AXIS2_PLACEMENT_3D('',#3226,#2540,#2541);
#2153=AXIS2_PLACEMENT_3D('',#3227,#2542,#2543);
#2154=AXIS2_PLACEMENT_3D('',#3228,#2544,#2545);
#2155=AXIS2_PLACEMENT_3D('',#3230,#2546,#2547);
#2156=AXIS2_PLACEMENT_3D('',#3232,#2549,#2550);
#2157=AXIS2_PLACEMENT_3D('',#3234,#2551,#2552);
#2158=AXIS2_PLACEMENT_3D('',#3235,#2553,#2554);
#2159=AXIS2_PLACEMENT_3D('',#3236,#2555,#2556);
#2160=AXIS2_PLACEMENT_3D('',#3247,#2557,#2558);
#2161=AXIS2_PLACEMENT_3D('',#3248,#2559,#2560);
#2162=AXIS2_PLACEMENT_3D('',#3249,#2561,#2562);
#2163=AXIS2_PLACEMENT_3D('',#3255,#2563,#2564);
#2164=AXIS2_PLACEMENT_3D('',#3257,#2566,#2567);
#2165=AXIS2_PLACEMENT_3D('',#3272,#2568,#2569);
#2166=AXIS2_PLACEMENT_3D('',#3273,#2570,#2571);
#2167=AXIS2_PLACEMENT_3D('',#3277,#2573,#2574);
#2168=AXIS2_PLACEMENT_3D('',#3279,#2576,#2577);
#2169=AXIS2_PLACEMENT_3D('',#3284,#2579,#2580);
#2170=AXIS2_PLACEMENT_3D('',#3301,#2582,#2583);
#2171=AXIS2_PLACEMENT_3D('',#3303,#2584,#2585);
#2172=AXIS2_PLACEMENT_3D('',#3305,#2586,#2587);
#2173=AXIS2_PLACEMENT_3D('',#3306,#2588,#2589);
#2174=AXIS2_PLACEMENT_3D('',#3307,#2590,#2591);
#2175=AXIS2_PLACEMENT_3D('',#3310,#2592,#2593);
#2176=AXIS2_PLACEMENT_3D('',#3324,#2596,#2597);
#2177=AXIS2_PLACEMENT_3D('',#3325,#2598,#2599);
#2178=AXIS2_PLACEMENT_3D('',#3326,#2600,#2601);
#2179=AXIS2_PLACEMENT_3D('',#3327,#2602,#2603);
#2180=AXIS2_PLACEMENT_3D('',#3330,#2604,#2605);
#2181=AXIS2_PLACEMENT_3D('',#3344,#2608,#2609);
#2182=AXIS2_PLACEMENT_3D('',#3345,#2610,#2611);
#2183=AXIS2_PLACEMENT_3D('',#3346,#2612,#2613);
#2184=AXIS2_PLACEMENT_3D('',#3347,#2614,#2615);
#2185=AXIS2_PLACEMENT_3D('',#3350,#2616,#2617);
#2186=AXIS2_PLACEMENT_3D('',#3364,#2620,#2621);
#2187=AXIS2_PLACEMENT_3D('',#3365,#2622,#2623);
#2188=AXIS2_PLACEMENT_3D('',#3366,#2624,#2625);
#2189=AXIS2_PLACEMENT_3D('',#3367,#2626,#2627);
#2190=AXIS2_PLACEMENT_3D('',#3370,#2628,#2629);
#2191=AXIS2_PLACEMENT_3D('',#3384,#2632,#2633);
#2192=AXIS2_PLACEMENT_3D('',#3385,#2634,#2635);
#2193=AXIS2_PLACEMENT_3D('',#3386,#2636,#2637);
#2194=AXIS2_PLACEMENT_3D('',#3387,#2638,#2639);
#2195=AXIS2_PLACEMENT_3D('',#3389,#2640,#2641);
#2196=AXIS2_PLACEMENT_3D('',#3392,#2644,#2645);
#2197=AXIS2_PLACEMENT_3D('',#3394,#2646,#2647);
#2198=AXIS2_PLACEMENT_3D('',#3395,#2648,#2649);
#2199=AXIS2_PLACEMENT_3D('',#3396,#2650,#2651);
#2200=AXIS2_PLACEMENT_3D('',#3398,#2652,#2653);
#2201=AXIS2_PLACEMENT_3D('',#3410,#2655,#2656);
#2202=AXIS2_PLACEMENT_3D('',#3434,#2657,#2658);
#2203=AXIS2_PLACEMENT_3D('',#3435,#2659,#2660);
#2204=AXIS2_PLACEMENT_3D('',#3450,#2661,#2662);
#2205=AXIS2_PLACEMENT_3D('',#3453,#2663,#2664);
#2206=AXIS2_PLACEMENT_3D('',#3456,#2667,#2668);
#2207=AXIS2_PLACEMENT_3D('',#3459,#2669,#2670);
#2208=AXIS2_PLACEMENT_3D('',#3460,#2671,#2672);
#2209=AXIS2_PLACEMENT_3D('',#3461,#2673,#2674);
#2210=AXIS2_PLACEMENT_3D('',#3462,#2675,#2676);
#2211=AXIS2_PLACEMENT_3D('',#3465,#2677,#2678);
#2212=AXIS2_PLACEMENT_3D('',#3479,#2681,#2682);
#2213=AXIS2_PLACEMENT_3D('',#3480,#2683,#2684);
#2214=AXIS2_PLACEMENT_3D('',#3481,#2685,#2686);
#2215=AXIS2_PLACEMENT_3D('',#3482,#2687,#2688);
#2216=AXIS2_PLACEMENT_3D('',#3485,#2689,#2690);
#2217=AXIS2_PLACEMENT_3D('',#3488,#2693,#2694);
#2218=AXIS2_PLACEMENT_3D('',#3491,#2695,#2696);
#2219=AXIS2_PLACEMENT_3D('',#3492,#2697,#2698);
#2220=AXIS2_PLACEMENT_3D('',#3493,#2699,#2700);
#2221=AXIS2_PLACEMENT_3D('',#3494,#2701,#2702);
#2222=AXIS2_PLACEMENT_3D('',#3497,#2703,#2704);
#2223=AXIS2_PLACEMENT_3D('',#3500,#2707,#2708);
#2224=AXIS2_PLACEMENT_3D('',#3503,#2709,#2710);
#2225=AXIS2_PLACEMENT_3D('',#3504,#2711,#2712);
#2226=AXIS2_PLACEMENT_3D('',#3505,#2713,#2714);
#2227=AXIS2_PLACEMENT_3D('',#3506,#2715,#2716);
#2228=AXIS2_PLACEMENT_3D('',#3509,#2717,#2718);
#2229=AXIS2_PLACEMENT_3D('',#3512,#2721,#2722);
#2230=AXIS2_PLACEMENT_3D('',#3515,#2723,#2724);
#2231=AXIS2_PLACEMENT_3D('',#3516,#2725,#2726);
#2232=AXIS2_PLACEMENT_3D('',#3517,#2727,#2728);
#2233=AXIS2_PLACEMENT_3D('',#3518,#2729,#2730);
#2234=AXIS2_PLACEMENT_3D('',#3521,#2731,#2732);
#2235=AXIS2_PLACEMENT_3D('',#3535,#2735,#2736);
#2236=AXIS2_PLACEMENT_3D('',#3536,#2737,#2738);
#2237=AXIS2_PLACEMENT_3D('',#3537,#2739,#2740);
#2238=AXIS2_PLACEMENT_3D('',#3538,#2741,#2742);
#2239=AXIS2_PLACEMENT_3D('',#3541,#2743,#2744);
#2240=AXIS2_PLACEMENT_3D('',#3544,#2747,#2748);
#2241=AXIS2_PLACEMENT_3D('',#3548,#2750,#2751);
#2242=AXIS2_PLACEMENT_3D('',#3550,#2753,#2754);
#2243=AXIS2_PLACEMENT_3D('',#3553,#2755,#2756);
#2244=AXIS2_PLACEMENT_3D('',#3554,#2757,#2758);
#2245=AXIS2_PLACEMENT_3D('',#3555,#2759,#2760);
#2246=AXIS2_PLACEMENT_3D('',#3556,#2761,#2762);
#2247=AXIS2_PLACEMENT_3D('',#3558,#2763,#2764);
#2248=AXIS2_PLACEMENT_3D('',#3561,#2767,#2768);
#2249=AXIS2_PLACEMENT_3D('',#3563,#2769,#2770);
#2250=AXIS2_PLACEMENT_3D('',#3564,#2771,#2772);
#2251=AXIS2_PLACEMENT_3D('',#3565,#2773,#2774);
#2252=AXIS2_PLACEMENT_3D('',#3567,#2776,#2777);
#2253=AXIS2_PLACEMENT_3D('',#3570,#2778,#2779);
#2254=AXIS2_PLACEMENT_3D('',#3571,#2780,#2781);
#2255=AXIS2_PLACEMENT_3D('',#3572,#2782,#2783);
#2256=AXIS2_PLACEMENT_3D('',#3573,#2784,#2785);
#2257=AXIS2_PLACEMENT_3D('',#3576,#2786,#2787);
#2258=AXIS2_PLACEMENT_3D('',#3579,#2790,#2791);
#2259=AXIS2_PLACEMENT_3D('',#3582,#2792,#2793);
#2260=AXIS2_PLACEMENT_3D('',#3583,#2794,#2795);
#2261=AXIS2_PLACEMENT_3D('',#3584,#2796,#2797);
#2262=AXIS2_PLACEMENT_3D('',#3585,#2798,#2799);
#2263=AXIS2_PLACEMENT_3D('',#3588,#2800,#2801);
#2264=AXIS2_PLACEMENT_3D('',#3602,#2804,#2805);
#2265=AXIS2_PLACEMENT_3D('',#3603,#2806,#2807);
#2266=AXIS2_PLACEMENT_3D('',#3604,#2808,#2809);
#2267=AXIS2_PLACEMENT_3D('',#3605,#2810,#2811);
#2268=AXIS2_PLACEMENT_3D('',#3608,#2812,#2813);
#2269=AXIS2_PLACEMENT_3D('',#3611,#2816,#2817);
#2270=AXIS2_PLACEMENT_3D('',#3622,#2823,#2824);
#2271=AXIS2_PLACEMENT_3D('',#3625,#2826,#2827);
#2272=AXIS2_PLACEMENT_3D('',#3626,#2828,#2829);
#2273=AXIS2_PLACEMENT_3D('',#3629,#2832,#2833);
#2274=AXIS2_PLACEMENT_3D('',#3631,#2835,#2836);
#2275=AXIS2_PLACEMENT_3D('',#3634,#2838,#2839);
#2276=AXIS2_PLACEMENT_3D('',#3635,#2840,#2841);
#2277=AXIS2_PLACEMENT_3D('',#3637,#2843,#2844);
#2278=AXIS2_PLACEMENT_3D('',#3640,#2847,#2848);
#2279=AXIS2_PLACEMENT_3D('',#3642,#2850,#2851);
#2280=AXIS2_PLACEMENT_3D('',#3644,#2853,#2854);
#2281=AXIS2_PLACEMENT_3D('',#3646,#2856,#2857);
#2282=AXIS2_PLACEMENT_3D('',#3648,#2859,#2860);
#2283=AXIS2_PLACEMENT_3D('',#3650,#2862,#2863);
#2284=AXIS2_PLACEMENT_3D('',#3652,#2865,#2866);
#2285=AXIS2_PLACEMENT_3D('',#3654,#2868,#2869);
#2286=AXIS2_PLACEMENT_3D('',#3656,#2871,#2872);
#2287=AXIS2_PLACEMENT_3D('',#3658,#2874,#2875);
#2288=AXIS2_PLACEMENT_3D('',#3660,#2877,#2878);
#2289=AXIS2_PLACEMENT_3D('',#3662,#2880,#2881);
#2290=AXIS2_PLACEMENT_3D('',#3663,#2882,#2883);
#2291=AXIS2_PLACEMENT_3D('',#3665,#2885,#2886);
#2292=AXIS2_PLACEMENT_3D('',#3667,#2888,#2889);
#2293=AXIS2_PLACEMENT_3D('',#3668,#2890,#2891);
#2294=AXIS2_PLACEMENT_3D('',#3674,#2895,#2896);
#2295=AXIS2_PLACEMENT_3D('',#3676,#2897,#2898);
#2296=AXIS2_PLACEMENT_3D('',#3678,#2899,#2900);
#2297=AXIS2_PLACEMENT_3D('',#3680,#2901,#2902);
#2298=AXIS2_PLACEMENT_3D('',#3682,#2903,#2904);
#2299=AXIS2_PLACEMENT_3D('',#3683,#2905,#2906);
#2300=AXIS2_PLACEMENT_3D('',#3686,#2908,#2909);
#2301=AXIS2_PLACEMENT_3D('',#3687,#2910,#2911);
#2302=AXIS2_PLACEMENT_3D('',#3688,#2912,#2913);
#2303=AXIS2_PLACEMENT_3D('',#3691,#2915,#2916);
#2304=AXIS2_PLACEMENT_3D('',#3692,#2917,#2918);
#2305=AXIS2_PLACEMENT_3D('',#3698,#2922,#2923);
#2306=AXIS2_PLACEMENT_3D('',#3700,#2925,#2926);
#2307=AXIS2_PLACEMENT_3D('',#3701,#2927,#2928);
#2308=AXIS2_PLACEMENT_3D('',#3704,#2931,#2932);
#2309=AXIS2_PLACEMENT_3D('',#3706,#2934,#2935);
#2310=AXIS2_PLACEMENT_3D('',#3708,#2937,#2938);
#2311=AXIS2_PLACEMENT_3D('',#3710,#2940,#2941);
#2312=AXIS2_PLACEMENT_3D('',#3712,#2943,#2944);
#2313=AXIS2_PLACEMENT_3D('',#3714,#2945,#2946);
#2314=AXIS2_PLACEMENT_3D('',#3716,#2947,#2948);
#2315=AXIS2_PLACEMENT_3D('',#3718,#2949,#2950);
#2316=AXIS2_PLACEMENT_3D('',#3719,#2951,#2952);
#2317=AXIS2_PLACEMENT_3D('',#3723,#2954,#2955);
#2318=AXIS2_PLACEMENT_3D('',#3725,#2957,#2958);
#2319=AXIS2_PLACEMENT_3D('',#3729,#2961,#2962);
#2320=AXIS2_PLACEMENT_3D('',#3732,#2964,#2965);
#2321=AXIS2_PLACEMENT_3D('',#3734,#2966,#2967);
#2322=AXIS2_PLACEMENT_3D('',#3736,#2968,#2969);
#2323=AXIS2_PLACEMENT_3D('',#3738,#2970,#2971);
#2324=AXIS2_PLACEMENT_3D('',#3739,#2972,#2973);
#2325=AXIS2_PLACEMENT_3D('',#3741,#2975,#2976);
#2326=AXIS2_PLACEMENT_3D('',#3742,#2977,#2978);
#2327=AXIS2_PLACEMENT_3D('',#3743,#2979,#2980);
#2328=AXIS2_PLACEMENT_3D('',#3745,#2982,#2983);
#2329=AXIS2_PLACEMENT_3D('',#3747,#2985,#2986);
#2330=AXIS2_PLACEMENT_3D('',#3749,#2988,#2989);
#2331=AXIS2_PLACEMENT_3D('',#3750,#2990,#2991);
#2332=AXIS2_PLACEMENT_3D('',#3753,#2993,#2994);
#2333=AXIS2_PLACEMENT_3D('',#3754,#2995,#2996);
#2334=AXIS2_PLACEMENT_3D('',#3755,#2997,#2998);
#2335=AXIS2_PLACEMENT_3D('',#3757,#3000,#3001);
#2336=AXIS2_PLACEMENT_3D('',#3759,#3003,#3004);
#2337=AXIS2_PLACEMENT_3D('',#3761,#3006,#3007);
#2338=DIRECTION('axis',(0.,0.,1.));
#2339=DIRECTION('refdir',(1.,0.,0.));
#2340=DIRECTION('center_axis',(1.70696790036117E-15,1.,8.53483950180589E-16));
#2341=DIRECTION('ref_axis',(0.707106781186547,-1.81051286641972E-15,0.707106781186548));
#2342=DIRECTION('',(-1.70696790036117E-15,-1.,-8.53483950180589E-16));
#2343=DIRECTION('center_axis',(0.707106781186547,0.707106781186549,-3.00875976736614E-16));
#2344=DIRECTION('ref_axis',(0.707106781186549,-0.707106781186547,-1.50788455434977E-15));
#2345=DIRECTION('',(1.70696790036117E-15,1.,8.53483950180589E-16));
#2346=DIRECTION('center_axis',(-0.707106781186545,0.70710678118655,1.50788455434977E-15));
#2347=DIRECTION('ref_axis',(0.70710678118655,0.707106781186545,1.94211324995449E-15));
#2348=DIRECTION('center_axis',(-1.,1.7386885582076E-15,-3.07046055247893E-16));
#2349=DIRECTION('ref_axis',(9.89894229810779E-16,0.707106781186546,0.707106781186549));
#2350=DIRECTION('',(-1.,1.7386885582076E-15,-3.07046055247893E-16));
#2351=DIRECTION('center_axis',(1.,-1.70696790036117E-15,3.07046055247893E-16));
#2352=DIRECTION('ref_axis',(1.70696790036117E-15,1.,8.53483950180589E-16));
#2353=DIRECTION('',(1.,-1.7386885582076E-15,3.07046055247893E-16));
#2354=DIRECTION('center_axis',(3.07046055247895E-16,8.53483950180589E-16,
-1.));
#2355=DIRECTION('ref_axis',(-1.,1.77635683940025E-15,0.));
#2356=DIRECTION('center_axis',(9.13951454200349E-16,1.,8.53483950180589E-16));
#2357=DIRECTION('ref_axis',(-1.,9.13951454200349E-16,-3.07046055247894E-16));
#2358=DIRECTION('center_axis',(3.07046055247895E-16,8.53483950180589E-16,
-1.));
#2359=DIRECTION('ref_axis',(-0.707106781186546,0.707106781186549,3.86389941004212E-16));
#2360=DIRECTION('center_axis',(-3.07046055247895E-16,-8.53483950180589E-16,
1.));
#2361=DIRECTION('ref_axis',(-0.707106781186546,0.707106781186549,3.86389941004212E-16));
#2362=DIRECTION('center_axis',(-1.70696790036117E-15,-1.,-8.53483950180589E-16));
#2363=DIRECTION('ref_axis',(-0.70710678118655,6.03504288806577E-16,0.707106781186545));
#2364=DIRECTION('center_axis',(1.70696790036117E-15,1.,8.53483950180589E-16));
#2365=DIRECTION('ref_axis',(-1.,1.70696790036117E-15,-3.07046055247893E-16));
#2366=DIRECTION('',(1.70696790036117E-15,1.,8.53483950180589E-16));
#2367=DIRECTION('',(-1.70696790036117E-15,-1.,-8.53483950180589E-16));
#2368=DIRECTION('center_axis',(3.07046055247895E-16,8.53483950180589E-16,
-1.));
#2369=DIRECTION('ref_axis',(-1.,1.70974345792274E-15,0.));
#2370=DIRECTION('center_axis',(-1.,1.70696790036117E-15,-3.07046055247893E-16));
#2371=DIRECTION('ref_axis',(-1.70696790036117E-15,-1.,-8.53483950180589E-16));
#2372=DIRECTION('center_axis',(3.07046055247895E-16,8.53483950180589E-16,
-1.));
#2373=DIRECTION('ref_axis',(-0.707106781186548,-0.707106781186547,-8.20618636608941E-16));
#2374=DIRECTION('center_axis',(-3.07046055247895E-16,-8.53483950180589E-16,
1.));
#2375=DIRECTION('ref_axis',(-0.707106781186548,-0.707106781186547,-8.20618636608941E-16));
#2376=DIRECTION('center_axis',(1.,-1.77040921605404E-15,3.07046055247893E-16));
#2377=DIRECTION('ref_axis',(-1.42412292541551E-15,-0.707106781186546,0.707106781186549));
#2378=DIRECTION('',(-1.,1.77040921605404E-15,-3.07046055247893E-16));
#2379=DIRECTION('',(1.,-1.77040921605404E-15,3.07046055247893E-16));
#2380=DIRECTION('center_axis',(3.07046055247895E-16,8.53483950180589E-16,
-1.));
#2381=DIRECTION('ref_axis',(-0.707106781186546,0.707106781186549,3.86389941004211E-16));
#2382=DIRECTION('',(3.07046055247895E-16,8.53483950180589E-16,-1.));
#2383=DIRECTION('center_axis',(3.07046055247895E-16,8.53483950180589E-16,
-1.));
#2384=DIRECTION('ref_axis',(-0.707106781186546,0.707106781186549,3.86389941004212E-16));
#2385=DIRECTION('',(-3.07046055247895E-16,-8.53483950180589E-16,1.));
#2386=DIRECTION('center_axis',(1.7386885582076E-15,1.,8.53483950180589E-16));
#2387=DIRECTION('ref_axis',(-1.,1.7386885582076E-15,-3.07046055247893E-16));
#2388=DIRECTION('',(-3.07046055247895E-16,-8.53483950180589E-16,1.));
#2389=DIRECTION('',(1.,-1.7386885582076E-15,3.07046055247893E-16));
#2390=DIRECTION('',(-3.07046055247895E-16,-8.53483950180589E-16,1.));
#2391=DIRECTION('',(1.,-1.7386885582076E-15,3.07046055247893E-16));
#2392=DIRECTION('center_axis',(1.,-1.70696790036117E-15,3.07046055247893E-16));
#2393=DIRECTION('ref_axis',(1.70696790036117E-15,1.,8.53483950180589E-16));
#2394=DIRECTION('',(-3.07046055247895E-16,-8.53483950180589E-16,1.));
#2395=DIRECTION('',(-1.70696790036117E-15,-1.,-8.53483950180589E-16));
#2396=DIRECTION('center_axis',(-3.07046055247895E-16,-8.53483950180589E-16,
1.));
#2397=DIRECTION('ref_axis',(1.,-1.70696790036117E-15,3.07046055247893E-16));
#2398=DIRECTION('center_axis',(3.07046055247895E-16,8.53483950180589E-16,
-1.));
#2399=DIRECTION('ref_axis',(-1.,1.70696790036117E-15,-3.07046055247893E-16));
#2400=DIRECTION('center_axis',(3.07046055247895E-16,8.53483950180589E-16,
-1.));
#2401=DIRECTION('ref_axis',(-1.,1.70696790036117E-15,-3.07046055247893E-16));
#2402=DIRECTION('',(1.,-1.70696790036117E-15,3.07046055247893E-16));
#2403=DIRECTION('',(-1.70696790036117E-15,-1.,-8.53483950180589E-16));
#2404=DIRECTION('',(-1.,1.75523846664922E-15,-3.07046055247893E-16));
#2405=DIRECTION('',(1.70696790036117E-15,1.,8.53483950180589E-16));
#2406=DIRECTION('center_axis',(-3.07046055247895E-16,-8.53483950180589E-16,
1.));
#2407=DIRECTION('ref_axis',(1.,-1.31581988103722E-15,0.));
#2408=DIRECTION('center_axis',(0.853919374028846,0.520405325355327,-1.19029795278314E-16));
#2409=DIRECTION('ref_axis',(-0.520405325355327,0.853919374028846,5.69018078201525E-16));
#2410=DIRECTION('center_axis',(-3.07046055247895E-16,-8.53483950180589E-16,
1.));
#2411=DIRECTION('ref_axis',(0.452427673338492,-0.891801099123296,-6.22221792471574E-16));
#2412=DIRECTION('center_axis',(-0.591568029724103,-0.806255087555014,-8.69764406917205E-16));
#2413=DIRECTION('ref_axis',(-3.07046055247895E-16,-8.53483950180589E-16,
1.));
#2414=DIRECTION('center_axis',(3.07046055247895E-16,8.53483950180589E-16,
-1.));
#2415=DIRECTION('ref_axis',(0.452427673338492,-0.891801099123296,-6.22221792471574E-16));
#2416=DIRECTION('center_axis',(-0.591568029724108,-0.80625508755501,-8.69764406917203E-16));
#2417=DIRECTION('ref_axis',(-0.570108439776298,0.418301765351084,0.707106781186549));
#2418=DIRECTION('center_axis',(-0.591568029724107,-0.806255087555011,-8.69764406917204E-16));
#2419=DIRECTION('ref_axis',(-3.07046055247895E-16,-8.53483950180589E-16,
1.));
#2420=DIRECTION('',(-0.591568029724107,-0.80625508755501,-8.69764406917203E-16));
#2421=DIRECTION('',(0.591568029724107,0.80625508755501,8.69764406917203E-16));
#2422=DIRECTION('center_axis',(3.07046055247895E-16,8.53483950180589E-16,
-1.));
#2423=DIRECTION('ref_axis',(-1.,1.77635683940025E-15,0.));
#2424=DIRECTION('center_axis',(-1.,-1.6324045290109E-13,-3.07046055248034E-16));
#2425=DIRECTION('ref_axis',(-3.07046055247895E-16,-8.53483950180589E-16,
1.));
#2426=DIRECTION('center_axis',(-3.07046055247895E-16,-8.53483950180589E-16,
1.));
#2427=DIRECTION('ref_axis',(-0.451902627938819,0.892067270368098,6.22610178475808E-16));
#2428=DIRECTION('center_axis',(3.07046055247895E-16,8.53483950180589E-16,
-1.));
#2429=DIRECTION('ref_axis',(-0.451902627938819,0.892067270368098,6.22610178475808E-16));
#2430=DIRECTION('center_axis',(-1.,-1.5899781491413E-13,-3.0704605524803E-16));
#2431=DIRECTION('ref_axis',(-1.24617502464892E-13,0.707106781186544,0.707106781186551));
#2432=DIRECTION('center_axis',(-1.,-1.63240452901092E-13,-3.07046055248034E-16));
#2433=DIRECTION('ref_axis',(-3.07046055247895E-16,-8.53483950180589E-16,
1.));
#2434=DIRECTION('',(-1.,-1.5899781491413E-13,-3.0704605524803E-16));
#2435=DIRECTION('',(1.,1.5899781491413E-13,3.0704605524803E-16));
#2436=DIRECTION('center_axis',(3.07046055247895E-16,8.53483950180589E-16,
-1.));
#2437=DIRECTION('ref_axis',(-1.,1.77635683940025E-15,0.));
#2438=DIRECTION('center_axis',(-0.554699215611543,0.832050948079466,5.39823923915741E-16));
#2439=DIRECTION('ref_axis',(-3.07046055247895E-16,-8.53483950180589E-16,
1.));
#2440=DIRECTION('center_axis',(-3.07046055247895E-16,-8.53483950180589E-16,
1.));
#2441=DIRECTION('ref_axis',(0.471858445080901,0.881674320713627,8.97377156212949E-16));
#2442=DIRECTION('center_axis',(3.07046055247895E-16,8.53483950180589E-16,
-1.));
#2443=DIRECTION('ref_axis',(0.471858445080901,0.881674320713627,8.97377156212949E-16));
#2444=DIRECTION('center_axis',(-0.554699215611539,0.83205094807947,5.39823923915745E-16));
#2445=DIRECTION('ref_axis',(0.588348867679692,0.392231576877778,0.707106781186544));
#2446=DIRECTION('center_axis',(-0.554699215611543,0.832050948079467,5.39823923915741E-16));
#2447=DIRECTION('ref_axis',(-3.07046055247895E-16,-8.53483950180589E-16,
1.));
#2448=DIRECTION('',(-0.554699215611538,0.832050948079469,5.39823923915745E-16));
#2449=DIRECTION('',(0.554699215611538,-0.832050948079469,-5.39823923915745E-16));
#2450=DIRECTION('center_axis',(3.07046055247895E-16,8.53483950180589E-16,
-1.));
#2451=DIRECTION('ref_axis',(-1.,1.77635683940025E-15,0.));
#2452=DIRECTION('center_axis',(-1.58482354224126E-13,1.,8.5348395018054E-16));
#2453=DIRECTION('ref_axis',(-3.07046055247895E-16,-8.53483950180589E-16,
1.));
#2454=DIRECTION('center_axis',(-3.07046055247895E-16,-8.53483950180589E-16,
1.));
#2455=DIRECTION('ref_axis',(0.957092197251493,0.289783584697804,5.41197022239984E-16));
#2456=DIRECTION('center_axis',(3.07046055247895E-16,8.53483950180589E-16,
-1.));
#2457=DIRECTION('ref_axis',(0.957092197251493,0.289783584697804,5.41197022239984E-16));
#2458=DIRECTION('center_axis',(-1.59349385538595E-13,1.,8.5348395018054E-16));
#2459=DIRECTION('ref_axis',(0.707106781186544,1.12021190388155E-13,0.707106781186551));
#2460=DIRECTION('center_axis',(-1.59275370670288E-13,1.,8.5348395018054E-16));
#2461=DIRECTION('ref_axis',(-3.07046055247895E-16,-8.53483950180589E-16,
1.));
#2462=DIRECTION('',(-1.59349385538595E-13,1.,8.5348395018054E-16));
#2463=DIRECTION('',(1.59349385538595E-13,-1.,-8.5348395018054E-16));
#2464=DIRECTION('center_axis',(3.07046055247895E-16,8.53483950180589E-16,
-1.));
#2465=DIRECTION('ref_axis',(-1.,1.70696790036118E-15,0.));
#2466=DIRECTION('center_axis',(0.5918228890997,0.806068029348444,8.69683009306068E-16));
#2467=DIRECTION('ref_axis',(-3.07046055247895E-16,-8.53483950180589E-16,
1.));
#2468=DIRECTION('center_axis',(-3.07046055247895E-16,-8.53483950180589E-16,
1.));
#2469=DIRECTION('ref_axis',(0.950281018790899,-0.31139361799133,2.60105830524304E-17));
#2470=DIRECTION('center_axis',(3.07046055247895E-16,8.53483950180589E-16,
-1.));
#2471=DIRECTION('ref_axis',(0.950281018790899,-0.31139361799133,2.60105830524304E-17));
#2472=DIRECTION('center_axis',(0.5918228890997,0.806068029348444,8.69683009306068E-16));
#2473=DIRECTION('ref_axis',(0.56997616964996,-0.418481978143814,0.707106781186547));
#2474=DIRECTION('center_axis',(-1.,1.70696790036117E-15,-3.07046055247893E-16));
#2475=DIRECTION('ref_axis',(-1.70696790036117E-15,-1.,-9.12149610714399E-16));
#2476=DIRECTION('',(0.591822889099699,0.806068029348444,8.69683009306068E-16));
#2477=DIRECTION('',(-0.591822889099699,-0.806068029348444,-8.69683009306068E-16));
#2478=DIRECTION('center_axis',(-3.07046055247895E-16,-8.53483950180589E-16,
1.));
#2479=DIRECTION('ref_axis',(1.,-1.31581988103722E-15,0.));
#2480=DIRECTION('center_axis',(3.07046055247895E-16,8.53483950180589E-16,
-1.));
#2481=DIRECTION('ref_axis',(0.00117731839920417,-0.999999306960453,-8.53121867712212E-16));
#2482=DIRECTION('center_axis',(0.999999306960453,0.00117731839920036,3.08050664810806E-16));
#2483=DIRECTION('ref_axis',(-0.00117731839920036,0.999999306960453,8.53121867712213E-16));
#2484=DIRECTION('center_axis',(-0.999999306960453,-0.00117731839920501,
-3.0805066481081E-16));
#2485=DIRECTION('ref_axis',(-0.000832489823699454,0.707106291133585,0.707106781186547));
#2486=DIRECTION('',(-0.999999306960453,-0.00117731839920501,-3.0805066481081E-16));
#2487=DIRECTION('center_axis',(0.999999306960453,0.00117731839920036,3.08050664810806E-16));
#2488=DIRECTION('ref_axis',(-0.00117731839920036,0.999999306960453,8.53121867712214E-16));
#2489=DIRECTION('center_axis',(3.07046055247895E-16,8.53483950180589E-16,
-1.));
#2490=DIRECTION('ref_axis',(-1.,1.77635683940025E-15,0.));
#2491=DIRECTION('center_axis',(-3.07046055247895E-16,-8.53483950180589E-16,
1.));
#2492=DIRECTION('ref_axis',(-0.0248436481190844,0.99969134894133,8.45592377302876E-16));
#2493=DIRECTION('center_axis',(-3.07046055247895E-16,-8.53483950180589E-16,
1.));
#2494=DIRECTION('ref_axis',(1.,-1.70696790036117E-15,3.07046055247893E-16));
#2495=DIRECTION('',(-1.,1.77040921605404E-15,-3.07046055247893E-16));
#2496=DIRECTION('center_axis',(-3.07046055247895E-16,-8.53483950180589E-16,
1.));
#2497=DIRECTION('ref_axis',(0.382139515781032,0.924104642602037,9.06042911623114E-16));
#2498=DIRECTION('',(-0.707106781186545,0.70710678118655,3.86389941004213E-16));
#2499=DIRECTION('center_axis',(3.07046055247895E-16,8.53483950180589E-16,
-1.));
#2500=DIRECTION('ref_axis',(-0.382683432365091,-0.923879532511286,-9.06017791215154E-16));
#2501=DIRECTION('',(-1.,1.70696790036117E-15,-3.07046055247893E-16));
#2502=DIRECTION('center_axis',(-3.07046055247895E-16,-8.53483950180589E-16,
1.));
#2503=DIRECTION('ref_axis',(0.707106781186549,0.707106781186546,8.20618636608941E-16));
#2504=DIRECTION('',(1.70696790036117E-15,1.,8.53483950180589E-16));
#2505=DIRECTION('',(1.,-1.70696790036117E-15,3.07046055247893E-16));
#2506=DIRECTION('',(-1.70696790036117E-15,-1.,-8.53483950180589E-16));
#2507=DIRECTION('center_axis',(3.07046055247895E-16,8.53483950180589E-16,
-1.));
#2508=DIRECTION('ref_axis',(-1.,1.70696790036117E-15,-3.07046055247893E-16));
#2509=DIRECTION('center_axis',(3.07046055247895E-16,8.53483950180589E-16,
-1.));
#2510=DIRECTION('ref_axis',(-1.,1.70696790036117E-15,-3.07046055247893E-16));
#2511=DIRECTION('center_axis',(3.07046055247895E-16,8.53483950180589E-16,
-1.));
#2512=DIRECTION('ref_axis',(-1.,1.70696790036117E-15,-3.07046055247893E-16));
#2513=DIRECTION('center_axis',(-3.07046055247895E-16,-8.53483950180589E-16,
1.));
#2514=DIRECTION('ref_axis',(-0.707522903657261,0.706690413689331,3.85906809264826E-16));
#2515=DIRECTION('',(3.07046055247895E-16,8.53483950180589E-16,-1.));
#2516=DIRECTION('center_axis',(3.07046055247895E-16,8.53483950180589E-16,
-1.));
#2517=DIRECTION('ref_axis',(-0.0248436481190844,0.99969134894133,8.45592377302876E-16));
#2518=DIRECTION('center_axis',(-0.00117731839920501,0.999999306960453,8.53121867712212E-16));
#2519=DIRECTION('ref_axis',(-0.999999306960453,-0.00117731839920501,-3.0805066481081E-16));
#2520=DIRECTION('',(-3.07046055247895E-16,-8.53483950180589E-16,1.));
#2521=DIRECTION('',(0.999999306960453,0.00117731839920501,3.0805066481081E-16));
#2522=DIRECTION('center_axis',(-3.07046055247895E-16,-8.53483950180589E-16,
1.));
#2523=DIRECTION('ref_axis',(0.452427673338492,-0.891801099123296,-6.22221792471574E-16));
#2524=DIRECTION('',(3.07046055247895E-16,8.53483950180589E-16,-1.));
#2525=DIRECTION('center_axis',(-3.07046055247895E-16,-8.53483950180589E-16,
1.));
#2526=DIRECTION('ref_axis',(0.452427673338492,-0.891801099123296,-6.22221792471574E-16));
#2527=DIRECTION('center_axis',(-3.07046055247895E-16,-8.53483950180589E-16,
1.));
#2528=DIRECTION('ref_axis',(1.,-1.31581988103722E-15,0.));
#2529=DIRECTION('center_axis',(1.,-1.70696790036117E-15,3.07046055247893E-16));
#2530=DIRECTION('ref_axis',(-3.07046055247895E-16,-8.53483950180589E-16,
1.));
#2531=DIRECTION('center_axis',(3.07046055247895E-16,8.53483950180589E-16,
-1.));
#2532=DIRECTION('ref_axis',(0.707106781186549,0.707106781186546,8.20618636608941E-16));
#2533=DIRECTION('center_axis',(1.,-1.70696790036117E-15,3.07046055247893E-16));
#2534=DIRECTION('ref_axis',(-1.42412292541552E-15,-0.70710678118655,0.707106781186545));
#2535=DIRECTION('center_axis',(1.,-1.70696790036117E-15,3.07046055247893E-16));
#2536=DIRECTION('ref_axis',(-3.07046055247895E-16,-8.53483950180589E-16,
1.));
#2537=DIRECTION('',(1.,-1.70696790036117E-15,3.07046055247893E-16));
#2538=DIRECTION('center_axis',(3.07046055247895E-16,8.53483950180589E-16,
-1.));
#2539=DIRECTION('ref_axis',(-1.,1.77635683940025E-15,0.));
#2540=DIRECTION('center_axis',(0.707106781186548,-0.707106781186547,-3.8638994100421E-16));
#2541=DIRECTION('ref_axis',(-3.07046055247895E-16,-8.53483950180589E-16,
1.));
#2542=DIRECTION('center_axis',(-3.07046055247895E-16,-8.53483950180589E-16,
1.));
#2543=DIRECTION('ref_axis',(-0.382683432365091,-0.923879532511286,-9.06017791215154E-16));
#2544=DIRECTION('center_axis',(0.707106781186545,-0.70710678118655,-3.86389941004213E-16));
#2545=DIRECTION('ref_axis',(-0.499999999999997,-0.500000000000003,0.707106781186548));
#2546=DIRECTION('center_axis',(0.707106781186543,-0.707106781186552,-3.86389941004215E-16));
#2547=DIRECTION('ref_axis',(-3.07046055247895E-16,-8.53483950180589E-16,
1.));
#2548=DIRECTION('',(0.707106781186545,-0.70710678118655,-3.86389941004213E-16));
#2549=DIRECTION('center_axis',(-3.07046055247895E-16,-8.53483950180589E-16,
1.));
#2550=DIRECTION('ref_axis',(1.,-1.97372982155583E-15,0.));
#2551=DIRECTION('center_axis',(0.886624331049986,-0.462490319455623,-1.22493561433566E-16));
#2552=DIRECTION('ref_axis',(-3.07046055247895E-16,-8.53483950180589E-16,
1.));
#2553=DIRECTION('center_axis',(3.07046055247895E-16,8.53483950180589E-16,
-1.));
#2554=DIRECTION('ref_axis',(0.382139515781032,0.924104642602037,9.06042911623114E-16));
#2555=DIRECTION('center_axis',(-3.07046055247895E-16,-8.53483950180589E-16,
1.));
#2556=DIRECTION('ref_axis',(1.,-1.97372982155583E-15,0.));
#2557=DIRECTION('center_axis',(0.999999306960453,0.00117731839920036,3.08050664810806E-16));
#2558=DIRECTION('ref_axis',(-3.07046055247895E-16,-8.53483950180589E-16,
1.));
#2559=DIRECTION('center_axis',(3.07046055247895E-16,8.53483950180589E-16,
-1.));
#2560=DIRECTION('ref_axis',(-0.00117731839920639,0.999999306960453,8.53121867712212E-16));
#2561=DIRECTION('center_axis',(0.999999306960453,0.00117731839920491,3.08050664810809E-16));
#2562=DIRECTION('ref_axis',(0.00083248982369902,-0.707106291133586,0.707106781186546));
#2563=DIRECTION('center_axis',(0.999999306960453,0.00117731839920036,3.08050664810806E-16));
#2564=DIRECTION('ref_axis',(-3.07046055247895E-16,-8.53483950180589E-16,
1.));
#2565=DIRECTION('',(0.999999306960453,0.00117731839920491,3.08050664810809E-16));
#2566=DIRECTION('center_axis',(3.07046055247895E-16,8.53483950180589E-16,
-1.));
#2567=DIRECTION('ref_axis',(-1.,1.66533453693773E-15,0.));
#2568=DIRECTION('center_axis',(-3.07046055247895E-16,-8.53483950180589E-16,
1.));
#2569=DIRECTION('ref_axis',(-0.147857624347409,-0.989008656646816,-8.8950211533192E-16));
#2570=DIRECTION('center_axis',(3.07046055247895E-16,8.53483950180589E-16,
-1.));
#2571=DIRECTION('ref_axis',(0.00117731839920417,-0.999999306960453,-8.53121867712212E-16));
#2572=DIRECTION('',(3.07046055247895E-16,8.53483950180589E-16,-1.));
#2573=DIRECTION('center_axis',(3.07046055247895E-16,8.53483950180589E-16,
-1.));
#2574=DIRECTION('ref_axis',(-0.147857624347409,-0.989008656646816,-8.8950211533192E-16));
#2575=DIRECTION('',(-3.07046055247895E-16,-8.53483950180589E-16,1.));
#2576=DIRECTION('center_axis',(-1.70696790036117E-15,-1.,-8.53483950180589E-16));
#2577=DIRECTION('ref_axis',(0.707106781186547,-6.03504288806568E-16,-0.707106781186548));
#2578=DIRECTION('',(-1.70696790036117E-15,-1.,-8.53483950180589E-16));
#2579=DIRECTION('center_axis',(1.70696790036117E-15,1.,8.53483950180589E-16));
#2580=DIRECTION('ref_axis',(1.,-1.70696790036117E-15,3.07046055247893E-16));
#2581=DIRECTION('',(1.70696790036117E-15,1.,8.53483950180589E-16));
#2582=DIRECTION('center_axis',(-3.07046055247895E-16,-8.53483950180589E-16,
1.));
#2583=DIRECTION('ref_axis',(-0.9985154920569,-0.0544684507065067,0.));
#2584=DIRECTION('center_axis',(3.07046055247895E-16,8.53483950180589E-16,
-1.));
#2585=DIRECTION('ref_axis',(-0.9985154920569,-0.0544684507065063,-3.53078191409187E-16));
#2586=DIRECTION('center_axis',(-0.5918228890997,-0.806068029348444,-8.69683009306068E-16));
#2587=DIRECTION('ref_axis',(3.07046055247895E-16,8.53483950180589E-16,-1.));
#2588=DIRECTION('center_axis',(-3.07046055247895E-16,-8.53483950180589E-16,
1.));
#2589=DIRECTION('ref_axis',(-0.9985154920569,-0.0544684507065063,-3.53078191409187E-16));
#2590=DIRECTION('center_axis',(0.5918228890997,0.806068029348444,8.69683009306068E-16));
#2591=DIRECTION('ref_axis',(0.569976169649962,-0.41848197814381,-0.707106781186549));
#2592=DIRECTION('center_axis',(-0.591822889099701,-0.806068029348443,-8.69683009306068E-16));
#2593=DIRECTION('ref_axis',(3.07046055247895E-16,8.53483950180589E-16,-1.));
#2594=DIRECTION('',(-0.591822889099699,-0.806068029348444,-8.69683009306068E-16));
#2595=DIRECTION('',(0.591822889099699,0.806068029348444,8.69683009306068E-16));
#2596=DIRECTION('center_axis',(1.59275370670287E-13,-1.,-8.5348395018054E-16));
#2597=DIRECTION('ref_axis',(3.07046055247895E-16,8.53483950180589E-16,-1.));
#2598=DIRECTION('center_axis',(3.07046055247895E-16,8.53483950180589E-16,
-1.));
#2599=DIRECTION('ref_axis',(0.950281018790899,-0.31139361799133,2.60105830524304E-17));
#2600=DIRECTION('center_axis',(-3.07046055247895E-16,-8.53483950180589E-16,
1.));
#2601=DIRECTION('ref_axis',(0.950281018790899,-0.31139361799133,2.60105830524304E-17));
#2602=DIRECTION('center_axis',(-1.59349385538595E-13,1.,8.5348395018054E-16));
#2603=DIRECTION('ref_axis',(0.707106781186548,1.13228198965767E-13,-0.707106781186547));
#2604=DIRECTION('center_axis',(1.59275370670286E-13,-1.,-8.5348395018054E-16));
#2605=DIRECTION('ref_axis',(3.07046055247895E-16,8.53483950180589E-16,-1.));
#2606=DIRECTION('',(1.59349385538595E-13,-1.,-8.5348395018054E-16));
#2607=DIRECTION('',(-1.59349385538595E-13,1.,8.5348395018054E-16));
#2608=DIRECTION('center_axis',(0.554699215611539,-0.832050948079469,-5.39823923915745E-16));
#2609=DIRECTION('ref_axis',(3.07046055247895E-16,8.53483950180589E-16,-1.));
#2610=DIRECTION('center_axis',(3.07046055247895E-16,8.53483950180589E-16,
-1.));
#2611=DIRECTION('ref_axis',(0.957092197251493,0.289783584697804,5.41197022239984E-16));
#2612=DIRECTION('center_axis',(-3.07046055247895E-16,-8.53483950180589E-16,
1.));
#2613=DIRECTION('ref_axis',(0.957092197251493,0.289783584697804,5.41197022239984E-16));
#2614=DIRECTION('center_axis',(-0.554699215611539,0.83205094807947,5.39823923915745E-16));
#2615=DIRECTION('ref_axis',(0.588348867679689,0.392231576877779,-0.707106781186547));
#2616=DIRECTION('center_axis',(0.554699215611537,-0.83205094807947,-5.39823923915747E-16));
#2617=DIRECTION('ref_axis',(3.07046055247895E-16,8.53483950180589E-16,-1.));
#2618=DIRECTION('',(0.554699215611538,-0.832050948079469,-5.39823923915745E-16));
#2619=DIRECTION('',(-0.554699215611538,0.832050948079469,5.39823923915745E-16));
#2620=DIRECTION('center_axis',(1.,1.58165147645662E-13,3.0704605524803E-16));
#2621=DIRECTION('ref_axis',(3.07046055247895E-16,8.53483950180589E-16,-1.));
#2622=DIRECTION('center_axis',(3.07046055247895E-16,8.53483950180589E-16,
-1.));
#2623=DIRECTION('ref_axis',(0.471858445080901,0.881674320713627,8.97377156212949E-16));
#2624=DIRECTION('center_axis',(-3.07046055247895E-16,-8.53483950180589E-16,
1.));
#2625=DIRECTION('ref_axis',(0.471858445080901,0.881674320713627,8.97377156212949E-16));
#2626=DIRECTION('center_axis',(-1.,-1.5899781491413E-13,-3.0704605524803E-16));
#2627=DIRECTION('ref_axis',(-1.11622534099816E-13,0.707106781186548,-0.707106781186547));
#2628=DIRECTION('center_axis',(1.,1.58165147645661E-13,3.0704605524803E-16));
#2629=DIRECTION('ref_axis',(3.07046055247895E-16,8.53483950180589E-16,-1.));
#2630=DIRECTION('',(1.,1.5899781491413E-13,3.0704605524803E-16));
#2631=DIRECTION('',(-1.,-1.5899781491413E-13,-3.0704605524803E-16));
#2632=DIRECTION('center_axis',(0.591568029724109,0.806255087555009,8.69764406917203E-16));
#2633=DIRECTION('ref_axis',(3.07046055247895E-16,8.53483950180589E-16,-1.));
#2634=DIRECTION('center_axis',(3.07046055247895E-16,8.53483950180589E-16,
-1.));
#2635=DIRECTION('ref_axis',(-0.451902627938819,0.892067270368098,6.22610178475808E-16));
#2636=DIRECTION('center_axis',(-3.07046055247895E-16,-8.53483950180589E-16,
1.));
#2637=DIRECTION('ref_axis',(-0.451902627938819,0.892067270368098,6.22610178475808E-16));
#2638=DIRECTION('center_axis',(0.591568029724108,0.80625508755501,8.69764406917203E-16));
#2639=DIRECTION('ref_axis',(-0.570108439776302,0.418301765351082,-0.707106781186547));
#2640=DIRECTION('center_axis',(0.591568029724107,0.806255087555011,8.69764406917204E-16));
#2641=DIRECTION('ref_axis',(3.07046055247895E-16,8.53483950180589E-16,-1.));
#2642=DIRECTION('',(0.591568029724107,0.80625508755501,8.69764406917203E-16));
#2643=DIRECTION('',(-0.591568029724107,-0.80625508755501,-8.69764406917203E-16));
#2644=DIRECTION('center_axis',(3.07046055247895E-16,8.53483950180589E-16,
-1.));
#2645=DIRECTION('ref_axis',(-1.,1.77635683940025E-15,0.));
#2646=DIRECTION('center_axis',(0.999999306960453,0.00117731839920417,3.08050664810809E-16));
#2647=DIRECTION('ref_axis',(3.07046055247895E-16,8.53483950180589E-16,-1.));
#2648=DIRECTION('center_axis',(3.07046055247895E-16,8.53483950180589E-16,
-1.));
#2649=DIRECTION('ref_axis',(0.452427673338492,-0.891801099123296,-6.22221792471574E-16));
#2650=DIRECTION('center_axis',(0.999999306960453,0.00117731839920501,3.0805066481081E-16));
#2651=DIRECTION('ref_axis',(-0.00083248982369274,0.707106291133585,-0.707106781186547));
#2652=DIRECTION('center_axis',(0.999999306960453,0.00117731839920417,3.08050664810809E-16));
#2653=DIRECTION('ref_axis',(3.07046055247895E-16,8.53483950180589E-16,-1.));
#2654=DIRECTION('',(-0.999999306960453,-0.00117731839920501,-3.0805066481081E-16));
#2655=DIRECTION('center_axis',(-3.07046055247895E-16,-8.53483950180589E-16,
1.));
#2656=DIRECTION('ref_axis',(-0.0248436481190844,0.99969134894133,8.45592377302876E-16));
#2657=DIRECTION('center_axis',(-3.07046055247895E-16,-8.53483950180589E-16,
1.));
#2658=DIRECTION('ref_axis',(-0.147857624347409,-0.989008656646817,-8.8950211533192E-16));
#2659=DIRECTION('center_axis',(-0.999999306960453,-0.00117731839920417,
-3.08050664810809E-16));
#2660=DIRECTION('ref_axis',(3.07046055247895E-16,8.53483950180589E-16,-1.));
#2661=DIRECTION('center_axis',(0.999999306960453,0.00117731839920491,3.08050664810809E-16));
#2662=DIRECTION('ref_axis',(0.000832489823693174,-0.707106291133584,-0.707106781186548));
#2663=DIRECTION('center_axis',(-0.999999306960453,-0.00117731839920417,
-3.08050664810809E-16));
#2664=DIRECTION('ref_axis',(3.07046055247895E-16,8.53483950180589E-16,-1.));
#2665=DIRECTION('',(-0.999999306960453,-0.00117731839920491,-3.08050664810809E-16));
#2666=DIRECTION('',(0.999999306960453,0.00117731839920491,3.08050664810809E-16));
#2667=DIRECTION('center_axis',(3.07046055247895E-16,8.53483950180589E-16,
-1.));
#2668=DIRECTION('ref_axis',(-1.,1.77635683940025E-15,0.));
#2669=DIRECTION('center_axis',(-0.707106781186544,0.707106781186551,3.86389941004214E-16));
#2670=DIRECTION('ref_axis',(3.07046055247895E-16,8.53483950180589E-16,-1.));
#2671=DIRECTION('center_axis',(-3.07046055247895E-16,-8.53483950180589E-16,
1.));
#2672=DIRECTION('ref_axis',(0.382139515781032,0.924104642602037,9.06042911623114E-16));
#2673=DIRECTION('center_axis',(3.07046055247895E-16,8.53483950180589E-16,
-1.));
#2674=DIRECTION('ref_axis',(0.382139515781032,0.924104642602037,9.06042911623114E-16));
#2675=DIRECTION('center_axis',(0.707106781186545,-0.70710678118655,-3.86389941004213E-16));
#2676=DIRECTION('ref_axis',(-0.5,-0.499999999999999,-0.707106781186549));
#2677=DIRECTION('center_axis',(-0.707106781186543,0.707106781186552,3.86389941004215E-16));
#2678=DIRECTION('ref_axis',(3.07046055247895E-16,8.53483950180589E-16,-1.));
#2679=DIRECTION('',(-0.707106781186545,0.70710678118655,3.86389941004213E-16));
#2680=DIRECTION('',(0.707106781186545,-0.70710678118655,-3.86389941004213E-16));
#2681=DIRECTION('center_axis',(-1.,1.70696790036117E-15,-3.07046055247893E-16));
#2682=DIRECTION('ref_axis',(3.07046055247895E-16,8.53483950180589E-16,-1.));
#2683=DIRECTION('center_axis',(3.07046055247895E-16,8.53483950180589E-16,
-1.));
#2684=DIRECTION('ref_axis',(-0.382683432365091,-0.923879532511286,-9.06017791215154E-16));
#2685=DIRECTION('center_axis',(-3.07046055247895E-16,-8.53483950180589E-16,
1.));
#2686=DIRECTION('ref_axis',(-0.382683432365091,-0.923879532511286,-9.06017791215154E-16));
#2687=DIRECTION('center_axis',(1.,-1.70696790036117E-15,3.07046055247893E-16));
#2688=DIRECTION('ref_axis',(-9.89894229810782E-16,-0.707106781186547,-0.707106781186548));
#2689=DIRECTION('center_axis',(-1.,1.70696790036117E-15,-3.07046055247893E-16));
#2690=DIRECTION('ref_axis',(3.07046055247895E-16,8.53483950180589E-16,-1.));
#2691=DIRECTION('',(-1.,1.70696790036117E-15,-3.07046055247893E-16));
#2692=DIRECTION('',(1.,-1.70696790036117E-15,3.07046055247893E-16));
#2693=DIRECTION('center_axis',(3.07046055247895E-16,8.53483950180589E-16,
-1.));
#2694=DIRECTION('ref_axis',(-1.,1.77635683940025E-15,0.));
#2695=DIRECTION('center_axis',(3.92741394961148E-15,1.,8.5348395018059E-16));
#2696=DIRECTION('ref_axis',(3.07046055247895E-16,8.53483950180589E-16,-1.));
#2697=DIRECTION('center_axis',(-3.07046055247895E-16,-8.53483950180589E-16,
1.));
#2698=DIRECTION('ref_axis',(0.707106781186549,0.707106781186546,8.20618636608941E-16));
#2699=DIRECTION('center_axis',(3.07046055247895E-16,8.53483950180589E-16,
-1.));
#2700=DIRECTION('ref_axis',(0.707106781186549,0.707106781186546,8.20618636608941E-16));
#2701=DIRECTION('center_axis',(-1.70696790036117E-15,-1.,-8.53483950180589E-16));
#2702=DIRECTION('ref_axis',(-0.707106781186549,1.81051286641972E-15,-0.707106781186546));
#2703=DIRECTION('center_axis',(1.70696790036117E-15,1.,8.53483950180589E-16));
#2704=DIRECTION('ref_axis',(3.07046055247895E-16,8.53483950180589E-16,-1.));
#2705=DIRECTION('',(1.70696790036117E-15,1.,8.53483950180589E-16));
#2706=DIRECTION('',(-1.70696790036117E-15,-1.,-8.53483950180589E-16));
#2707=DIRECTION('center_axis',(1.,-1.70696790036117E-15,3.07046055247893E-16));
#2708=DIRECTION('ref_axis',(0.,8.88178419700125E-16,-1.));
#2709=DIRECTION('center_axis',(3.07046055247895E-16,8.53483950180589E-16,
-1.));
#2710=DIRECTION('ref_axis',(-1.70696790036117E-15,-1.,-8.53483950180589E-16));
#2711=DIRECTION('center_axis',(1.,-1.70696790036117E-15,3.07046055247893E-16));
#2712=DIRECTION('ref_axis',(-9.89894229810781E-16,-0.707106781186547,-0.707106781186548));
#2713=DIRECTION('center_axis',(-1.,1.70696790036117E-15,-3.07046055247893E-16));
#2714=DIRECTION('ref_axis',(-9.89894229810781E-16,-0.707106781186547,-0.707106781186548));
#2715=DIRECTION('center_axis',(3.07046055247895E-16,8.53483950180589E-16,
-1.));
#2716=DIRECTION('ref_axis',(-0.707106781186549,-0.707106781186546,-8.20618636608941E-16));
#2717=DIRECTION('center_axis',(3.07046055247895E-16,8.53483950180589E-16,
-1.));
#2718=DIRECTION('ref_axis',(-1.70696790036117E-15,-1.,-8.53483950180589E-16));
#2719=DIRECTION('',(3.07046055247895E-16,8.53483950180589E-16,-1.));
#2720=DIRECTION('',(-3.07046055247895E-16,-8.53483950180589E-16,1.));
#2721=DIRECTION('center_axis',(1.,-1.70696790036117E-15,3.07046055247893E-16));
#2722=DIRECTION('ref_axis',(0.,8.88178419700125E-16,-1.));
#2723=DIRECTION('center_axis',(-1.70696790036117E-15,-1.,-8.53483950180589E-16));
#2724=DIRECTION('ref_axis',(-3.07046055247895E-16,-8.53483950180589E-16,
1.));
#2725=DIRECTION('center_axis',(1.,-1.70696790036117E-15,3.07046055247893E-16));
#2726=DIRECTION('ref_axis',(-1.42412292541551E-15,-0.707106781186548,0.707106781186547));
#2727=DIRECTION('center_axis',(-1.,1.70696790036117E-15,-3.07046055247893E-16));
#2728=DIRECTION('ref_axis',(-1.42412292541551E-15,-0.707106781186548,0.707106781186547));
#2729=DIRECTION('center_axis',(-1.70696790036117E-15,-1.,-8.53483950180589E-16));
#2730=DIRECTION('ref_axis',(-0.707106781186549,6.03504288806576E-16,0.707106781186546));
#2731=DIRECTION('center_axis',(-1.70696790036117E-15,-1.,-8.53483950180589E-16));
#2732=DIRECTION('ref_axis',(-3.07046055247895E-16,-8.53483950180589E-16,
1.));
#2733=DIRECTION('',(-1.70696790036117E-15,-1.,-8.53483950180589E-16));
#2734=DIRECTION('',(1.70696790036117E-15,1.,8.53483950180589E-16));
#2735=DIRECTION('center_axis',(-1.49042482182818E-15,-0.755241148262154,
0.655447029111936));
#2736=DIRECTION('ref_axis',(8.86933223746386E-16,0.655447029111936,0.755241148262154));
#2737=DIRECTION('center_axis',(1.,-1.70696790036117E-15,3.07046055247893E-16));
#2738=DIRECTION('ref_axis',(3.09499609470569E-16,0.349827708835252,0.936814055259142));
#2739=DIRECTION('center_axis',(-1.,1.70696790036117E-15,-3.07046055247893E-16));
#2740=DIRECTION('ref_axis',(3.09499609470569E-16,0.349827708835252,0.936814055259142));
#2741=DIRECTION('center_axis',(1.49042482182818E-15,0.755241148262155,-0.655447029111935));
#2742=DIRECTION('ref_axis',(-0.707106781186549,0.463471038993625,0.534036137367284));
#2743=DIRECTION('center_axis',(-1.70696790036117E-15,-1.,-8.53483950180589E-16));
#2744=DIRECTION('ref_axis',(-9.74245272616485E-17,-8.53483950180589E-16,
1.));
#2745=DIRECTION('',(-1.49042482182818E-15,-0.755241148262155,0.655447029111935));
#2746=DIRECTION('',(1.49042482182818E-15,0.755241148262155,-0.655447029111935));
#2747=DIRECTION('center_axis',(-1.,1.77040921605404E-15,-3.07046055247893E-16));
#2748=DIRECTION('ref_axis',(-9.89894229810781E-16,-0.707106781186547,-0.707106781186548));
#2749=DIRECTION('',(-1.,1.77040921605404E-15,-3.07046055247893E-16));
#2750=DIRECTION('center_axis',(1.,-1.70696790036117E-15,3.07046055247893E-16));
#2751=DIRECTION('ref_axis',(-1.70696790036117E-15,-1.,-9.92261828258734E-16));
#2752=DIRECTION('',(1.,-1.77040921605404E-15,3.07046055247893E-16));
#2753=DIRECTION('center_axis',(-3.07046055247895E-16,-8.53483950180589E-16,
1.));
#2754=DIRECTION('ref_axis',(1.,-1.70974345792274E-15,0.));
#2755=DIRECTION('center_axis',(-1.42941214420488E-15,-1.,-8.53483950180589E-16));
#2756=DIRECTION('ref_axis',(-1.,1.42941214420488E-15,-3.07046055247894E-16));
#2757=DIRECTION('center_axis',(-3.07046055247895E-16,-8.53483950180589E-16,
1.));
#2758=DIRECTION('ref_axis',(-0.707106781186548,-0.707106781186547,-8.20618636608941E-16));
#2759=DIRECTION('center_axis',(3.07046055247895E-16,8.53483950180589E-16,
-1.));
#2760=DIRECTION('ref_axis',(-0.707106781186548,-0.707106781186547,-8.20618636608941E-16));
#2761=DIRECTION('center_axis',(1.70696790036117E-15,1.,8.53483950180589E-16));
#2762=DIRECTION('ref_axis',(-0.707106781186546,1.81051286641972E-15,-0.707106781186549));
#2763=DIRECTION('center_axis',(-1.70696790036117E-15,-1.,-8.53483950180589E-16));
#2764=DIRECTION('ref_axis',(-1.,1.70696790036117E-15,-3.07046055247893E-16));
#2765=DIRECTION('',(-1.70696790036117E-15,-1.,-8.53483950180589E-16));
#2766=DIRECTION('',(1.70696790036117E-15,1.,8.53483950180589E-16));
#2767=DIRECTION('center_axis',(-3.07046055247895E-16,-8.53483950180589E-16,
1.));
#2768=DIRECTION('ref_axis',(1.,-1.77635683940025E-15,0.));
#2769=DIRECTION('center_axis',(-1.,1.70696790036117E-15,-3.07046055247893E-16));
#2770=DIRECTION('ref_axis',(1.70696790036117E-15,1.,8.53483950180589E-16));
#2771=DIRECTION('center_axis',(-3.07046055247895E-16,-8.53483950180589E-16,
1.));
#2772=DIRECTION('ref_axis',(-0.707106781186546,0.707106781186549,3.86389941004212E-16));
#2773=DIRECTION('center_axis',(1.,-1.7386885582076E-15,3.07046055247893E-16));
#2774=DIRECTION('ref_axis',(1.42412292541551E-15,0.707106781186548,-0.707106781186547));
#2775=DIRECTION('',(-1.,1.7386885582076E-15,-3.07046055247893E-16));
#2776=DIRECTION('center_axis',(-1.,1.70696790036117E-15,-3.07046055247893E-16));
#2777=DIRECTION('ref_axis',(0.,-8.88178419700125E-16,1.));
#2778=DIRECTION('center_axis',(3.07046055247895E-16,8.53483950180589E-16,
-1.));
#2779=DIRECTION('ref_axis',(1.,-1.70696790036117E-15,3.07046055247893E-16));
#2780=DIRECTION('center_axis',(1.,-1.70696790036117E-15,3.07046055247893E-16));
#2781=DIRECTION('ref_axis',(-9.89894229810781E-16,-0.707106781186547,-0.707106781186548));
#2782=DIRECTION('center_axis',(-1.,1.70696790036117E-15,-3.07046055247893E-16));
#2783=DIRECTION('ref_axis',(-9.89894229810781E-16,-0.707106781186547,-0.707106781186548));
#2784=DIRECTION('center_axis',(-3.07046055247895E-16,-8.53483950180589E-16,
1.));
#2785=DIRECTION('ref_axis',(0.707106781186543,-0.707106781186552,-3.86389941004215E-16));
#2786=DIRECTION('center_axis',(3.07046055247895E-16,8.53483950180589E-16,
-1.));
#2787=DIRECTION('ref_axis',(1.,-1.70696790036117E-15,3.07046055247893E-16));
#2788=DIRECTION('',(3.07046055247895E-16,8.53483950180589E-16,-1.));
#2789=DIRECTION('',(-3.07046055247895E-16,-8.53483950180589E-16,1.));
#2790=DIRECTION('center_axis',(-1.,1.70696790036117E-15,-3.07046055247893E-16));
#2791=DIRECTION('ref_axis',(0.,-8.88178419700125E-16,1.));
#2792=DIRECTION('center_axis',(-1.70696790036117E-15,-1.,-8.53483950180589E-16));
#2793=DIRECTION('ref_axis',(1.,-1.70696790036117E-15,3.07046055247893E-16));
#2794=DIRECTION('center_axis',(1.,-1.70696790036117E-15,3.07046055247893E-16));
#2795=DIRECTION('ref_axis',(-1.42412292541551E-15,-0.707106781186548,0.707106781186547));
#2796=DIRECTION('center_axis',(-1.,1.70696790036117E-15,-3.07046055247893E-16));
#2797=DIRECTION('ref_axis',(-1.42412292541551E-15,-0.707106781186548,0.707106781186547));
#2798=DIRECTION('center_axis',(-1.70696790036117E-15,-1.,-8.53483950180589E-16));
#2799=DIRECTION('ref_axis',(0.707106781186546,-1.81051286641972E-15,0.707106781186549));
#2800=DIRECTION('center_axis',(-1.70696790036117E-15,-1.,-8.53483950180589E-16));
#2801=DIRECTION('ref_axis',(1.,-1.70696790036117E-15,3.07046055247893E-16));
#2802=DIRECTION('',(-1.70696790036117E-15,-1.,-8.53483950180589E-16));
#2803=DIRECTION('',(1.70696790036117E-15,1.,8.53483950180589E-16));
#2804=DIRECTION('center_axis',(-1.49042482182818E-15,-0.755241148262154,
0.655447029111937));
#2805=DIRECTION('ref_axis',(1.,-1.70696790036117E-15,3.07046055247893E-16));
#2806=DIRECTION('center_axis',(1.,-1.70696790036117E-15,3.07046055247893E-16));
#2807=DIRECTION('ref_axis',(3.09499609470569E-16,0.349827708835252,0.936814055259142));
#2808=DIRECTION('center_axis',(-1.,1.70696790036117E-15,-3.07046055247893E-16));
#2809=DIRECTION('ref_axis',(3.09499609470569E-16,0.349827708835252,0.936814055259142));
#2810=DIRECTION('center_axis',(-1.49042482182818E-15,-0.755241148262155,
0.655447029111935));
#2811=DIRECTION('ref_axis',(0.707106781186547,0.463471038993626,0.534036137367285));
#2812=DIRECTION('center_axis',(-1.70696790036117E-15,-1.,-8.53483950180589E-16));
#2813=DIRECTION('ref_axis',(-5.69072965230703E-16,-8.53483950180589E-16,
1.));
#2814=DIRECTION('',(-1.49042482182818E-15,-0.755241148262155,0.655447029111935));
#2815=DIRECTION('',(1.49042482182818E-15,0.755241148262155,-0.655447029111935));
#2816=DIRECTION('center_axis',(1.,-1.70696790036117E-15,3.07046055247893E-16));
#2817=DIRECTION('ref_axis',(-3.07046055247895E-16,-8.53483950180589E-16,
1.));
#2818=DIRECTION('',(-3.07046055247895E-16,-8.53483950180589E-16,1.));
#2819=DIRECTION('',(1.70696790036117E-15,1.,8.53483950180589E-16));
#2820=DIRECTION('',(3.07046055247895E-16,8.53483950180589E-16,-1.));
#2821=DIRECTION('',(-3.07046055247895E-16,-8.53483950180589E-16,1.));
#2822=DIRECTION('',(1.70696790036117E-15,1.,6.94880660948424E-16));
#2823=DIRECTION('center_axis',(1.,-1.70696790036117E-15,3.07046055247893E-16));
#2824=DIRECTION('ref_axis',(3.07046055247895E-16,8.53483950180589E-16,-1.));
#2825=DIRECTION('',(-1.70696790036117E-15,-1.,-6.94880660948424E-16));
#2826=DIRECTION('center_axis',(1.,-1.70696790036117E-15,3.07046055247893E-16));
#2827=DIRECTION('ref_axis',(-3.07046055247895E-16,-8.53483950180589E-16,
1.));
#2828=DIRECTION('center_axis',(1.,-1.70696790036117E-15,3.07046055247893E-16));
#2829=DIRECTION('ref_axis',(-9.89894229810781E-16,-0.707106781186547,-0.707106781186549));
#2830=DIRECTION('',(-1.,1.70696790036117E-15,-3.07046055247893E-16));
#2831=DIRECTION('',(1.,-1.70696790036117E-15,3.07046055247893E-16));
#2832=DIRECTION('center_axis',(-1.70696790036117E-15,-1.,-8.53483950180589E-16));
#2833=DIRECTION('ref_axis',(3.07046055247895E-16,8.53483950180589E-16,-1.));
#2834=DIRECTION('',(1.,-1.70696790036117E-15,3.07046055247893E-16));
#2835=DIRECTION('center_axis',(3.07046055247895E-16,8.53483950180589E-16,
-1.));
#2836=DIRECTION('ref_axis',(-0.736909481056516,-0.675991432437584,-8.0321298727824E-16));
#2837=DIRECTION('',(-3.07046055247895E-16,-8.53483950180589E-16,1.));
#2838=DIRECTION('center_axis',(3.07046055247895E-16,8.53483950180589E-16,
-1.));
#2839=DIRECTION('ref_axis',(-0.736909481056516,-0.675991432437584,-8.0321298727824E-16));
#2840=DIRECTION('center_axis',(-1.,1.70696790036117E-15,-3.07046055247893E-16));
#2841=DIRECTION('ref_axis',(-1.42412292541551E-15,-0.707106781186548,0.707106781186548));
#2842=DIRECTION('',(-1.,1.70696790036117E-15,-3.07046055247893E-16));
#2843=DIRECTION('center_axis',(0.806068029348444,-0.5918228890997,-2.57611328523216E-16));
#2844=DIRECTION('ref_axis',(0.591822889099699,0.806068029348444,8.69683009306068E-16));
#2845=DIRECTION('',(0.591822889099699,0.806068029348444,8.69683009306068E-16));
#2846=DIRECTION('',(3.07046055247895E-16,8.53483950180589E-16,-1.));
#2847=DIRECTION('center_axis',(-3.07046055247895E-16,-8.53483950180589E-16,
1.));
#2848=DIRECTION('ref_axis',(-1.,1.70696790036117E-15,-3.07046055247893E-16));
#2849=DIRECTION('',(1.,-1.70696790036117E-15,3.07046055247893E-16));
#2850=DIRECTION('center_axis',(-3.07046055247895E-16,-8.53483950180589E-16,
1.));
#2851=DIRECTION('ref_axis',(0.950281018790899,-0.311393617991331,2.60105830524298E-17));
#2852=DIRECTION('',(-3.07046055247895E-16,-8.53483950180589E-16,1.));
#2853=DIRECTION('center_axis',(-1.,1.70696790036117E-15,-3.07046055247893E-16));
#2854=DIRECTION('ref_axis',(3.09499609470571E-16,0.349827708835254,0.936814055259141));
#2855=DIRECTION('',(-1.,1.70696790036117E-15,-3.07046055247893E-16));
#2856=DIRECTION('center_axis',(1.,1.59349385538595E-13,3.07046055248031E-16));
#2857=DIRECTION('ref_axis',(-1.59349385538595E-13,1.,8.5348395018054E-16));
#2858=DIRECTION('',(3.07046055247895E-16,8.53483950180589E-16,-1.));
#2859=DIRECTION('center_axis',(-8.86933223746384E-16,-0.655447029111935,
-0.755241148262155));
#2860=DIRECTION('ref_axis',(-1.49042482182818E-15,-0.755241148262155,0.655447029111935));
#2861=DIRECTION('',(-1.,1.70696790036117E-15,-3.07046055247893E-16));
#2862=DIRECTION('center_axis',(-3.07046055247895E-16,-8.53483950180589E-16,
1.));
#2863=DIRECTION('ref_axis',(0.957092197251493,0.289783584697805,5.41197022239984E-16));
#2864=DIRECTION('',(-3.07046055247895E-16,-8.53483950180589E-16,1.));
#2865=DIRECTION('center_axis',(1.70696790036117E-15,1.,8.53483950180589E-16));
#2866=DIRECTION('ref_axis',(3.07046055247895E-16,8.53483950180589E-16,-1.));
#2867=DIRECTION('',(3.07046055247895E-16,8.53483950180589E-16,-1.));
#2868=DIRECTION('center_axis',(0.83205094807947,0.554699215611539,7.28904839075282E-16));
#2869=DIRECTION('ref_axis',(-0.554699215611538,0.832050948079469,5.39823923915745E-16));
#2870=DIRECTION('',(3.07046055247895E-16,8.53483950180589E-16,-1.));
#2871=DIRECTION('center_axis',(-3.07046055247895E-16,-8.53483950180589E-16,
1.));
#2872=DIRECTION('ref_axis',(0.4718584450809,0.881674320713627,8.97377156212949E-16));
#2873=DIRECTION('',(-3.07046055247895E-16,-8.53483950180589E-16,1.));
#2874=DIRECTION('center_axis',(-1.5899781491413E-13,1.,8.5348395018054E-16));
#2875=DIRECTION('ref_axis',(-1.,-1.5899781491413E-13,-3.0704605524803E-16));
#2876=DIRECTION('',(3.07046055247895E-16,8.53483950180589E-16,-1.));
#2877=DIRECTION('center_axis',(-3.07046055247895E-16,-8.53483950180589E-16,
1.));
#2878=DIRECTION('ref_axis',(-0.451902627938818,0.892067270368099,6.22610178475809E-16));
#2879=DIRECTION('',(-3.07046055247895E-16,-8.53483950180589E-16,1.));
#2880=DIRECTION('center_axis',(-0.80625508755501,0.591568029724108,2.57336374652167E-16));
#2881=DIRECTION('ref_axis',(-0.591568029724107,-0.80625508755501,-8.69764406917203E-16));
#2882=DIRECTION('center_axis',(-1.,1.70696790036117E-15,-3.07046055247893E-16));
#2883=DIRECTION('ref_axis',(1.70696790036117E-15,1.,8.53483950180589E-16));
#2884=DIRECTION('',(3.07046055247895E-16,8.53483950180589E-16,-1.));
#2885=DIRECTION('center_axis',(3.07046055247895E-16,8.53483950180589E-16,
-1.));
#2886=DIRECTION('ref_axis',(-0.707106781186549,-0.707106781186546,-8.20618636608941E-16));
#2887=DIRECTION('',(-3.07046055247895E-16,-8.53483950180589E-16,1.));
#2888=DIRECTION('center_axis',(-1.77040921605404E-15,-1.,-8.53483950180589E-16));
#2889=DIRECTION('ref_axis',(1.,-1.77040921605404E-15,3.07046055247893E-16));
#2890=DIRECTION('center_axis',(-1.,1.70696790036117E-15,-3.07046055247893E-16));
#2891=DIRECTION('ref_axis',(1.70696790036117E-15,1.,8.53483950180589E-16));
#2892=DIRECTION('',(3.07046055247895E-16,8.53483950180589E-16,-1.));
#2893=DIRECTION('',(1.70696790036117E-15,1.,8.53483950180589E-16));
#2894=DIRECTION('',(3.07046055247895E-16,8.53483950180589E-16,-1.));
#2895=DIRECTION('center_axis',(-3.07046055247895E-16,-8.53483950180589E-16,
1.));
#2896=DIRECTION('ref_axis',(1.,-1.70696790036117E-15,3.07046055247893E-16));
#2897=DIRECTION('center_axis',(-3.07046055247895E-16,-8.53483950180589E-16,
1.));
#2898=DIRECTION('ref_axis',(-1.,1.70696790036117E-15,-3.07046055247893E-16));
#2899=DIRECTION('center_axis',(3.07046055247895E-16,8.53483950180589E-16,
-1.));
#2900=DIRECTION('ref_axis',(-1.70696790036117E-15,-1.,-8.53483950180589E-16));
#2901=DIRECTION('center_axis',(-3.07046055247895E-16,-8.53483950180589E-16,
1.));
#2902=DIRECTION('ref_axis',(-1.,1.70696790036117E-15,-3.07046055247893E-16));
#2903=DIRECTION('center_axis',(-3.07046055247895E-16,-8.53483950180589E-16,
1.));
#2904=DIRECTION('ref_axis',(-1.,1.70696790036117E-15,-3.07046055247893E-16));
#2905=DIRECTION('center_axis',(3.07046055247895E-16,8.53483950180589E-16,
-1.));
#2906=DIRECTION('ref_axis',(-1.,1.70696790036117E-15,-3.07046055247893E-16));
#2907=DIRECTION('',(3.07046055247895E-16,8.53483950180589E-16,-1.));
#2908=DIRECTION('center_axis',(3.07046055247895E-16,8.53483950180589E-16,
-1.));
#2909=DIRECTION('ref_axis',(-1.,1.70696790036117E-15,-3.07046055247893E-16));
#2910=DIRECTION('center_axis',(-3.07046055247895E-16,-8.53483950180589E-16,
1.));
#2911=DIRECTION('ref_axis',(-1.,1.70696790036117E-15,-3.07046055247893E-16));
#2912=DIRECTION('center_axis',(-3.07046055247895E-16,-8.53483950180589E-16,
1.));
#2913=DIRECTION('ref_axis',(-1.,1.70696790036117E-15,-3.07046055247893E-16));
#2914=DIRECTION('',(3.07046055247895E-16,8.53483950180589E-16,-1.));
#2915=DIRECTION('center_axis',(-3.07046055247895E-16,-8.53483950180589E-16,
1.));
#2916=DIRECTION('ref_axis',(-1.,1.70696790036117E-15,-3.07046055247893E-16));
#2917=DIRECTION('center_axis',(-1.,1.70696790036117E-15,-3.07046055247893E-16));
#2918=DIRECTION('ref_axis',(-1.70696790036117E-15,-1.,-8.53483950180589E-16));
#2919=DIRECTION('',(1.70696790036117E-15,1.,8.53483950180589E-16));
#2920=DIRECTION('',(3.07046055247895E-16,8.53483950180589E-16,-1.));
#2921=DIRECTION('',(-3.07046055247895E-16,-8.53483950180589E-16,1.));
#2922=DIRECTION('center_axis',(1.75523846664922E-15,1.,8.53483950180589E-16));
#2923=DIRECTION('ref_axis',(-1.,1.75523846664922E-15,-3.07046055247893E-16));
#2924=DIRECTION('',(-1.,1.70696790036117E-15,-3.07046055247893E-16));
#2925=DIRECTION('center_axis',(-3.07046055247895E-16,-8.53483950180589E-16,
1.));
#2926=DIRECTION('ref_axis',(-1.,1.70696790036117E-15,-3.07046055247893E-16));
#2927=DIRECTION('center_axis',(-3.07046055247895E-16,-8.53483950180589E-16,
1.));
#2928=DIRECTION('ref_axis',(0.707106781186549,0.707106781186546,8.20618636608941E-16));
#2929=DIRECTION('',(3.07046055247895E-16,8.53483950180589E-16,-1.));
#2930=DIRECTION('',(-3.07046055247895E-16,-8.53483950180589E-16,1.));
#2931=DIRECTION('center_axis',(-1.70696790036117E-15,-1.,-8.53483950180589E-16));
#2932=DIRECTION('ref_axis',(1.,-1.70696790036117E-15,3.07046055247893E-16));
#2933=DIRECTION('',(-3.07046055247895E-16,-8.53483950180589E-16,1.));
#2934=DIRECTION('center_axis',(-3.07046055247895E-16,-8.53483950180589E-16,
1.));
#2935=DIRECTION('ref_axis',(-0.382683432365093,-0.923879532511285,-9.06017791215154E-16));
#2936=DIRECTION('',(3.07046055247895E-16,8.53483950180589E-16,-1.));
#2937=DIRECTION('center_axis',(-0.70710678118655,-0.707106781186545,-8.2061863660894E-16));
#2938=DIRECTION('ref_axis',(0.707106781186545,-0.70710678118655,-3.86389941004213E-16));
#2939=DIRECTION('',(-3.07046055247895E-16,-8.53483950180589E-16,1.));
#2940=DIRECTION('center_axis',(-3.07046055247895E-16,-8.53483950180589E-16,
1.));
#2941=DIRECTION('ref_axis',(0.382139515781034,0.924104642602036,9.06042911623114E-16));
#2942=DIRECTION('',(3.07046055247895E-16,8.53483950180589E-16,-1.));
#2943=DIRECTION('center_axis',(-1.,1.70696790036117E-15,-3.07046055247893E-16));
#2944=DIRECTION('ref_axis',(3.07046055247895E-16,8.53483950180589E-16,-1.));
#2945=DIRECTION('center_axis',(1.,-1.70696790036117E-15,3.07046055247893E-16));
#2946=DIRECTION('ref_axis',(-1.70696790036117E-15,-1.,-8.53483950180589E-16));
#2947=DIRECTION('center_axis',(1.,-1.70696790036117E-15,3.07046055247893E-16));
#2948=DIRECTION('ref_axis',(-1.70696790036117E-15,-1.,-8.53483950180589E-16));
#2949=DIRECTION('center_axis',(1.,-1.70696790036117E-15,3.07046055247893E-16));
#2950=DIRECTION('ref_axis',(-1.70696790036117E-15,-1.,-8.53483950180589E-16));
#2951=DIRECTION('center_axis',(1.,-1.70696790036117E-15,3.07046055247893E-16));
#2952=DIRECTION('ref_axis',(3.07046055247895E-16,8.53483950180589E-16,-1.));
#2953=DIRECTION('',(-1.,1.70696790036117E-15,-3.07046055247893E-16));
#2954=DIRECTION('center_axis',(1.,-1.70696790036117E-15,3.07046055247893E-16));
#2955=DIRECTION('ref_axis',(3.07046055247895E-16,8.53483950180589E-16,-1.));
#2956=DIRECTION('',(1.,-1.70696790036117E-15,3.07046055247893E-16));
#2957=DIRECTION('center_axis',(3.07046055247895E-16,6.94880660948424E-16,
-1.));
#2958=DIRECTION('ref_axis',(-1.70696790036117E-15,-1.,-6.94880660948424E-16));
#2959=DIRECTION('',(-1.70696790036117E-15,-1.,-6.94880660948424E-16));
#2960=DIRECTION('',(-1.,1.70696790036117E-15,-3.07046055247893E-16));
#2961=DIRECTION('center_axis',(1.,-1.70696790036117E-15,3.07046055247893E-16));
#2962=DIRECTION('ref_axis',(1.70696790036117E-15,1.,8.53483950180589E-16));
#2963=DIRECTION('',(1.70696790036117E-15,1.,6.94880660948424E-16));
#2964=DIRECTION('center_axis',(1.,-1.70696790036117E-15,3.07046055247893E-16));
#2965=DIRECTION('ref_axis',(-3.07046055247895E-16,-8.53483950180589E-16,
1.));
#2966=DIRECTION('center_axis',(1.,-1.70696790036117E-15,3.07046055247893E-16));
#2967=DIRECTION('ref_axis',(-1.70696790036117E-15,-1.,-8.53483950180589E-16));
#2968=DIRECTION('center_axis',(1.,-1.70696790036117E-15,3.07046055247893E-16));
#2969=DIRECTION('ref_axis',(-1.70696790036117E-15,-1.,-8.53483950180589E-16));
#2970=DIRECTION('center_axis',(1.,-1.70696790036117E-15,3.07046055247893E-16));
#2971=DIRECTION('ref_axis',(-1.70696790036117E-15,-1.,-8.53483950180589E-16));
#2972=DIRECTION('center_axis',(-3.07046055247895E-16,-6.94880660948424E-16,
1.));
#2973=DIRECTION('ref_axis',(1.70696790036117E-15,1.,6.94880660948424E-16));
#2974=DIRECTION('',(1.,-1.70696790036117E-15,3.07046055247893E-16));
#2975=DIRECTION('center_axis',(1.,-1.70696790036117E-15,3.07046055247893E-16));
#2976=DIRECTION('ref_axis',(-3.07046055247895E-16,-8.53483950180589E-16,
1.));
#2977=DIRECTION('center_axis',(3.07046055247895E-16,8.53483950180589E-16,
-1.));
#2978=DIRECTION('ref_axis',(-1.70696790036117E-15,-1.,-8.53483950180589E-16));
#2979=DIRECTION('center_axis',(1.,-1.70696790036117E-15,3.07046055247893E-16));
#2980=DIRECTION('ref_axis',(-1.70696790036117E-15,-1.,-8.53483950180589E-16));
#2981=DIRECTION('',(1.,-1.70696790036117E-15,3.07046055247893E-16));
#2982=DIRECTION('center_axis',(1.,-1.70696790036117E-15,3.07046055247893E-16));
#2983=DIRECTION('ref_axis',(-1.70696790036117E-15,-1.,-8.53483950180589E-16));
#2984=DIRECTION('',(1.,-1.70696790036117E-15,3.07046055247893E-16));
#2985=DIRECTION('center_axis',(1.,-1.70696790036117E-15,3.07046055247893E-16));
#2986=DIRECTION('ref_axis',(-1.70696790036117E-15,-1.,-8.53483950180589E-16));
#2987=DIRECTION('',(1.,-1.70696790036117E-15,3.07046055247893E-16));
#2988=DIRECTION('center_axis',(0.00117731839920491,-0.999999306960453,-8.53121867712212E-16));
#2989=DIRECTION('ref_axis',(0.999999306960453,0.00117731839920491,3.08050664810809E-16));
#2990=DIRECTION('center_axis',(-3.07046055247895E-16,-8.53483950180589E-16,
1.));
#2991=DIRECTION('ref_axis',(-1.,1.70696790036117E-15,-3.07046055247893E-16));
#2992=DIRECTION('',(1.,-1.65869733407312E-15,3.07046055247893E-16));
#2993=DIRECTION('center_axis',(-3.07046055247895E-16,-8.53483950180589E-16,
1.));
#2994=DIRECTION('ref_axis',(1.70696790036117E-15,1.,8.53483950180589E-16));
#2995=DIRECTION('center_axis',(-1.65869733407312E-15,-1.,-8.53483950180589E-16));
#2996=DIRECTION('ref_axis',(1.,-1.65869733407312E-15,3.07046055247893E-16));
#2997=DIRECTION('center_axis',(3.07046055247895E-16,8.53483950180589E-16,
-1.));
#2998=DIRECTION('ref_axis',(1.70696790036117E-15,1.,8.53483950180589E-16));
#2999=DIRECTION('',(-3.07046055247895E-16,-8.53483950180589E-16,1.));
#3000=DIRECTION('center_axis',(3.07046055247895E-16,8.53483950180589E-16,
-1.));
#3001=DIRECTION('ref_axis',(-1.,1.70696790036117E-15,-3.07046055247893E-16));
#3002=DIRECTION('',(3.07046055247895E-16,8.53483950180589E-16,-1.));
#3003=DIRECTION('center_axis',(3.07046055247895E-16,8.53483950180589E-16,
-1.));
#3004=DIRECTION('ref_axis',(-1.,1.70696790036117E-15,-3.07046055247893E-16));
#3005=DIRECTION('',(3.07046055247895E-16,8.53483950180589E-16,-1.));
#3006=DIRECTION('center_axis',(3.07046055247895E-16,8.53483950180589E-16,
-1.));
#3007=DIRECTION('ref_axis',(-1.,1.70696790036117E-15,-3.07046055247893E-16));
#3008=DIRECTION('',(3.07046055247895E-16,8.53483950180589E-16,-1.));
#3009=CARTESIAN_POINT('',(0.,0.,0.));
#3010=CARTESIAN_POINT('Origin',(76.5114183771679,-0.828350834835743,64.1912143890015));
#3011=CARTESIAN_POINT('',(76.5114183771679,13.3359193002535,64.8912143890015));
#3012=CARTESIAN_POINT('',(76.5114183771679,-5.08310754653214,64.8912143890015));
#3013=CARTESIAN_POINT('',(76.5114183771679,-0.828350834835743,64.8912143890015));
#3014=CARTESIAN_POINT('',(77.2114183771679,-5.78310754653215,64.1912143890015));
#3015=CARTESIAN_POINT('Origin',(76.5114183771679,-5.08310754653214,64.1912143890015));
#3016=CARTESIAN_POINT('',(77.2114183771679,14.0359193002535,64.1912143890015));
#3017=CARTESIAN_POINT('',(77.2114183771679,-0.828350834835744,64.1912143890015));
#3018=CARTESIAN_POINT('Origin',(76.5114183771679,13.3359193002535,64.1912143890015));
#3019=CARTESIAN_POINT('Origin',(68.461418377168,13.3359193002535,64.1912143890015));
#3020=CARTESIAN_POINT('',(42.1370560580048,14.0359193002535,64.1912143890015));
#3021=CARTESIAN_POINT('',(68.461418377168,14.0359193002535,64.1912143890015));
#3022=CARTESIAN_POINT('',(42.1370560580048,13.3359193002535,64.8912143890015));
#3023=CARTESIAN_POINT('Origin',(42.1370560580048,13.3359193002535,64.1912143890015));
#3024=CARTESIAN_POINT('',(68.461418377168,13.3359193002535,64.8912143890015));
#3025=CARTESIAN_POINT('Origin',(42.1370560580047,9.03591930025352,64.1912143890015));
#3026=CARTESIAN_POINT('',(37.1370560580047,9.03591930025353,64.1912143890015));
#3027=CARTESIAN_POINT('',(37.8370560580047,9.03591930025352,64.8912143890015));
#3028=CARTESIAN_POINT('Origin',(37.8370560580047,9.03591930025353,64.1912143890015));
#3029=CARTESIAN_POINT('Origin',(42.1370560580047,9.03591930025352,64.8912143890015));
#3030=CARTESIAN_POINT('Origin',(42.1370560580047,9.03591930025352,64.1912143890015));
#3031=CARTESIAN_POINT('Origin',(37.8370560580047,-0.828350834835673,64.1912143890015));
#3032=CARTESIAN_POINT('',(37.1370560580047,-0.783107546532074,64.1912143890015));
#3033=CARTESIAN_POINT('',(37.8370560580047,-0.783107546532076,64.8912143890015));
#3034=CARTESIAN_POINT('Origin',(37.8370560580047,-0.783107546532075,64.1912143890015));
#3035=CARTESIAN_POINT('',(37.8370560580047,-0.828350834835673,64.8912143890015));
#3036=CARTESIAN_POINT('',(37.1370560580047,-0.828350834835672,64.1912143890015));
#3037=CARTESIAN_POINT('Origin',(42.1370560580047,-0.783107546532082,64.1912143890015));
#3038=CARTESIAN_POINT('',(42.1370560580047,-5.78310754653208,64.1912143890015));
#3039=CARTESIAN_POINT('',(42.1370560580047,-5.08310754653208,64.8912143890014));
#3040=CARTESIAN_POINT('Origin',(42.1370560580047,-5.08310754653208,64.1912143890015));
#3041=CARTESIAN_POINT('Origin',(42.1370560580047,-0.783107546532083,64.8912143890015));
#3042=CARTESIAN_POINT('Origin',(42.1370560580047,-0.783107546532082,64.1912143890015));
#3043=CARTESIAN_POINT('Origin',(50.961418377168,-5.0831075465321,64.1912143890015));
#3044=CARTESIAN_POINT('',(50.961418377168,-5.0831075465321,64.8912143890015));
#3045=CARTESIAN_POINT('',(50.961418377168,-5.7831075465321,64.1912143890015));
#3046=CARTESIAN_POINT('Origin',(42.1370560580047,9.03591930025352,62.1412143890015));
#3047=CARTESIAN_POINT('',(42.1370560580048,14.0359193002535,56.3912143890015));
#3048=CARTESIAN_POINT('',(42.1370560580048,14.0359193002535,62.1412143890015));
#3049=CARTESIAN_POINT('',(37.1370560580047,9.03591930025353,56.3912143890015));
#3050=CARTESIAN_POINT('Origin',(42.1370560580047,9.03591930025352,56.3912143890015));
#3051=CARTESIAN_POINT('',(37.1370560580047,9.03591930025353,62.1412143890015));
#3052=CARTESIAN_POINT('Origin',(77.2114183771679,14.0359193002535,59.3912143890015));
#3053=CARTESIAN_POINT('',(77.2114183771679,14.0359193002535,59.3912143890015));
#3054=CARTESIAN_POINT('',(77.2114183771679,14.0359193002535,59.3912143890015));
#3055=CARTESIAN_POINT('',(56.0546450528086,14.0359193002535,59.3912143890015));
#3056=CARTESIAN_POINT('',(69.5845649550381,14.0359193002535,59.3912143890015));
#3057=CARTESIAN_POINT('',(53.6134651013685,14.0359193002535,58.8276445018493));
#3058=CARTESIAN_POINT('Ctrl Pts',(56.0546450528086,14.0359193002535,59.3912143890015));
#3059=CARTESIAN_POINT('Ctrl Pts',(55.7270456212072,14.0359193002535,59.3912143890015));
#3060=CARTESIAN_POINT('Ctrl Pts',(55.340694536633,14.0359193002535,59.3185808046787));
#3061=CARTESIAN_POINT('Ctrl Pts',(54.8413933220393,14.0359193002535,59.1822217558737));
#3062=CARTESIAN_POINT('Ctrl Pts',(54.6244307662947,14.0359193002535,59.1121930532928));
#3063=CARTESIAN_POINT('Ctrl Pts',(54.314504160088,14.0359193002535,59.0067296321394));
#3064=CARTESIAN_POINT('Ctrl Pts',(54.1725334481819,14.0359193002535,58.9561582284479));
#3065=CARTESIAN_POINT('Ctrl Pts',(53.8899951414891,14.0359193002535,58.8670602629167));
#3066=CARTESIAN_POINT('Ctrl Pts',(53.7493924695757,14.0359193002535,58.828449841943));
#3067=CARTESIAN_POINT('Ctrl Pts',(53.6134651013687,14.0359193002535,58.8276445018493));
#3068=CARTESIAN_POINT('',(46.2067146413659,14.0359193002535,58.7722273817402));
#3069=CARTESIAN_POINT('Ctrl Pts',(53.6134651013685,14.0359193002535,58.8276445018492));
#3070=CARTESIAN_POINT('Ctrl Pts',(48.9662549800263,14.0359193002535,58.8001107926055));
#3071=CARTESIAN_POINT('Ctrl Pts',(46.2067146413465,14.0359193002535,58.7722273817398));
#3072=CARTESIAN_POINT('',(46.0174341344652,14.0359193002535,58.6912143890015));
#3073=CARTESIAN_POINT('Ctrl Pts',(46.2067146413659,14.0359193002535,58.7722273817402));
#3074=CARTESIAN_POINT('Ctrl Pts',(46.1603260469459,14.0359193002535,58.771758654315));
#3075=CARTESIAN_POINT('Ctrl Pts',(46.106212712657,14.0359193002535,58.76424549493));
#3076=CARTESIAN_POINT('Ctrl Pts',(46.0541781277496,14.0359193002535,58.7392058686764));
#3077=CARTESIAN_POINT('Ctrl Pts',(46.04199642837,14.0359193002535,58.7317400043481));
#3078=CARTESIAN_POINT('Ctrl Pts',(46.0285635502479,14.0359193002535,58.7187810174377));
#3079=CARTESIAN_POINT('Ctrl Pts',(46.0235613535185,14.0359193002535,58.7123970023687));
#3080=CARTESIAN_POINT('Ctrl Pts',(46.0187835249369,14.0359193002535,58.7017870895579));
#3081=CARTESIAN_POINT('Ctrl Pts',(46.0174341344652,14.0359193002535,58.6960918321966));
#3082=CARTESIAN_POINT('Ctrl Pts',(46.0174341344652,14.0359193002535,58.6912143890015));
#3083=CARTESIAN_POINT('',(46.0174341344652,14.0359193002535,56.3912143890015));
#3084=CARTESIAN_POINT('',(46.0174341344652,14.0359193002535,56.8912143890015));
#3085=CARTESIAN_POINT('',(69.5845649550381,14.0359193002535,56.3912143890015));
#3086=CARTESIAN_POINT('Origin',(77.2114183771679,-5.78310754653214,59.3912143890015));
#3087=CARTESIAN_POINT('',(77.2114183771679,-5.78310754653214,59.3912143890015));
#3088=CARTESIAN_POINT('',(77.2114183771679,-5.78310754653214,59.3912143890015));
#3089=CARTESIAN_POINT('',(77.2114183771679,0.268877183973808,59.3912143890015));
#3090=CARTESIAN_POINT('Origin',(59.711418377168,4.12640587686069,64.8912143890015));
#3091=CARTESIAN_POINT('',(69.961418377168,4.12640587686066,64.8912143890015));
#3092=CARTESIAN_POINT('Origin',(68.561418377168,4.12640587686066,64.8912143890015));
#3093=CARTESIAN_POINT('',(42.311418377168,4.12640587686071,64.8912143890015));
#3094=CARTESIAN_POINT('Origin',(40.961418377168,4.12640587686071,64.8912143890015));
#3095=CARTESIAN_POINT('',(43.311418377168,10.6264058768607,64.8912143890015));
#3096=CARTESIAN_POINT('',(65.911418377168,10.6264058768607,64.8912143890015));
#3097=CARTESIAN_POINT('',(51.511418377168,10.6264058768607,64.8912143890015));
#3098=CARTESIAN_POINT('',(65.9114183771679,-2.37359412313933,64.8912143890015));
#3099=CARTESIAN_POINT('',(65.9114183771679,-2.37359412313933,64.8912143890015));
#3100=CARTESIAN_POINT('',(43.311418377168,-2.37359412313929,64.8912143890015));
#3101=CARTESIAN_POINT('',(71.2114183771679,-2.37359412313934,64.8912143890015));
#3102=CARTESIAN_POINT('',(43.311418377168,0.876405876860709,64.8912143890015));
#3103=CARTESIAN_POINT('Origin',(53.6087400236386,18.0493403581891,58.6912143890015));
#3104=CARTESIAN_POINT('',(55.6903613250599,14.6336628620737,58.6912143890015));
#3105=CARTESIAN_POINT('Origin',(56.0546450528086,14.0359193002535,58.6912143890015));
#3106=CARTESIAN_POINT('',(57.3981389351471,15.2689706184858,59.3912143890015));
#3107=CARTESIAN_POINT('Origin',(53.6087400236386,18.0493403581891,59.3912143890015));
#3108=CARTESIAN_POINT('',(56.8337603738586,15.6830682392927,58.6912143890015));
#3109=CARTESIAN_POINT('Origin',(57.3981389351471,15.2689706184858,58.6912143890015));
#3110=CARTESIAN_POINT('Origin',(53.6087400236386,18.0493403581891,58.6912143890015));
#3111=CARTESIAN_POINT('Origin',(60.7965437099855,19.9006968132947,58.6912143890015));
#3112=CARTESIAN_POINT('',(65.6684524107441,26.5406789940797,59.3912143890015));
#3113=CARTESIAN_POINT('',(65.1040738494556,26.9547766148866,58.6912143890015));
#3114=CARTESIAN_POINT('Origin',(65.6684524107441,26.5406789940797,58.6912143890015));
#3115=CARTESIAN_POINT('',(60.232165148697,20.3147944341016,58.6912143890015));
#3116=CARTESIAN_POINT('',(60.7965437099855,19.9006968132947,59.3912143890015));
#3117=CARTESIAN_POINT('Origin',(68.3290941996756,24.5885044959902,58.6912143890015));
#3118=CARTESIAN_POINT('',(68.3290941996751,27.8885044959902,59.3912143890015));
#3119=CARTESIAN_POINT('',(68.329094199675,28.5885044959902,58.6912143890015));
#3120=CARTESIAN_POINT('Origin',(68.3290941996751,27.8885044959902,58.6912143890015));
#3121=CARTESIAN_POINT('Origin',(68.3290941996756,24.5885044959902,58.6912143890015));
#3122=CARTESIAN_POINT('Origin',(68.3290941996756,24.5885044959902,59.3912143890015));
#3123=CARTESIAN_POINT('Origin',(72.1302446820373,27.8885044959908,58.6912143890015));
#3124=CARTESIAN_POINT('',(80.1620397649909,27.8885044959921,59.3912143890015));
#3125=CARTESIAN_POINT('',(80.1620397649907,28.588504495992,58.6912143890015));
#3126=CARTESIAN_POINT('Origin',(80.1620397649909,27.8885044959921,58.6912143890015));
#3127=CARTESIAN_POINT('',(72.1302446820373,28.5885044959908,58.6912143890015));
#3128=CARTESIAN_POINT('',(72.1302446820373,27.8885044959908,59.3912143890015));
#3129=CARTESIAN_POINT('Origin',(80.1620397649913,24.5885044959921,58.6912143890015));
#3130=CARTESIAN_POINT('',(82.9078078936536,26.4190119075101,59.3912143890015));
#3131=CARTESIAN_POINT('',(83.4902435573093,26.8073013584382,58.6912143890015));
#3132=CARTESIAN_POINT('Origin',(82.9078078936536,26.4190119075101,58.6912143890015));
#3133=CARTESIAN_POINT('Origin',(80.1620397649913,24.5885044959921,58.6912143890015));
#3134=CARTESIAN_POINT('Origin',(80.1620397649913,24.5885044959921,59.3912143890015));
#3135=CARTESIAN_POINT('Origin',(88.7296381658703,17.6862441998521,58.6912143890015));
#3136=CARTESIAN_POINT('',(91.0497728173084,14.2060333358927,59.3912143890015));
#3137=CARTESIAN_POINT('',(91.632208480964,14.5943227868208,58.6912143890015));
#3138=CARTESIAN_POINT('Origin',(91.0497728173084,14.2060333358927,58.6912143890015));
#3139=CARTESIAN_POINT('',(89.3120738295259,18.0745336507802,58.6912143890015));
#3140=CARTESIAN_POINT('',(88.7296381658703,17.6862441998521,59.3912143890015));
#3141=CARTESIAN_POINT('Origin',(88.3040046886461,12.3755259243746,58.6912143890015));
#3142=CARTESIAN_POINT('',(91.6040046886462,12.3755259243751,59.3912143890015));
#3143=CARTESIAN_POINT('',(92.3040046886461,12.3755259243752,58.6912143890015));
#3144=CARTESIAN_POINT('Origin',(91.6040046886462,12.3755259243751,58.6912143890015));
#3145=CARTESIAN_POINT('Origin',(88.3040046886461,12.3755259243746,58.6912143890015));
#3146=CARTESIAN_POINT('Origin',(88.3040046886461,12.3755259243746,59.3912143890015));
#3147=CARTESIAN_POINT('Origin',(91.6040046886477,2.45374390830198,58.6912143890015));
#3148=CARTESIAN_POINT('',(91.6040046886481,-0.10263080475362,59.3912143890015));
#3149=CARTESIAN_POINT('',(92.3040046886481,-0.102630804753507,58.6912143890015));
#3150=CARTESIAN_POINT('Origin',(91.6040046886481,-0.102630804753619,58.6912143890015));
#3151=CARTESIAN_POINT('',(92.3040046886477,2.45374390830209,58.6912143890015));
#3152=CARTESIAN_POINT('',(91.6040046886477,2.45374390830198,59.3912143890015));
#3153=CARTESIAN_POINT('Origin',(88.3040046886481,-0.102630804754145,58.6912143890015));
#3154=CARTESIAN_POINT('',(90.964029185498,-2.05564633878315,59.3912143890015));
#3155=CARTESIAN_POINT('',(91.5282768060419,-2.46992236115294,58.6912143890015));
#3156=CARTESIAN_POINT('Origin',(90.964029185498,-2.05564633878315,58.6912143890015));
#3157=CARTESIAN_POINT('Origin',(88.3040046886481,-0.102630804754145,58.6912143890015));
#3158=CARTESIAN_POINT('Origin',(88.3040046886481,-0.102630804754146,59.3912143890015));
#3159=CARTESIAN_POINT('Origin',(82.9348201526831,-12.9915003273867,58.6912143890015));
#3160=CARTESIAN_POINT('',(85.6334379981808,-10.4987451537417,58.6912143890015));
#3161=CARTESIAN_POINT('',(85.6334379981808,-9.31595886261853,59.3912143890015));
#3162=CARTESIAN_POINT('Origin',(85.6334379981808,-9.31595886261854,58.6912143890015));
#3163=CARTESIAN_POINT('',(83.499067773227,-13.4057763497565,58.6912143890015));
#3164=CARTESIAN_POINT('',(82.9348201526831,-12.9915003273867,59.3912143890015));
#3165=CARTESIAN_POINT('Origin',(53.6087400236386,18.0493403581891,58.6912143890015));
#3166=CARTESIAN_POINT('',(53.6134492972354,14.0493431303473,58.6912143890015));
#3167=CARTESIAN_POINT('Origin',(53.6087400236386,18.0493403581891,58.6912143890015));
#3168=CARTESIAN_POINT('Origin',(53.6142734201148,13.349343615475,58.6912143890015));
#3169=CARTESIAN_POINT('Origin',(58.7935277956402,13.3554412511713,58.6912143890015));
#3170=CARTESIAN_POINT('',(46.2067091035712,14.0406230327958,58.6912143890015));
#3171=CARTESIAN_POINT('',(58.7927036727607,14.0554407660436,58.6912143890015));
#3172=CARTESIAN_POINT('Origin',(46.2075332264506,13.3406235179234,58.6912143890015));
#3173=CARTESIAN_POINT('Origin',(46.211418377168,10.040625804954,58.6912143890015));
#3174=CARTESIAN_POINT('Origin',(46.211418377168,10.040625804954,58.6912143890015));
#3175=CARTESIAN_POINT('Origin',(61.9577115329081,6.32086191447978,59.3912143890015));
#3176=CARTESIAN_POINT('',(56.153749485564,-5.7831075465321,59.3912143890015));
#3177=CARTESIAN_POINT('',(52.0845649550381,-5.7831075465321,59.3912143890015));
#3178=CARTESIAN_POINT('',(57.3034468556994,-6.62684003089026,59.3912143890015));
#3179=CARTESIAN_POINT('Origin',(53.9800449841226,-9.95024190246703,59.3912143890015));
#3180=CARTESIAN_POINT('',(64.9568398697575,-14.2802330449485,59.3912143890015));
#3181=CARTESIAN_POINT('',(54.6433255403262,-3.96671871551703,59.3912143890015));
#3182=CARTESIAN_POINT('',(67.2902922476731,-15.2467806670329,59.3912143890015));
#3183=CARTESIAN_POINT('Origin',(67.2902922476731,-11.9467806670329,59.3912143890015));
#3184=CARTESIAN_POINT('',(73.6334379981808,-15.2467806670329,59.3912143890015));
#3185=CARTESIAN_POINT('',(63.7955747655444,-15.2467806670329,59.3912143890015));
#3186=CARTESIAN_POINT('',(77.6334379981807,-17.4789881311823,59.3912143890015));
#3187=CARTESIAN_POINT('Origin',(73.6334379981808,-19.9467806670329,59.3912143890015));
#3188=CARTESIAN_POINT('',(77.6334379981807,-5.78234459377972,59.3912144635073));
#3189=CARTESIAN_POINT('',(77.6334379981807,-2.27185035796327,59.3912143890015));
#3190=CARTESIAN_POINT('',(85.6334379981808,-5.78234459377973,59.3912144635073));
#3191=CARTESIAN_POINT('',(73.7955747655445,-5.78234459377971,59.3912143890015));
#3192=CARTESIAN_POINT('',(85.6334379981808,-2.27185035796329,59.3912143890015));
#3193=CARTESIAN_POINT('',(89.0540046886474,4.12640587685983,59.3912143890015));
#3194=CARTESIAN_POINT('Origin',(87.3040046886474,4.12640587685983,59.3912143890015));
#3195=CARTESIAN_POINT('',(81.0527778311707,23.5885044959919,59.3912143890015));
#3196=CARTESIAN_POINT('Origin',(79.3027778311707,23.5885044959919,59.3912143890015));
#3197=CARTESIAN_POINT('',(71.0527778311707,23.5885044959903,59.3912143890015));
#3198=CARTESIAN_POINT('Origin',(69.3027778311707,23.5885044959903,59.3912143890015));
#3199=CARTESIAN_POINT('Origin',(46.211418377168,10.040625804954,56.8912143890015));
#3200=CARTESIAN_POINT('',(46.2067091035712,14.0406230327958,56.3912143890015));
#3201=CARTESIAN_POINT('',(46.2067091035712,14.0406230327958,56.8912143890015));
#3202=CARTESIAN_POINT('Origin',(46.211418377168,10.040625804954,56.3912143890015));
#3203=CARTESIAN_POINT('Origin',(55.6368062552442,14.051725267373,54.3912143890015));
#3204=CARTESIAN_POINT('',(53.6134492972354,14.0493431303473,56.3912143890015));
#3205=CARTESIAN_POINT('',(53.6134492972354,14.0493431303473,54.3912143890015));
#3206=CARTESIAN_POINT('',(58.7927036727607,14.0554407660436,56.3912143890015));
#3207=CARTESIAN_POINT('Origin',(53.6087400236386,18.0493403581891,54.3912143890015));
#3208=CARTESIAN_POINT('',(56.8337603738586,15.6830682392927,56.3912143890015));
#3209=CARTESIAN_POINT('',(56.8337603738586,15.6830682392927,54.3912143890015));
#3210=CARTESIAN_POINT('Origin',(53.6087400236386,18.0493403581891,56.3912143890015));
#3211=CARTESIAN_POINT('Origin',(73.6334379981808,-19.9467806670329,58.6912143890015));
#3212=CARTESIAN_POINT('',(73.6334379981808,-15.9467806670329,58.6912143890015));
#3213=CARTESIAN_POINT('Origin',(73.6334379981808,-15.2467806670329,58.6912143890015));
#3214=CARTESIAN_POINT('',(77.6334379981807,-19.9467806670329,58.6912143890015));
#3215=CARTESIAN_POINT('Origin',(73.6334379981808,-19.9467806670329,58.6912143890015));
#3216=CARTESIAN_POINT('Ctrl Pts',(77.6334379981807,-17.4789881311823,59.3912143890014));
#3217=CARTESIAN_POINT('Ctrl Pts',(77.6334379981807,-18.2946070083248,59.3912143890014));
#3218=CARTESIAN_POINT('Ctrl Pts',(77.6334379981807,-19.1943467990115,59.0059800589934));
#3219=CARTESIAN_POINT('Ctrl Pts',(77.6334379981807,-19.9467806670329,58.6912143890015));
#3220=CARTESIAN_POINT('Origin',(63.7955747655444,-15.2467806670329,58.6912143890015));
#3221=CARTESIAN_POINT('',(67.2902922476731,-15.9467806670329,58.6912143890015));
#3222=CARTESIAN_POINT('Origin',(67.2902922476731,-15.2467806670329,58.6912143890015));
#3223=CARTESIAN_POINT('',(63.7955747655444,-15.9467806670329,58.6912143890015));
#3224=CARTESIAN_POINT('Origin',(67.2902922476731,-11.9467806670329,58.6912143890015));
#3225=CARTESIAN_POINT('',(64.4618651229269,-14.775207791779,58.6912143890015));
#3226=CARTESIAN_POINT('Origin',(64.9568398697575,-14.2802330449485,58.6912143890015));
#3227=CARTESIAN_POINT('Origin',(67.2902922476731,-11.9467806670329,58.6912143890015));
#3228=CARTESIAN_POINT('Origin',(54.6433255403262,-3.96671871551703,58.6912143890015));
#3229=CARTESIAN_POINT('',(56.8084721088688,-7.12181477772084,58.6912143890015));
#3230=CARTESIAN_POINT('Origin',(57.3034468556994,-6.62684003089026,58.6912143890015));
#3231=CARTESIAN_POINT('',(54.1483507934955,-4.46169346234761,58.6912143890015));
#3232=CARTESIAN_POINT('Origin',(53.9800449841226,-9.95024190246703,58.6912143890015));
#3233=CARTESIAN_POINT('',(55.8300062619451,-6.40374457826709,58.6912143890015));
#3234=CARTESIAN_POINT('Origin',(56.153749485564,-5.7831075465321,58.6912143890015));
#3235=CARTESIAN_POINT('Origin',(53.9800449841226,-9.95024190246703,58.6912143890015));
#3236=CARTESIAN_POINT('Origin',(53.9800449841226,-9.95024190246703,58.6912143890015));
#3237=CARTESIAN_POINT('',(53.9751389367733,-5.7831075465321,59.145149718304));
#3238=CARTESIAN_POINT('Ctrl Pts',(53.9751389367733,-5.7831075465321,59.145149718304));
#3239=CARTESIAN_POINT('Ctrl Pts',(53.9767753022457,-5.7831075465321,59.1451474568091));
#3240=CARTESIAN_POINT('Ctrl Pts',(53.9784106540552,-5.7831075465321,59.1451463281456));
#3241=CARTESIAN_POINT('Ctrl Pts',(54.4331178243789,-5.7831075465321,59.1451463281456));
#3242=CARTESIAN_POINT('Ctrl Pts',(54.9646521308557,-5.7831075465321,59.2594585278024));
#3243=CARTESIAN_POINT('Ctrl Pts',(55.6430074332239,-5.7831075465321,59.3613037228614));
#3244=CARTESIAN_POINT('Ctrl Pts',(55.920864338763,-5.7831075465321,59.3912143890015));
#3245=CARTESIAN_POINT('Ctrl Pts',(56.153749485564,-5.7831075465321,59.3912143890015));
#3246=CARTESIAN_POINT('',(53.9753357105258,-5.95024467462521,58.6912143890015));
#3247=CARTESIAN_POINT('Origin',(53.9745115876463,-5.25024515975289,58.6912143890015));
#3248=CARTESIAN_POINT('Origin',(53.9800449841226,-9.95024190246703,58.6912143890015));
#3249=CARTESIAN_POINT('Origin',(46.8027319788273,-5.25868863369306,58.6912143890015));
#3250=CARTESIAN_POINT('',(46.2159201221251,-5.78310754653208,59.1556595547254));
#3251=CARTESIAN_POINT('Ctrl Pts',(46.2159201221428,-5.78310754653208,59.1556595547259));
#3252=CARTESIAN_POINT('Ctrl Pts',(50.1399273073101,-5.78310754653209,59.1504500695042));
#3253=CARTESIAN_POINT('Ctrl Pts',(53.9751389367793,-5.7831075465321,59.1451497183035));
#3254=CARTESIAN_POINT('',(46.2161276507648,-5.95937973936819,58.6912143890015));
#3255=CARTESIAN_POINT('Origin',(46.2153035278854,-5.25938022449587,58.6912143890015));
#3256=CARTESIAN_POINT('',(46.8035561017067,-5.95868814856538,58.6912143890015));
#3257=CARTESIAN_POINT('Origin',(46.211418377168,-1.95938251152637,58.6912143890015));
#3258=CARTESIAN_POINT('',(45.0370560580047,-5.78310754653208,58.6912143890015));
#3259=CARTESIAN_POINT('Ctrl Pts',(45.0370560580047,-5.78310754653208,58.6912143890015));
#3260=CARTESIAN_POINT('Ctrl Pts',(45.0370560580047,-5.78310754653208,58.7213489403831));
#3261=CARTESIAN_POINT('Ctrl Pts',(45.0455533355273,-5.78310754653208,58.7564978747047));
#3262=CARTESIAN_POINT('Ctrl Pts',(45.0754485610526,-5.78310754653208,58.8211533466652));
#3263=CARTESIAN_POINT('Ctrl Pts',(45.1064134961509,-5.78310754653208,58.8595379834591));
#3264=CARTESIAN_POINT('Ctrl Pts',(45.1886122672957,-5.78310754653208,58.9356958888906));
#3265=CARTESIAN_POINT('Ctrl Pts',(45.2623405610784,-5.78310754653208,58.978295553438));
#3266=CARTESIAN_POINT('Ctrl Pts',(45.5870571272265,-5.78310754653208,59.1229358321029));
#3267=CARTESIAN_POINT('Ctrl Pts',(45.9269032034111,-5.78310754653208,59.1556625429522));
#3268=CARTESIAN_POINT('Ctrl Pts',(46.211418377168,-5.78310754653208,59.1556625429522));
#3269=CARTESIAN_POINT('Ctrl Pts',(46.2129174295218,-5.78310754653208,59.1556625429522));
#3270=CARTESIAN_POINT('Ctrl Pts',(46.2144180177787,-5.78310754653209,59.1556615489089));
#3271=CARTESIAN_POINT('Ctrl Pts',(46.2159201221251,-5.78310754653209,59.1556595547254));
#3272=CARTESIAN_POINT('Origin',(46.211418377168,-1.95938251152637,58.6912143890015));
#3273=CARTESIAN_POINT('Origin',(46.211418377168,-1.95938251152637,54.3912143890015));
#3274=CARTESIAN_POINT('',(45.0370560580047,-5.78310754653208,56.3912143890015));
#3275=CARTESIAN_POINT('',(45.0370560580047,-5.78310754653207,54.3912143890015));
#3276=CARTESIAN_POINT('',(46.2161276507648,-5.95937973936819,56.3912143890015));
#3277=CARTESIAN_POINT('Origin',(46.211418377168,-1.95938251152637,56.3912143890015));
#3278=CARTESIAN_POINT('',(46.2161276507648,-5.95937973936819,54.3912143890015));
#3279=CARTESIAN_POINT('Origin',(83.6334379981808,-4.81295937627657,56.3912143890015));
#3280=CARTESIAN_POINT('',(85.6334379981807,-15.9467806670329,56.3912143890015));
#3281=CARTESIAN_POINT('',(85.6334379981807,-39.9467806670329,56.3912143890014));
#3282=CARTESIAN_POINT('',(85.6334379981808,-4.81295937627658,56.3912143890015));
#3283=CARTESIAN_POINT('',(83.6334379981807,-39.9467806670329,54.3912143890014));
#3284=CARTESIAN_POINT('Origin',(83.6334379981807,-39.9467806670329,56.3912143890014));
#3285=CARTESIAN_POINT('',(83.6334379981808,-16.63705696913,54.3912143890015));
#3286=CARTESIAN_POINT('',(83.6334379981808,-4.81295937627657,54.3912143890015));
#3287=CARTESIAN_POINT('Ctrl Pts',(83.6334379981808,-16.63705696913,54.3912143890015));
#3288=CARTESIAN_POINT('Ctrl Pts',(83.6357183940337,-16.6363499476239,54.3912143890015));
#3289=CARTESIAN_POINT('Ctrl Pts',(83.6379987262372,-16.6356427249422,54.3912182891554));
#3290=CARTESIAN_POINT('Ctrl Pts',(83.7880859563315,-16.5890800762321,54.3917316645257));
#3291=CARTESIAN_POINT('Ctrl Pts',(83.9352715704641,-16.5424768739144,54.408620251881));
#3292=CARTESIAN_POINT('Ctrl Pts',(84.2227990324976,-16.4494636498681,54.4743505857038));
#3293=CARTESIAN_POINT('Ctrl Pts',(84.3625900936247,-16.4032331962654,54.523012776716));
#3294=CARTESIAN_POINT('Ctrl Pts',(84.7300553204718,-16.2791049296777,54.6986511394864));
#3295=CARTESIAN_POINT('Ctrl Pts',(84.9419734603883,-16.2043818278309,54.8559306904295));
#3296=CARTESIAN_POINT('Ctrl Pts',(85.2831309702312,-16.0804742215184,55.2340663383498));
#3297=CARTESIAN_POINT('Ctrl Pts',(85.4143886733184,-16.0309368332354,55.4472675513167));
#3298=CARTESIAN_POINT('Ctrl Pts',(85.5889845218211,-15.9642234788933,55.9073400832876));
#3299=CARTESIAN_POINT('Ctrl Pts',(85.6334379981807,-15.9467806670329,56.1475997118212));
#3300=CARTESIAN_POINT('Ctrl Pts',(85.6334379981807,-15.9467806670329,56.3912143890015));
#3301=CARTESIAN_POINT('Origin',(88.5810759224068,-13.2428149372826,56.3912143890015));
#3302=CARTESIAN_POINT('',(83.7446677463161,-9.69187760268436,54.3912143890015));
#3303=CARTESIAN_POINT('Origin',(88.5810759224068,-13.2428149372826,54.3912143890015));
#3304=CARTESIAN_POINT('',(85.356803805013,-10.8755233808838,56.3912143890015));
#3305=CARTESIAN_POINT('Origin',(83.7446677463161,-9.69187760268436,56.3912143890015));
#3306=CARTESIAN_POINT('Origin',(88.5810759224068,-13.2428149372826,56.3912143890015));
#3307=CARTESIAN_POINT('Origin',(81.8869317145301,-12.2221305715571,56.3912143890015));
#3308=CARTESIAN_POINT('',(89.916140747345,-1.28627658295354,54.3912143890015));
#3309=CARTESIAN_POINT('',(91.5282768060419,-2.46992236115294,56.3912143890015));
#3310=CARTESIAN_POINT('Origin',(89.916140747345,-1.28627658295354,56.3912143890015));
#3311=CARTESIAN_POINT('',(83.499067773227,-13.4057763497565,56.3912143890015));
#3312=CARTESIAN_POINT('',(81.8869317145301,-12.2221305715571,54.3912143890015));
#3313=CARTESIAN_POINT('Ctrl Pts',(89.916140747345,-1.28627658295354,54.3912143890015));
#3314=CARTESIAN_POINT('Ctrl Pts',(90.3040046886481,-0.758002451317445,54.3912143890015));
#3315=CARTESIAN_POINT('Ctrl Pts',(90.3040046886481,-0.102630804754145,54.3912143890015));
#3316=CARTESIAN_POINT('Ctrl Pts',(91.5282768060419,-2.46992236115295,54.3912143890015));
#3317=CARTESIAN_POINT('Ctrl Pts',(92.3040046886482,-1.41337409788076,54.3912143890015));
#3318=CARTESIAN_POINT('Ctrl Pts',(92.3040046886481,-0.102630804754148,54.3912143890015));
#3319=CARTESIAN_POINT('Ctrl Pts',(91.5282768060419,-2.46992236115295,56.3912143890015));
#3320=CARTESIAN_POINT('Ctrl Pts',(92.3040046886482,-1.41337409788076,56.3912143890015));
#3321=CARTESIAN_POINT('Ctrl Pts',(92.3040046886481,-0.10263080475415,56.3912143890015));
#3322=CARTESIAN_POINT('',(90.3040046886481,-0.102630804753822,54.3912143890015));
#3323=CARTESIAN_POINT('',(92.3040046886481,-0.102630804753505,56.3912143890015));
#3324=CARTESIAN_POINT('Origin',(90.3040046886481,-0.102630804753824,56.3912143890015));
#3325=CARTESIAN_POINT('Origin',(88.3040046886481,-0.102630804754143,56.3912143890015));
#3326=CARTESIAN_POINT('Origin',(88.3040046886481,-0.102630804754141,54.3912143890015));
#3327=CARTESIAN_POINT('Origin',(90.3040046886477,2.45374390830177,56.3912143890015));
#3328=CARTESIAN_POINT('',(90.3040046886461,12.3755259243749,54.3912143890015));
#3329=CARTESIAN_POINT('',(92.3040046886461,12.3755259243752,56.3912143890015));
#3330=CARTESIAN_POINT('Origin',(90.3040046886461,12.3755259243749,56.3912143890015));
#3331=CARTESIAN_POINT('',(92.3040046886477,2.45374390830209,56.3912143890015));
#3332=CARTESIAN_POINT('',(90.3040046886477,2.45374390830177,54.3912143890015));
#3333=CARTESIAN_POINT('Ctrl Pts',(90.3040046886461,12.3755259243746,54.3912143890015));
#3334=CARTESIAN_POINT('Ctrl Pts',(90.3040046886461,12.9810759132469,54.3912143890015));
#3335=CARTESIAN_POINT('Ctrl Pts',(89.968106584805,13.4849243555977,54.3912143890015));
#3336=CARTESIAN_POINT('Ctrl Pts',(92.3040046886461,12.3755259243746,54.3912143890015));
#3337=CARTESIAN_POINT('Ctrl Pts',(92.304004688646,13.5866259021193,54.3912143890015));
#3338=CARTESIAN_POINT('Ctrl Pts',(91.632208480964,14.5943227868208,54.3912143890015));
#3339=CARTESIAN_POINT('Ctrl Pts',(92.3040046886461,12.3755259243746,56.3912143890015));
#3340=CARTESIAN_POINT('Ctrl Pts',(92.304004688646,13.5866259021193,56.3912143890015));
#3341=CARTESIAN_POINT('Ctrl Pts',(91.632208480964,14.5943227868208,56.3912143890015));
#3342=CARTESIAN_POINT('',(89.9681065848051,13.4849243555977,54.3912143890015));
#3343=CARTESIAN_POINT('',(91.632208480964,14.5943227868208,56.3912143890015));
#3344=CARTESIAN_POINT('Origin',(89.9681065848051,13.4849243555977,56.3912143890015));
#3345=CARTESIAN_POINT('Origin',(88.3040046886461,12.3755259243746,56.3912143890015));
#3346=CARTESIAN_POINT('Origin',(88.3040046886461,12.3755259243746,54.3912143890015));
#3347=CARTESIAN_POINT('Origin',(87.647971933367,16.9651352195571,56.3912143890015));
#3348=CARTESIAN_POINT('',(81.8261416611503,25.6979029272151,54.3912143890015));
#3349=CARTESIAN_POINT('',(83.4902435573093,26.8073013584382,56.3912143890015));
#3350=CARTESIAN_POINT('Origin',(81.8261416611503,25.6979029272151,56.3912143890015));
#3351=CARTESIAN_POINT('',(89.3120738295259,18.0745336507802,56.3912143890015));
#3352=CARTESIAN_POINT('',(87.647971933367,16.9651352195571,54.3912143890015));
#3353=CARTESIAN_POINT('Ctrl Pts',(81.8261416611503,25.6979029272151,54.3912143890015));
#3354=CARTESIAN_POINT('Ctrl Pts',(81.2324087980808,26.5885044959921,54.3912143890015));
#3355=CARTESIAN_POINT('Ctrl Pts',(80.1620397649913,26.5885044959921,54.3912143890015));
#3356=CARTESIAN_POINT('Ctrl Pts',(83.4902435573092,26.8073013584382,54.3912143890015));
#3357=CARTESIAN_POINT('Ctrl Pts',(82.3027778311702,28.5885044959922,54.3912143890015));
#3358=CARTESIAN_POINT('Ctrl Pts',(80.1620397649913,28.588504495992,54.3912143890015));
#3359=CARTESIAN_POINT('Ctrl Pts',(83.4902435573092,26.8073013584382,56.3912143890015));
#3360=CARTESIAN_POINT('Ctrl Pts',(82.3027778311702,28.5885044959922,56.3912143890015));
#3361=CARTESIAN_POINT('Ctrl Pts',(80.1620397649913,28.588504495992,56.3912143890015));
#3362=CARTESIAN_POINT('',(80.1620397649911,26.5885044959921,54.3912143890015));
#3363=CARTESIAN_POINT('',(80.1620397649907,28.5885044959921,56.3912143890015));
#3364=CARTESIAN_POINT('Origin',(80.1620397649911,26.5885044959921,56.3912143890015));
#3365=CARTESIAN_POINT('Origin',(80.1620397649913,24.5885044959921,56.3912143890015));
#3366=CARTESIAN_POINT('Origin',(80.1620397649913,24.5885044959921,54.3912143890015));
#3367=CARTESIAN_POINT('Origin',(72.1302446820376,26.5885044959908,56.3912143890015));
#3368=CARTESIAN_POINT('',(68.3290941996754,26.5885044959902,54.3912143890015));
#3369=CARTESIAN_POINT('',(68.329094199675,28.5885044959902,56.3912143890015));
#3370=CARTESIAN_POINT('Origin',(68.3290941996754,26.5885044959902,56.3912143890015));
#3371=CARTESIAN_POINT('',(72.1302446820373,28.5885044959908,56.3912143890015));
#3372=CARTESIAN_POINT('',(72.1302446820376,26.5885044959908,54.3912143890015));
#3373=CARTESIAN_POINT('Ctrl Pts',(68.3290941996756,26.5885044959901,54.3912143890015));
#3374=CARTESIAN_POINT('Ctrl Pts',(67.3159360154229,26.5885044959901,54.3912143890015));
#3375=CARTESIAN_POINT('Ctrl Pts',(66.7165840245656,25.7716405554384,54.3912143890015));
#3376=CARTESIAN_POINT('Ctrl Pts',(68.3290941996757,28.5885044959902,54.3912143890015));
#3377=CARTESIAN_POINT('Ctrl Pts',(66.3027778311702,28.58850449599,54.3912143890015));
#3378=CARTESIAN_POINT('Ctrl Pts',(65.1040738494556,26.9547766148866,54.3912143890015));
#3379=CARTESIAN_POINT('Ctrl Pts',(68.3290941996757,28.5885044959902,56.3912143890015));
#3380=CARTESIAN_POINT('Ctrl Pts',(66.3027778311702,28.58850449599,56.3912143890015));
#3381=CARTESIAN_POINT('Ctrl Pts',(65.1040738494556,26.9547766148866,56.3912143890015));
#3382=CARTESIAN_POINT('',(66.7165840245656,25.7716405554384,54.3912143890015));
#3383=CARTESIAN_POINT('',(65.1040738494556,26.9547766148866,56.3912143890015));
#3384=CARTESIAN_POINT('Origin',(66.7165840245656,25.7716405554384,56.3912143890015));
#3385=CARTESIAN_POINT('Origin',(68.3290941996756,24.5885044959902,56.3912143890015));
#3386=CARTESIAN_POINT('Origin',(68.3290941996756,24.5885044959902,54.3912143890015));
#3387=CARTESIAN_POINT('Origin',(61.844675323807,19.1316583746534,56.3912143890015));
#3388=CARTESIAN_POINT('',(58.4462705489686,14.4999321798444,54.3912143890015));
#3389=CARTESIAN_POINT('Origin',(58.4462705489686,14.4999321798444,56.3912143890015));
#3390=CARTESIAN_POINT('',(60.232165148697,20.3147944341016,56.3912143890015));
#3391=CARTESIAN_POINT('',(61.844675323807,19.1316583746534,54.3912143890015));
#3392=CARTESIAN_POINT('Origin',(53.6087400236386,18.0493403581891,56.3912143890015));
#3393=CARTESIAN_POINT('',(53.6158039340338,12.0493445164264,54.3912143890015));
#3394=CARTESIAN_POINT('Origin',(53.6158039340338,12.0493445164264,56.3912143890015));
#3395=CARTESIAN_POINT('Origin',(53.6087400236386,18.0493403581891,54.3912143890015));
#3396=CARTESIAN_POINT('Origin',(58.7950583095592,12.0554421521227,56.3912143890015));
#3397=CARTESIAN_POINT('',(46.2090637403696,12.0406244188749,54.3912143890015));
#3398=CARTESIAN_POINT('Origin',(46.2090637403696,12.0406244188749,56.3912143890015));
#3399=CARTESIAN_POINT('',(58.7950583095592,12.0554421521227,54.3912143890015));
#3400=CARTESIAN_POINT('Ctrl Pts',(46.2090637403696,12.0406244188749,54.3912143890015));
#3401=CARTESIAN_POINT('Ctrl Pts',(46.1415981027447,12.0405449902833,54.3912143890015));
#3402=CARTESIAN_POINT('Ctrl Pts',(46.0742911821436,12.0359193002535,54.3912143890015));
#3403=CARTESIAN_POINT('Ctrl Pts',(46.2067091035712,14.0406230327958,54.3912143890015));
#3404=CARTESIAN_POINT('Ctrl Pts',(46.0717778283213,14.0404641756127,54.3912143890015));
#3405=CARTESIAN_POINT('Ctrl Pts',(45.9371639871193,14.0312127955531,54.3912143890015));
#3406=CARTESIAN_POINT('Ctrl Pts',(46.2067091035712,14.0406230327958,56.3912143890015));
#3407=CARTESIAN_POINT('Ctrl Pts',(46.0717778283213,14.0404641756127,56.3912143890015));
#3408=CARTESIAN_POINT('Ctrl Pts',(45.9371639871193,14.0312127955531,56.3912143890015));
#3409=CARTESIAN_POINT('',(46.0742911821437,12.0359193002535,54.3912143890015));
#3410=CARTESIAN_POINT('Origin',(46.211418377168,10.040625804954,54.3912143890015));
#3411=CARTESIAN_POINT('Ctrl Pts',(46.0742911821437,12.0359193002535,54.3912143890015));
#3412=CARTESIAN_POINT('Ctrl Pts',(46.074015006459,12.0439658654615,54.3912143890015));
#3413=CARTESIAN_POINT('Ctrl Pts',(46.0737396666308,12.0520123860271,54.3912629494104));
#3414=CARTESIAN_POINT('Ctrl Pts',(46.0645514299542,12.3213304607602,54.3945137371379));
#3415=CARTESIAN_POINT('Ctrl Pts',(46.0565975457968,12.5794987601584,54.4488386121085));
#3416=CARTESIAN_POINT('Ctrl Pts',(46.0426374330324,13.059460234287,54.6533544908908));
#3417=CARTESIAN_POINT('Ctrl Pts',(46.0367551611321,13.2767939823721,54.8012308805641));
#3418=CARTESIAN_POINT('Ctrl Pts',(46.027163487763,13.6425258894977,55.1719541532323));
#3419=CARTESIAN_POINT('Ctrl Pts',(46.0235435633471,13.7874426162855,55.3912330702097));
#3420=CARTESIAN_POINT('Ctrl Pts',(46.0186560751127,13.9850798226485,55.8729931096488));
#3421=CARTESIAN_POINT('Ctrl Pts',(46.0174341344652,14.0359193002535,56.1308574072404));
#3422=CARTESIAN_POINT('Ctrl Pts',(46.0174341344652,14.0359193002535,56.3912143890015));
#3423=CARTESIAN_POINT('Ctrl Pts',(45.3904269054136,-3.78310754653208,54.3912143890015));
#3424=CARTESIAN_POINT('Ctrl Pts',(45.7831218406409,-3.95988813934866,54.3912143890015));
#3425=CARTESIAN_POINT('Ctrl Pts',(46.2137730139664,-3.95938112544728,54.3912143890015));
#3426=CARTESIAN_POINT('Ctrl Pts',(44.5694354336592,-5.60683258153781,54.3912143890015));
#3427=CARTESIAN_POINT('Ctrl Pts',(45.3548253041138,-5.96039376717096,54.3912143890015));
#3428=CARTESIAN_POINT('Ctrl Pts',(46.2161276507648,-5.95937973936821,54.3912143890015));
#3429=CARTESIAN_POINT('Ctrl Pts',(44.5694354336593,-5.60683258153779,56.3912143890015));
#3430=CARTESIAN_POINT('Ctrl Pts',(45.3548253041138,-5.96039376717094,56.3912143890015));
#3431=CARTESIAN_POINT('Ctrl Pts',(46.2161276507648,-5.95937973936819,56.3912143890015));
#3432=CARTESIAN_POINT('',(45.3904269054136,-3.78310754653208,54.3912143890015));
#3433=CARTESIAN_POINT('',(46.2137730139664,-3.95938112544728,54.3912143890015));
#3434=CARTESIAN_POINT('Origin',(46.211418377168,-1.95938251152637,54.3912143890015));
#3435=CARTESIAN_POINT('Origin',(46.2137730139664,-3.95938112544728,56.3912143890015));
#3436=CARTESIAN_POINT('Ctrl Pts',(45.0370560580047,-5.78310754653208,56.3912143890015));
#3437=CARTESIAN_POINT('Ctrl Pts',(45.0370560580047,-5.78310754653208,56.1335235646698));
#3438=CARTESIAN_POINT('Ctrl Pts',(45.0444628536974,-5.73329823778487,55.878426706698));
#3439=CARTESIAN_POINT('Ctrl Pts',(45.0741010981259,-5.53957644410016,55.4004475903072));
#3440=CARTESIAN_POINT('Ctrl Pts',(45.0961058210809,-5.39720231065725,55.1825373193937));
#3441=CARTESIAN_POINT('Ctrl Pts',(45.154582629711,-5.03686213250568,54.8114425715031));
#3442=CARTESIAN_POINT('Ctrl Pts',(45.1906209088134,-4.82177957059858,54.6626812500882));
#3443=CARTESIAN_POINT('Ctrl Pts',(45.2558314220464,-4.45991732244216,54.50424578239));
#3444=CARTESIAN_POINT('Ctrl Pts',(45.2801030120889,-4.32954853864523,54.4624938824522));
#3445=CARTESIAN_POINT('Ctrl Pts',(45.3319493680819,-4.0632616119083,54.4062741141833));
#3446=CARTESIAN_POINT('Ctrl Pts',(45.3593794393623,-3.92806193321508,54.391890715583));
#3447=CARTESIAN_POINT('Ctrl Pts',(45.3890460989848,-3.78954264155823,54.39122215304));
#3448=CARTESIAN_POINT('Ctrl Pts',(45.389736084946,-3.78632500689262,54.3912143890015));
#3449=CARTESIAN_POINT('Ctrl Pts',(45.3904269054136,-3.78310754653208,54.3912143890015));
#3450=CARTESIAN_POINT('Origin',(46.8012014649083,-3.95868953464447,56.3912143890015));
#3451=CARTESIAN_POINT('',(53.9729810737273,-3.9502460607043,54.3912143890015));
#3452=CARTESIAN_POINT('',(53.9753357105258,-5.95024467462521,56.3912143890015));
#3453=CARTESIAN_POINT('Origin',(53.9729810737273,-3.9502460607043,56.3912143890015));
#3454=CARTESIAN_POINT('',(46.8035561017067,-5.95868814856538,56.3912143890015));
#3455=CARTESIAN_POINT('',(46.8012014649083,-3.95868953464447,54.3912143890015));
#3456=CARTESIAN_POINT('Origin',(53.9800449841226,-9.95024190246702,56.3912143890015));
#3457=CARTESIAN_POINT('',(58.2226856712419,-5.70760121534775,54.3912143890015));
#3458=CARTESIAN_POINT('',(56.8084721088688,-7.12181477772084,56.3912143890015));
#3459=CARTESIAN_POINT('Origin',(58.2226856712419,-5.70760121534775,56.3912143890015));
#3460=CARTESIAN_POINT('Origin',(53.9800449841226,-9.95024190246702,56.3912143890015));
#3461=CARTESIAN_POINT('Origin',(53.9800449841226,-9.95024190246702,54.3912143890015));
#3462=CARTESIAN_POINT('Origin',(55.5625643558687,-3.04747989997452,56.3912143890015));
#3463=CARTESIAN_POINT('',(65.8760786853,-13.360994229406,54.3912143890015));
#3464=CARTESIAN_POINT('',(64.4618651229269,-14.775207791779,56.3912143890015));
#3465=CARTESIAN_POINT('Origin',(65.8760786853,-13.360994229406,56.3912143890015));
#3466=CARTESIAN_POINT('',(54.1483507934955,-4.46169346234761,56.3912143890015));
#3467=CARTESIAN_POINT('',(55.5625643558687,-3.04747989997451,54.3912143890015));
#3468=CARTESIAN_POINT('Ctrl Pts',(65.8760786853,-13.360994229406,54.3912143890015));
#3469=CARTESIAN_POINT('Ctrl Pts',(66.4618651229269,-13.9467806670329,54.3912143890015));
#3470=CARTESIAN_POINT('Ctrl Pts',(67.2902922476731,-13.9467806670329,54.3912143890015));
#3471=CARTESIAN_POINT('Ctrl Pts',(64.4618651229269,-14.775207791779,54.3912143890015));
#3472=CARTESIAN_POINT('Ctrl Pts',(65.6334379981807,-15.9467806670329,54.3912143890015));
#3473=CARTESIAN_POINT('Ctrl Pts',(67.2902922476731,-15.9467806670329,54.3912143890015));
#3474=CARTESIAN_POINT('Ctrl Pts',(64.4618651229269,-14.775207791779,56.3912143890015));
#3475=CARTESIAN_POINT('Ctrl Pts',(65.6334379981807,-15.9467806670329,56.3912143890015));
#3476=CARTESIAN_POINT('Ctrl Pts',(67.2902922476731,-15.9467806670329,56.3912143890015));
#3477=CARTESIAN_POINT('',(67.2902922476731,-13.9467806670329,54.3912143890015));
#3478=CARTESIAN_POINT('',(67.2902922476731,-15.9467806670329,56.3912143890015));
#3479=CARTESIAN_POINT('Origin',(67.2902922476731,-13.9467806670329,56.3912143890015));
#3480=CARTESIAN_POINT('Origin',(67.2902922476731,-11.9467806670329,56.3912143890015));
#3481=CARTESIAN_POINT('Origin',(67.2902922476731,-11.9467806670329,54.3912143890015));
#3482=CARTESIAN_POINT('Origin',(63.7955747655444,-13.9467806670329,56.3912143890015));
#3483=CARTESIAN_POINT('',(73.6334379981808,-13.9467806670329,54.3912143890015));
#3484=CARTESIAN_POINT('',(73.6334379981808,-15.9467806670329,56.3912143890015));
#3485=CARTESIAN_POINT('Origin',(73.6334379981808,-13.9467806670329,56.3912143890015));
#3486=CARTESIAN_POINT('',(63.7955747655444,-15.9467806670329,56.3912143890015));
#3487=CARTESIAN_POINT('',(63.7955747655444,-13.9467806670329,54.3912143890015));
#3488=CARTESIAN_POINT('Origin',(73.6334379981808,-19.9467806670329,56.3912143890015));
#3489=CARTESIAN_POINT('',(79.6334379981808,-19.9467806670329,54.3912143890015));
#3490=CARTESIAN_POINT('',(77.6334379981807,-19.9467806670329,56.3912143890015));
#3491=CARTESIAN_POINT('Origin',(79.6334379981808,-19.9467806670329,56.3912143890015));
#3492=CARTESIAN_POINT('Origin',(73.6334379981808,-19.9467806670329,56.3912143890015));
#3493=CARTESIAN_POINT('Origin',(73.6334379981808,-19.9467806670329,54.3912143890015));
#3494=CARTESIAN_POINT('Origin',(79.6334379981808,-4.81295937627657,56.3912143890015));
#3495=CARTESIAN_POINT('',(79.6334379981807,-39.9467806670329,54.3912143890014));
#3496=CARTESIAN_POINT('',(77.6334379981807,-39.9467806670329,56.3912143890014));
#3497=CARTESIAN_POINT('Origin',(79.6334379981807,-39.9467806670329,56.3912143890014));
#3498=CARTESIAN_POINT('',(77.6334379981807,-4.81295937627656,56.3912143890015));
#3499=CARTESIAN_POINT('',(79.6334379981808,-4.81295937627656,54.3912143890015));
#3500=CARTESIAN_POINT('Origin',(79.6334379981807,-39.9467806670329,62.3912143890014));
#3501=CARTESIAN_POINT('',(79.6334379981807,-47.9467806670329,62.3912143890014));
#3502=CARTESIAN_POINT('',(77.6334379981807,-45.9467806670329,62.3912143890014));
#3503=CARTESIAN_POINT('Origin',(79.6334379981807,-45.9467806670329,62.3912143890014));
#3504=CARTESIAN_POINT('Origin',(77.6334379981807,-39.9467806670329,62.3912143890014));
#3505=CARTESIAN_POINT('Origin',(79.6334379981807,-39.9467806670329,62.3912143890014));
#3506=CARTESIAN_POINT('Origin',(79.6334379981807,-45.9467806670329,75.3912143890014));
#3507=CARTESIAN_POINT('',(79.6334379981807,-47.9467806670329,74.3912143890014));
#3508=CARTESIAN_POINT('',(77.6334379981807,-45.9467806670329,74.3912143890014));
#3509=CARTESIAN_POINT('Origin',(79.6334379981807,-45.9467806670329,74.3912143890014));
#3510=CARTESIAN_POINT('',(77.6334379981807,-45.9467806670329,75.3912143890014));
#3511=CARTESIAN_POINT('',(79.6334379981807,-47.9467806670329,75.3912143890014));
#3512=CARTESIAN_POINT('Origin',(79.6334379981807,-39.9467806670329,74.3912143890014));
#3513=CARTESIAN_POINT('',(79.6334379981807,-39.9467806670329,82.3912143890014));
#3514=CARTESIAN_POINT('',(77.6334379981807,-39.9467806670329,80.3912143890014));
#3515=CARTESIAN_POINT('Origin',(79.6334379981807,-39.9467806670329,80.3912143890014));
#3516=CARTESIAN_POINT('Origin',(77.6334379981807,-39.9467806670329,74.3912143890014));
#3517=CARTESIAN_POINT('Origin',(79.6334379981807,-39.9467806670329,74.3912143890014));
#3518=CARTESIAN_POINT('Origin',(79.6334379981808,-15.9467806670329,80.3912143890015));
#3519=CARTESIAN_POINT('',(79.6334379981807,-27.4404717869361,82.3912143890014));
#3520=CARTESIAN_POINT('',(77.6334379981807,-27.4404717869361,80.3912143890014));
#3521=CARTESIAN_POINT('Origin',(79.6334379981807,-27.4404717869361,80.3912143890014));
#3522=CARTESIAN_POINT('',(77.6334379981807,-15.9467806670329,80.3912143890015));
#3523=CARTESIAN_POINT('',(79.6334379981808,-15.9467806670329,82.3912143890014));
#3524=CARTESIAN_POINT('Ctrl Pts',(77.6334379981807,-26.1295777287122,79.9016966855257));
#3525=CARTESIAN_POINT('Ctrl Pts',(77.6334379981807,-26.6936262269845,80.3912143890014));
#3526=CARTESIAN_POINT('Ctrl Pts',(77.6334379981807,-27.4404717869361,80.3912143890014));
#3527=CARTESIAN_POINT('Ctrl Pts',(77.6334379981807,-24.8186836704883,81.4121789820501));
#3528=CARTESIAN_POINT('Ctrl Pts',(77.6334379981807,-25.946780667033,82.3912143890014));
#3529=CARTESIAN_POINT('Ctrl Pts',(77.6334379981807,-27.4404717869361,82.3912143890014));
#3530=CARTESIAN_POINT('Ctrl Pts',(79.6334379981807,-24.8186836704883,81.4121789820501));
#3531=CARTESIAN_POINT('Ctrl Pts',(79.6334379981807,-25.946780667033,82.3912143890014));
#3532=CARTESIAN_POINT('Ctrl Pts',(79.6334379981807,-27.4404717869361,82.3912143890014));
#3533=CARTESIAN_POINT('',(79.6334379981807,-24.8186836704883,81.4121789820501));
#3534=CARTESIAN_POINT('',(77.6334379981807,-26.1295777287122,79.9016966855258));
#3535=CARTESIAN_POINT('Origin',(79.6334379981807,-26.1295777287122,79.9016966855258));
#3536=CARTESIAN_POINT('Origin',(77.6334379981807,-27.4404717869361,78.3912143890014));
#3537=CARTESIAN_POINT('Origin',(79.6334379981807,-27.4404717869361,78.3912143890014));
#3538=CARTESIAN_POINT('Origin',(79.6334379981808,-14.3235107284885,69.6556295073812));
#3539=CARTESIAN_POINT('',(79.6334379981808,-5.78234459377972,64.8912148877247));
#3540=CARTESIAN_POINT('',(77.6334379981807,-5.78234459377972,62.2430540921932));
#3541=CARTESIAN_POINT('Origin',(79.6334379981808,-5.78234459377972,62.2430540921932));
#3542=CARTESIAN_POINT('',(77.6334379981807,-14.3235107284885,69.6556295073812));
#3543=CARTESIAN_POINT('',(79.6334379981808,-13.0126166702646,71.1661118039055));
#3544=CARTESIAN_POINT('Origin',(52.0845649550381,-3.78310754653209,56.3912143890015));
#3545=CARTESIAN_POINT('',(42.1370560580047,-5.78310754653208,56.3912143890015));
#3546=CARTESIAN_POINT('',(52.0845649550381,-5.78310754653209,56.3912143890015));
#3547=CARTESIAN_POINT('',(42.1370560580047,-3.78310754653207,54.3912143890015));
#3548=CARTESIAN_POINT('Origin',(42.1370560580047,-3.78310754653208,56.3912143890015));
#3549=CARTESIAN_POINT('',(52.0845649550381,-3.78310754653209,54.3912143890015));
#3550=CARTESIAN_POINT('Origin',(42.1370560580047,-0.783107546532076,56.3912143890015));
#3551=CARTESIAN_POINT('',(37.1370560580047,-0.783107546532067,56.3912143890015));
#3552=CARTESIAN_POINT('',(39.1370560580047,-0.783107546532069,54.3912143890015));
#3553=CARTESIAN_POINT('Origin',(39.1370560580047,-0.78310754653207,56.3912143890015));
#3554=CARTESIAN_POINT('Origin',(42.1370560580047,-0.783107546532074,54.3912143890015));
#3555=CARTESIAN_POINT('Origin',(42.1370560580047,-0.783107546532076,56.3912143890015));
#3556=CARTESIAN_POINT('Origin',(39.1370560580047,0.26887718397388,56.3912143890015));
#3557=CARTESIAN_POINT('',(39.1370560580047,9.03591930025353,54.3912143890015));
#3558=CARTESIAN_POINT('Origin',(39.1370560580047,9.03591930025353,56.3912143890015));
#3559=CARTESIAN_POINT('',(39.1370560580047,0.268877183973881,54.3912143890015));
#3560=CARTESIAN_POINT('',(37.1370560580047,0.268877183973883,56.3912143890015));
#3561=CARTESIAN_POINT('Origin',(42.1370560580047,9.03591930025352,56.3912143890015));
#3562=CARTESIAN_POINT('',(42.1370560580048,12.0359193002535,54.3912143890015));
#3563=CARTESIAN_POINT('Origin',(42.1370560580048,12.0359193002535,56.3912143890015));
#3564=CARTESIAN_POINT('Origin',(42.1370560580047,9.03591930025353,54.3912143890015));
#3565=CARTESIAN_POINT('Origin',(69.5845649550381,12.0359193002535,56.3912143890015));
#3566=CARTESIAN_POINT('',(69.5845649550381,12.0359193002535,54.3912143890015));
#3567=CARTESIAN_POINT('Origin',(83.6334379981807,-39.9467806670329,62.3912143890014));
#3568=CARTESIAN_POINT('',(85.6334379981807,-45.9467806670329,62.3912143890014));
#3569=CARTESIAN_POINT('',(83.6334379981807,-47.9467806670329,62.3912143890014));
#3570=CARTESIAN_POINT('Origin',(83.6334379981807,-45.9467806670329,62.3912143890014));
#3571=CARTESIAN_POINT('Origin',(83.6334379981807,-39.9467806670329,62.3912143890014));
#3572=CARTESIAN_POINT('Origin',(85.6334379981807,-39.9467806670329,62.3912143890014));
#3573=CARTESIAN_POINT('Origin',(83.6334379981807,-45.9467806670329,61.3912143890014));
#3574=CARTESIAN_POINT('',(85.6334379981807,-45.9467806670329,74.3912143890014));
#3575=CARTESIAN_POINT('',(83.6334379981807,-47.9467806670329,74.3912143890014));
#3576=CARTESIAN_POINT('Origin',(83.6334379981807,-45.9467806670329,74.3912143890014));
#3577=CARTESIAN_POINT('',(83.6334379981807,-47.9467806670329,61.3912143890014));
#3578=CARTESIAN_POINT('',(85.6334379981807,-45.9467806670329,61.3912143890014));
#3579=CARTESIAN_POINT('Origin',(83.6334379981807,-39.9467806670329,74.3912143890014));
#3580=CARTESIAN_POINT('',(85.6334379981807,-39.9467806670329,80.3912143890014));
#3581=CARTESIAN_POINT('',(83.6334379981807,-39.9467806670329,82.3912143890014));
#3582=CARTESIAN_POINT('Origin',(83.6334379981807,-39.9467806670329,80.3912143890014));
#3583=CARTESIAN_POINT('Origin',(83.6334379981807,-39.9467806670329,74.3912143890014));
#3584=CARTESIAN_POINT('Origin',(85.6334379981807,-39.9467806670329,74.3912143890014));
#3585=CARTESIAN_POINT('Origin',(83.6334379981808,-15.9467806670329,80.3912143890015));
#3586=CARTESIAN_POINT('',(85.6334379981807,-27.4404717869361,80.3912143890014));
#3587=CARTESIAN_POINT('',(83.6334379981807,-27.4404717869361,82.3912143890014));
#3588=CARTESIAN_POINT('Origin',(83.6334379981807,-27.4404717869361,80.3912143890014));
#3589=CARTESIAN_POINT('',(83.6334379981808,-15.9467806670329,82.3912143890014));
#3590=CARTESIAN_POINT('',(85.6334379981807,-15.9467806670329,80.3912143890015));
#3591=CARTESIAN_POINT('Ctrl Pts',(85.6334379981807,-27.4404717869361,80.3912143890014));
#3592=CARTESIAN_POINT('Ctrl Pts',(85.6334379981807,-26.6936262269845,80.3912143890014));
#3593=CARTESIAN_POINT('Ctrl Pts',(85.6334379981807,-26.1295777287122,79.9016966855257));
#3594=CARTESIAN_POINT('Ctrl Pts',(85.6334379981807,-27.4404717869361,82.3912143890014));
#3595=CARTESIAN_POINT('Ctrl Pts',(85.6334379981807,-25.946780667033,82.3912143890014));
#3596=CARTESIAN_POINT('Ctrl Pts',(85.6334379981807,-24.8186836704884,81.4121789820501));
#3597=CARTESIAN_POINT('Ctrl Pts',(83.6334379981807,-27.4404717869361,82.3912143890014));
#3598=CARTESIAN_POINT('Ctrl Pts',(83.6334379981807,-25.946780667033,82.3912143890014));
#3599=CARTESIAN_POINT('Ctrl Pts',(83.6334379981807,-24.8186836704883,81.4121789820501));
#3600=CARTESIAN_POINT('',(85.6334379981807,-26.1295777287122,79.9016966855258));
#3601=CARTESIAN_POINT('',(83.6334379981807,-24.8186836704884,81.4121789820501));
#3602=CARTESIAN_POINT('Origin',(83.6334379981807,-26.1295777287122,79.9016966855258));
#3603=CARTESIAN_POINT('Origin',(83.6334379981807,-27.4404717869361,78.3912143890014));
#3604=CARTESIAN_POINT('Origin',(85.6334379981807,-27.4404717869361,78.3912143890014));
#3605=CARTESIAN_POINT('Origin',(83.6334379981808,-7.39322279200729,63.6410781957779));
#3606=CARTESIAN_POINT('',(85.6334379981808,-5.78234459377973,62.2430540921933));
#3607=CARTESIAN_POINT('',(83.6334379981808,-5.78234459377973,64.8912148877247));
#3608=CARTESIAN_POINT('Origin',(83.6334379981808,-5.78234459377973,62.2430540921932));
#3609=CARTESIAN_POINT('',(83.6334379981808,-6.08232873378342,65.1515604923022));
#3610=CARTESIAN_POINT('',(85.6334379981808,-7.3932227920073,63.6410781957779));
#3611=CARTESIAN_POINT('Origin',(85.6334379981807,-15.9467806670329,54.3912143890015));
#3612=CARTESIAN_POINT('',(85.6334379981807,-15.9467806670329,59.3912144635073));
#3613=CARTESIAN_POINT('',(85.6334379981807,-15.9467806670329,54.3912143890015));
#3614=CARTESIAN_POINT('',(85.6334379981808,-10.4987451537417,59.3912144635073));
#3615=CARTESIAN_POINT('',(85.6334379981807,-15.9467806670329,59.3912144635073));
#3616=CARTESIAN_POINT('',(85.6334379981808,-10.4987451537416,54.3912143890015));
#3617=CARTESIAN_POINT('',(85.6334379981808,-5.78234459377973,59.3912144635073));
#3618=CARTESIAN_POINT('',(85.6334379981807,-37.4467806670329,71.8912143890014));
#3619=CARTESIAN_POINT('',(85.6334379981807,-30.4467806670329,71.8912143890014));
#3620=CARTESIAN_POINT('',(85.6334379981807,-28.4467806670329,71.8912143890014));
#3621=CARTESIAN_POINT('',(85.6334379981807,-30.4467806670329,64.8912143890014));
#3622=CARTESIAN_POINT('Origin',(85.6334379981807,-30.4467806670329,68.3912143890014));
#3623=CARTESIAN_POINT('',(85.6334379981807,-37.4467806670329,64.8912143890014));
#3624=CARTESIAN_POINT('',(85.6334379981807,-21.4467806670329,64.8912143890014));
#3625=CARTESIAN_POINT('Origin',(85.6334379981807,-37.4467806670329,68.3912143890014));
#3626=CARTESIAN_POINT('Origin',(71.7955747655444,-39.9467806670329,62.3912143890014));
#3627=CARTESIAN_POINT('',(71.7955747655444,-47.9467806670329,62.3912143890014));
#3628=CARTESIAN_POINT('',(71.7955747655444,-39.9467806670329,54.3912143890014));
#3629=CARTESIAN_POINT('Origin',(81.6334379981807,-47.9467806670329,68.3912143890014));
#3630=CARTESIAN_POINT('',(83.6334379981807,-47.9467806670329,74.3912143890014));
#3631=CARTESIAN_POINT('Origin',(88.5810759224068,-13.2428149372826,54.3912143890015));
#3632=CARTESIAN_POINT('',(85.356803805013,-10.8755233808838,59.3912143890015));
#3633=CARTESIAN_POINT('',(85.356803805013,-10.8755233808838,54.3912143890015));
#3634=CARTESIAN_POINT('Origin',(88.5810759224068,-13.2428149372826,59.3912144635073));
#3635=CARTESIAN_POINT('Origin',(83.6334379981807,-39.9467806670329,74.3912143890014));
#3636=CARTESIAN_POINT('',(83.6334379981807,-39.9467806670329,82.3912143890014));
#3637=CARTESIAN_POINT('Origin',(81.6334379981807,-15.9467806670329,54.3912143890015));
#3638=CARTESIAN_POINT('',(81.6334379981807,-15.9467806670329,59.3912143890015));
#3639=CARTESIAN_POINT('',(91.5282768060419,-2.46992236115294,54.3912143890015));
#3640=CARTESIAN_POINT('Origin',(85.6334379981807,-15.9467806670329,82.3912143890014));
#3641=CARTESIAN_POINT('',(85.6334379981807,-27.4404717869361,82.3912143890014));
#3642=CARTESIAN_POINT('Origin',(88.3040046886481,-0.102630804754141,54.3912143890015));
#3643=CARTESIAN_POINT('',(92.3040046886481,-0.102630804753504,54.3912143890015));
#3644=CARTESIAN_POINT('Origin',(85.6334379981807,-27.4404717869361,78.3912143890014));
#3645=CARTESIAN_POINT('',(85.6334379981807,-24.8186836704884,81.4121789820501));
#3646=CARTESIAN_POINT('Origin',(92.3040046886483,-1.41337409788044,54.3912143890015));
#3647=CARTESIAN_POINT('',(92.3040046886461,12.3755259243752,54.3912143890015));
#3648=CARTESIAN_POINT('Origin',(85.6334379981808,-5.78234459377973,64.8912148877247));
#3649=CARTESIAN_POINT('',(85.6334379981808,-5.78234459377973,64.8912148877247));
#3650=CARTESIAN_POINT('Origin',(88.3040046886461,12.3755259243746,54.3912143890015));
#3651=CARTESIAN_POINT('',(91.632208480964,14.5943227868208,54.3912143890015));
#3652=CARTESIAN_POINT('Origin',(85.6334379981808,-5.78234459377973,64.8912148877247));
#3653=CARTESIAN_POINT('',(77.6334379981807,-5.78234459377972,59.3912144635073));
#3654=CARTESIAN_POINT('Origin',(92.3040046886459,13.5866259021196,54.3912143890015));
#3655=CARTESIAN_POINT('',(83.4902435573093,26.8073013584382,54.3912143890015));
#3656=CARTESIAN_POINT('Origin',(80.1620397649913,24.5885044959921,54.3912143890015));
#3657=CARTESIAN_POINT('',(80.1620397649907,28.5885044959921,54.3912143890015));
#3658=CARTESIAN_POINT('Origin',(82.3027778311699,28.5885044959924,54.3912143890015));
#3659=CARTESIAN_POINT('',(68.329094199675,28.5885044959902,54.3912143890015));
#3660=CARTESIAN_POINT('Origin',(68.3290941996756,24.5885044959902,54.3912143890015));
#3661=CARTESIAN_POINT('',(65.1040738494556,26.9547766148866,54.3912143890015));
#3662=CARTESIAN_POINT('Origin',(66.3027778311699,28.5885044959899,54.3912143890015));
#3663=CARTESIAN_POINT('Origin',(37.1370560580047,-5.78310754653207,64.8912143890014));
#3664=CARTESIAN_POINT('',(37.1370560580047,-0.783107546532072,62.1412143890015));
#3665=CARTESIAN_POINT('Origin',(42.1370560580047,-0.783107546532081,62.1412143890015));
#3666=CARTESIAN_POINT('',(42.1370560580047,-5.78310754653208,62.1412143890015));
#3667=CARTESIAN_POINT('Origin',(42.211418377168,-5.78310754653208,59.3912143890015));
#3668=CARTESIAN_POINT('Origin',(43.311418377168,-2.37359412313929,64.8912143890015));
#3669=CARTESIAN_POINT('',(43.311418377168,-2.37359412313929,55.8912143890015));
#3670=CARTESIAN_POINT('',(43.311418377168,-2.37359412313929,64.8912143890015));
#3671=CARTESIAN_POINT('',(43.311418377168,10.6264058768607,55.8912143890015));
#3672=CARTESIAN_POINT('',(43.311418377168,-2.37359412313929,55.8912143890015));
#3673=CARTESIAN_POINT('',(43.311418377168,10.6264058768607,64.8912143890015));
#3674=CARTESIAN_POINT('Origin',(61.9577115329081,6.32086191447979,54.3912143890015));
#3675=CARTESIAN_POINT('',(89.0540046886474,4.12640587685984,54.3912143890015));
#3676=CARTESIAN_POINT('Origin',(87.3040046886474,4.12640587685984,54.3912143890015));
#3677=CARTESIAN_POINT('',(59.7114183771679,-1.27359412313931,54.3912143890014));
#3678=CARTESIAN_POINT('Origin',(59.7114183771679,4.12640587686069,54.3912143890015));
#3679=CARTESIAN_POINT('',(81.0527778311707,23.5885044959919,54.3912143890015));
#3680=CARTESIAN_POINT('Origin',(79.3027778311707,23.5885044959919,54.3912143890015));
#3681=CARTESIAN_POINT('',(71.0527778311707,23.5885044959903,54.3912143890015));
#3682=CARTESIAN_POINT('Origin',(69.3027778311707,23.5885044959903,54.3912143890015));
#3683=CARTESIAN_POINT('Origin',(40.961418377168,4.12640587686071,64.8912143890015));
#3684=CARTESIAN_POINT('',(42.311418377168,4.12640587686071,55.8912143890015));
#3685=CARTESIAN_POINT('',(42.311418377168,4.12640587686071,64.8912143890015));
#3686=CARTESIAN_POINT('Origin',(40.961418377168,4.12640587686071,55.8912143890015));
#3687=CARTESIAN_POINT('Origin',(40.961418377168,4.12640587686071,55.8912143890015));
#3688=CARTESIAN_POINT('Origin',(68.561418377168,4.12640587686067,55.8912143890015));
#3689=CARTESIAN_POINT('',(69.961418377168,4.12640587686067,55.8912143890015));
#3690=CARTESIAN_POINT('',(69.961418377168,4.12640587686067,55.8912143890015));
#3691=CARTESIAN_POINT('Origin',(68.561418377168,4.12640587686067,55.8912143890015));
#3692=CARTESIAN_POINT('Origin',(65.911418377168,10.6264058768607,55.8912143890015));
#3693=CARTESIAN_POINT('',(65.9114183771679,-2.37359412313933,55.8912143890015));
#3694=CARTESIAN_POINT('',(65.911418377168,10.6264058768607,55.8912143890015));
#3695=CARTESIAN_POINT('',(65.911418377168,7.37640587686067,55.8912143890015));
#3696=CARTESIAN_POINT('',(65.9114183771679,-2.37359412313933,57.6412143890015));
#3697=CARTESIAN_POINT('',(65.911418377168,10.6264058768607,57.6412143890015));
#3698=CARTESIAN_POINT('Origin',(71.2114183771679,-2.37359412313934,59.3912143890015));
#3699=CARTESIAN_POINT('',(48.2114183771679,-2.3735941231393,55.8912143890015));
#3700=CARTESIAN_POINT('Origin',(59.711418377168,4.12640587686068,55.8912143890015));
#3701=CARTESIAN_POINT('Origin',(73.6334379981808,-19.9467806670329,68.3912143890014));
#3702=CARTESIAN_POINT('',(73.6334379981808,-15.9467806670329,68.3912143890015));
#3703=CARTESIAN_POINT('',(77.6334379981807,-19.9467806670329,68.3912143890014));
#3704=CARTESIAN_POINT('Origin',(65.6334379981807,-15.9467806670329,54.3912143890015));
#3705=CARTESIAN_POINT('',(67.2902922476731,-15.9467806670329,54.3912143890015));
#3706=CARTESIAN_POINT('Origin',(67.2902922476731,-11.9467806670329,54.3912143890015));
#3707=CARTESIAN_POINT('',(64.4618651229269,-14.775207791779,54.3912143890015));
#3708=CARTESIAN_POINT('Origin',(55.634948112203,-5.94829078105504,54.3912143890015));
#3709=CARTESIAN_POINT('',(56.8084721088688,-7.12181477772084,54.3912143890015));
#3710=CARTESIAN_POINT('Origin',(53.9800449841226,-9.95024190246702,54.3912143890015));
#3711=CARTESIAN_POINT('',(53.9753357105258,-5.95024467462521,54.3912143890015));
#3712=CARTESIAN_POINT('Origin',(77.6334379981807,-15.9467806670329,82.3912143890014));
#3713=CARTESIAN_POINT('',(77.6334379981807,-37.1467806670329,68.3912143890014));
#3714=CARTESIAN_POINT('Origin',(77.6334379981807,-38.4467806670329,68.3912143890014));
#3715=CARTESIAN_POINT('',(77.6334379981807,-31.4467806670329,68.3912143890014));
#3716=CARTESIAN_POINT('Origin',(77.6334379981807,-33.9467806670329,68.3912143890014));
#3717=CARTESIAN_POINT('',(77.6334379981807,-28.1467806670329,68.3912143890014));
#3718=CARTESIAN_POINT('Origin',(77.6334379981807,-29.4467806670329,68.3912143890014));
#3719=CARTESIAN_POINT('Origin',(85.6334379981807,-30.4467806670329,68.3912143890014));
#3720=CARTESIAN_POINT('',(78.6334379981807,-30.4467806670329,71.8912143890014));
#3721=CARTESIAN_POINT('',(85.6334379981807,-30.4467806670329,71.8912143890014));
#3722=CARTESIAN_POINT('',(78.6334379981807,-30.4467806670329,64.8912143890014));
#3723=CARTESIAN_POINT('Origin',(78.6334379981807,-30.4467806670329,68.3912143890014));
#3724=CARTESIAN_POINT('',(85.6334379981807,-30.4467806670329,64.8912143890014));
#3725=CARTESIAN_POINT('Origin',(85.6334379981807,-26.9467806670329,64.8912143890014));
#3726=CARTESIAN_POINT('',(78.6334379981807,-37.4467806670329,64.8912143890014));
#3727=CARTESIAN_POINT('',(78.6334379981807,-40.9467806670329,64.8912143890014));
#3728=CARTESIAN_POINT('',(85.6334379981807,-37.4467806670329,64.8912143890014));
#3729=CARTESIAN_POINT('Origin',(78.6334379981807,-33.9467806670329,68.3912143890014));
#3730=CARTESIAN_POINT('',(78.6334379981807,-37.4467806670329,71.8912143890014));
#3731=CARTESIAN_POINT('',(78.6334379981807,-26.9467806670329,71.8912143890014));
#3732=CARTESIAN_POINT('Origin',(78.6334379981807,-37.4467806670329,68.3912143890014));
#3733=CARTESIAN_POINT('',(78.6334379981807,-31.4467806670329,68.3912143890014));
#3734=CARTESIAN_POINT('Origin',(78.6334379981807,-33.9467806670329,68.3912143890014));
#3735=CARTESIAN_POINT('',(78.6334379981807,-37.1467806670329,68.3912143890014));
#3736=CARTESIAN_POINT('Origin',(78.6334379981807,-38.4467806670329,68.3912143890014));
#3737=CARTESIAN_POINT('',(78.6334379981807,-28.1467806670329,68.3912143890014));
#3738=CARTESIAN_POINT('Origin',(78.6334379981807,-29.4467806670329,68.3912143890014));
#3739=CARTESIAN_POINT('Origin',(85.6334379981807,-40.9467806670329,71.8912143890014));
#3740=CARTESIAN_POINT('',(85.6334379981807,-37.4467806670329,71.8912143890014));
#3741=CARTESIAN_POINT('Origin',(85.6334379981807,-37.4467806670329,68.3912143890014));
#3742=CARTESIAN_POINT('Origin',(85.6334379981808,-5.78234459377973,59.3912144635073));
#3743=CARTESIAN_POINT('Origin',(77.6334379981807,-38.4467806670329,68.3912143890014));
#3744=CARTESIAN_POINT('',(77.6334379981807,-37.1467806670329,68.3912143890014));
#3745=CARTESIAN_POINT('Origin',(77.6334379981807,-33.9467806670329,68.3912143890014));
#3746=CARTESIAN_POINT('',(77.6334379981807,-31.4467806670329,68.3912143890014));
#3747=CARTESIAN_POINT('Origin',(77.6334379981807,-29.4467806670329,68.3912143890014));
#3748=CARTESIAN_POINT('',(77.6334379981807,-28.1467806670329,68.3912143890014));
#3749=CARTESIAN_POINT('Origin',(31.6349647451521,-5.97654642263596,54.3912143890015));
#3750=CARTESIAN_POINT('Origin',(59.711418377168,4.12640587686068,55.8912143890015));
#3751=CARTESIAN_POINT('',(71.2114183771679,10.6264058768607,55.8912143890015));
#3752=CARTESIAN_POINT('',(59.7114183771679,-1.27359412313931,55.8912143890015));
#3753=CARTESIAN_POINT('Origin',(59.7114183771679,4.12640587686069,55.8912143890015));
#3754=CARTESIAN_POINT('Origin',(48.211418377168,10.6264058768607,59.3912143890015));
#3755=CARTESIAN_POINT('Origin',(59.7114183771679,4.12640587686069,59.3912143890015));
#3756=CARTESIAN_POINT('',(59.7114183771679,-1.27359412313931,59.3912143890015));
#3757=CARTESIAN_POINT('Origin',(69.3027778311707,23.5885044959903,59.3912143890015));
#3758=CARTESIAN_POINT('',(71.0527778311707,23.5885044959903,59.3912143890015));
#3759=CARTESIAN_POINT('Origin',(79.3027778311707,23.5885044959919,59.3912143890015));
#3760=CARTESIAN_POINT('',(81.0527778311707,23.5885044959919,59.3912143890015));
#3761=CARTESIAN_POINT('Origin',(87.3040046886474,4.12640587685983,59.3912143890015));
#3762=CARTESIAN_POINT('',(89.0540046886474,4.12640587685983,59.3912143890015));
#3763=UNCERTAINTY_MEASURE_WITH_UNIT(LENGTH_MEASURE(0.01),#3767,
'DISTANCE_ACCURACY_VALUE',
'Maximum model space distance between geometric entities at asserted c
onnectivities');
#3764=UNCERTAINTY_MEASURE_WITH_UNIT(LENGTH_MEASURE(0.01),#3767,
'DISTANCE_ACCURACY_VALUE',
'Maximum model space distance between geometric entities at asserted c
onnectivities');
#3765=(
GEOMETRIC_REPRESENTATION_CONTEXT(3)
GLOBAL_UNCERTAINTY_ASSIGNED_CONTEXT((#3763))
GLOBAL_UNIT_ASSIGNED_CONTEXT((#3767,#3769,#3770))
REPRESENTATION_CONTEXT('','3D')
);
#3766=(
GEOMETRIC_REPRESENTATION_CONTEXT(3)
GLOBAL_UNCERTAINTY_ASSIGNED_CONTEXT((#3764))
GLOBAL_UNIT_ASSIGNED_CONTEXT((#3767,#3769,#3770))
REPRESENTATION_CONTEXT('','3D')
);
#3767=(
LENGTH_UNIT()
NAMED_UNIT(*)
SI_UNIT(.MILLI.,.METRE.)
);
#3768=(
LENGTH_UNIT()
NAMED_UNIT(*)
SI_UNIT($,.METRE.)
);
#3769=(
NAMED_UNIT(*)
PLANE_ANGLE_UNIT()
SI_UNIT($,.RADIAN.)
);
#3770=(
NAMED_UNIT(*)
SI_UNIT($,.STERADIAN.)
SOLID_ANGLE_UNIT()
);
#3771=SHAPE_DEFINITION_REPRESENTATION(#3772,#3773);
#3772=PRODUCT_DEFINITION_SHAPE('',$,#3775);
#3773=SHAPE_REPRESENTATION('',(#2072),#3765);
#3774=PRODUCT_DEFINITION_CONTEXT('part definition',#3779,'design');
#3775=PRODUCT_DEFINITION('Claw Link','Claw Link v1',#3776,#3774);
#3776=PRODUCT_DEFINITION_FORMATION('',$,#3781);
#3777=PRODUCT_RELATED_PRODUCT_CATEGORY('Claw Link v1','Claw Link v1',(#3781));
#3778=APPLICATION_PROTOCOL_DEFINITION('international standard',
'automotive_design',2009,#3779);
#3779=APPLICATION_CONTEXT(
'Core Data for Automotive Mechanical Design Process');
#3780=PRODUCT_CONTEXT('part definition',#3779,'mechanical');
#3781=PRODUCT('Claw Link','Claw Link v1',$,(#3780));
#3782=PRESENTATION_STYLE_ASSIGNMENT((#3783));
#3783=SURFACE_STYLE_USAGE(.BOTH.,#3784);
#3784=SURFACE_SIDE_STYLE('',(#3785));
#3785=SURFACE_STYLE_FILL_AREA(#3786);
#3786=FILL_AREA_STYLE('Steel - Satin',(#3787));
#3787=FILL_AREA_STYLE_COLOUR('Steel - Satin',#3788);
#3788=COLOUR_RGB('Steel - Satin',0.627450980392157,0.627450980392157,0.627450980392157);
ENDSEC;
END-ISO-10303-21;
