ISO-10303-21;
HEADER;
/* Generated by software containing ST-Developer
 * from STEP Tools, Inc. (www.steptools.com) 
 */

FILE_DESCRIPTION(
/* description */ (''),
/* implementation_level */ '2;1');

FILE_NAME(
/* name */ '13ac8073-845f-4e4f-939d-458d47f77e3e.stp',
/* time_stamp */ '2026-08-07T02:21:31Z',
/* author */ (''),
/* organization */ (''),
/* preprocessor_version */ 'ST-DEVELOPER v20.2',
/* originating_system */ 'Autodesk Translation Framework v15.15.0.0',
/* authorisation */ '');

FILE_SCHEMA (('AUTOMOTIVE_DESIGN { 1 0 10303 214 3 1 1 }'));
ENDSEC;

DATA;
#10=MECHANICAL_DESIGN_GEOMETRIC_PRESENTATION_REPRESENTATION('',(#13),#1999);
#11=SHAPE_REPRESENTATION_RELATIONSHIP('SRR','None',#2006,#12);
#12=ADVANCED_BREP_SHAPE_REPRESENTATION('',(#14),#1998);
#13=STYLED_ITEM('',(#2015),#14);
#14=MANIFOLD_SOLID_BREP('Gear 1 ',#1131);
#15=FACE_BOUND('',#154,.T.);
#16=FACE_BOUND('',#155,.T.);
#17=FACE_BOUND('',#156,.T.);
#18=FACE_BOUND('',#157,.T.);
#19=FACE_BOUND('',#159,.T.);
#20=FACE_BOUND('',#160,.T.);
#21=FACE_BOUND('',#161,.T.);
#22=FACE_BOUND('',#162,.T.);
#23=PLANE('',#1160);
#24=PLANE('',#1167);
#25=PLANE('',#1177);
#26=PLANE('',#1187);
#27=PLANE('',#1197);
#28=PLANE('',#1207);
#29=PLANE('',#1217);
#30=PLANE('',#1227);
#31=PLANE('',#1237);
#32=PLANE('',#1247);
#33=PLANE('',#1257);
#34=PLANE('',#1267);
#35=PLANE('',#1277);
#36=PLANE('',#1284);
#37=PLANE('',#1285);
#38=PLANE('',#1286);
#39=FACE_OUTER_BOUND('',#97,.T.);
#40=FACE_OUTER_BOUND('',#98,.T.);
#41=FACE_OUTER_BOUND('',#99,.T.);
#42=FACE_OUTER_BOUND('',#100,.T.);
#43=FACE_OUTER_BOUND('',#101,.T.);
#44=FACE_OUTER_BOUND('',#102,.T.);
#45=FACE_OUTER_BOUND('',#103,.T.);
#46=FACE_OUTER_BOUND('',#104,.T.);
#47=FACE_OUTER_BOUND('',#105,.T.);
#48=FACE_OUTER_BOUND('',#106,.T.);
#49=FACE_OUTER_BOUND('',#107,.T.);
#50=FACE_OUTER_BOUND('',#108,.T.);
#51=FACE_OUTER_BOUND('',#109,.T.);
#52=FACE_OUTER_BOUND('',#110,.T.);
#53=FACE_OUTER_BOUND('',#111,.T.);
#54=FACE_OUTER_BOUND('',#112,.T.);
#55=FACE_OUTER_BOUND('',#113,.T.);
#56=FACE_OUTER_BOUND('',#114,.T.);
#57=FACE_OUTER_BOUND('',#115,.T.);
#58=FACE_OUTER_BOUND('',#116,.T.);
#59=FACE_OUTER_BOUND('',#117,.T.);
#60=FACE_OUTER_BOUND('',#118,.T.);
#61=FACE_OUTER_BOUND('',#119,.T.);
#62=FACE_OUTER_BOUND('',#120,.T.);
#63=FACE_OUTER_BOUND('',#121,.T.);
#64=FACE_OUTER_BOUND('',#122,.T.);
#65=FACE_OUTER_BOUND('',#123,.T.);
#66=FACE_OUTER_BOUND('',#124,.T.);
#67=FACE_OUTER_BOUND('',#125,.T.);
#68=FACE_OUTER_BOUND('',#126,.T.);
#69=FACE_OUTER_BOUND('',#127,.T.);
#70=FACE_OUTER_BOUND('',#128,.T.);
#71=FACE_OUTER_BOUND('',#129,.T.);
#72=FACE_OUTER_BOUND('',#130,.T.);
#73=FACE_OUTER_BOUND('',#131,.T.);
#74=FACE_OUTER_BOUND('',#132,.T.);
#75=FACE_OUTER_BOUND('',#133,.T.);
#76=FACE_OUTER_BOUND('',#134,.T.);
#77=FACE_OUTER_BOUND('',#135,.T.);
#78=FACE_OUTER_BOUND('',#136,.T.);
#79=FACE_OUTER_BOUND('',#137,.T.);
#80=FACE_OUTER_BOUND('',#138,.T.);
#81=FACE_OUTER_BOUND('',#139,.T.);
#82=FACE_OUTER_BOUND('',#140,.T.);
#83=FACE_OUTER_BOUND('',#141,.T.);
#84=FACE_OUTER_BOUND('',#142,.T.);
#85=FACE_OUTER_BOUND('',#143,.T.);
#86=FACE_OUTER_BOUND('',#144,.T.);
#87=FACE_OUTER_BOUND('',#145,.T.);
#88=FACE_OUTER_BOUND('',#146,.T.);
#89=FACE_OUTER_BOUND('',#147,.T.);
#90=FACE_OUTER_BOUND('',#148,.T.);
#91=FACE_OUTER_BOUND('',#149,.T.);
#92=FACE_OUTER_BOUND('',#150,.T.);
#93=FACE_OUTER_BOUND('',#151,.T.);
#94=FACE_OUTER_BOUND('',#152,.T.);
#95=FACE_OUTER_BOUND('',#153,.T.);
#96=FACE_OUTER_BOUND('',#158,.T.);
#97=EDGE_LOOP('',(#695,#696,#697,#698));
#98=EDGE_LOOP('',(#699,#700,#701,#702));
#99=EDGE_LOOP('',(#703,#704,#705,#706));
#100=EDGE_LOOP('',(#707,#708,#709,#710));
#101=EDGE_LOOP('',(#711,#712,#713,#714));
#102=EDGE_LOOP('',(#715,#716,#717,#718));
#103=EDGE_LOOP('',(#719,#720,#721,#722));
#104=EDGE_LOOP('',(#723,#724,#725,#726));
#105=EDGE_LOOP('',(#727,#728,#729,#730));
#106=EDGE_LOOP('',(#731,#732,#733,#734));
#107=EDGE_LOOP('',(#735,#736,#737,#738));
#108=EDGE_LOOP('',(#739,#740,#741,#742));
#109=EDGE_LOOP('',(#743,#744,#745,#746));
#110=EDGE_LOOP('',(#747,#748,#749,#750));
#111=EDGE_LOOP('',(#751,#752,#753,#754));
#112=EDGE_LOOP('',(#755,#756,#757,#758));
#113=EDGE_LOOP('',(#759,#760,#761,#762));
#114=EDGE_LOOP('',(#763,#764,#765,#766));
#115=EDGE_LOOP('',(#767,#768,#769,#770));
#116=EDGE_LOOP('',(#771,#772,#773,#774));
#117=EDGE_LOOP('',(#775,#776,#777,#778));
#118=EDGE_LOOP('',(#779,#780,#781,#782));
#119=EDGE_LOOP('',(#783,#784,#785,#786));
#120=EDGE_LOOP('',(#787,#788,#789,#790));
#121=EDGE_LOOP('',(#791,#792,#793,#794));
#122=EDGE_LOOP('',(#795,#796,#797,#798));
#123=EDGE_LOOP('',(#799,#800,#801,#802));
#124=EDGE_LOOP('',(#803,#804,#805,#806));
#125=EDGE_LOOP('',(#807,#808,#809,#810));
#126=EDGE_LOOP('',(#811,#812,#813,#814));
#127=EDGE_LOOP('',(#815,#816,#817,#818));
#128=EDGE_LOOP('',(#819,#820,#821,#822));
#129=EDGE_LOOP('',(#823,#824,#825,#826));
#130=EDGE_LOOP('',(#827,#828,#829,#830));
#131=EDGE_LOOP('',(#831,#832,#833,#834));
#132=EDGE_LOOP('',(#835,#836,#837,#838));
#133=EDGE_LOOP('',(#839,#840,#841,#842));
#134=EDGE_LOOP('',(#843,#844,#845,#846));
#135=EDGE_LOOP('',(#847,#848,#849,#850));
#136=EDGE_LOOP('',(#851,#852,#853,#854));
#137=EDGE_LOOP('',(#855,#856,#857,#858));
#138=EDGE_LOOP('',(#859,#860,#861,#862));
#139=EDGE_LOOP('',(#863,#864,#865,#866));
#140=EDGE_LOOP('',(#867,#868,#869,#870));
#141=EDGE_LOOP('',(#871,#872,#873,#874));
#142=EDGE_LOOP('',(#875,#876,#877,#878));
#143=EDGE_LOOP('',(#879,#880,#881,#882));
#144=EDGE_LOOP('',(#883,#884,#885,#886));
#145=EDGE_LOOP('',(#887,#888,#889,#890));
#146=EDGE_LOOP('',(#891,#892,#893,#894));
#147=EDGE_LOOP('',(#895,#896,#897,#898));
#148=EDGE_LOOP('',(#899,#900,#901,#902));
#149=EDGE_LOOP('',(#903,#904,#905,#906));
#150=EDGE_LOOP('',(#907,#908,#909,#910));
#151=EDGE_LOOP('',(#911,#912,#913,#914));
#152=EDGE_LOOP('',(#915,#916,#917,#918));
#153=EDGE_LOOP('',(#919,#920,#921,#922,#923,#924,#925,#926,#927,#928,#929,
#930,#931,#932,#933,#934,#935,#936,#937,#938,#939,#940,#941,#942,#943,#944,
#945,#946,#947,#948,#949,#950,#951,#952,#953,#954,#955,#956,#957,#958,#959,
#960,#961,#962,#963,#964,#965,#966,#967,#968,#969,#970));
#154=EDGE_LOOP('',(#971));
#155=EDGE_LOOP('',(#972));
#156=EDGE_LOOP('',(#973));
#157=EDGE_LOOP('',(#974));
#158=EDGE_LOOP('',(#975,#976,#977,#978,#979,#980,#981,#982,#983,#984,#985,
#986,#987,#988,#989,#990,#991,#992,#993,#994,#995,#996,#997,#998,#999,#1000,
#1001,#1002,#1003,#1004,#1005,#1006,#1007,#1008,#1009,#1010,#1011,#1012,
#1013,#1014,#1015,#1016,#1017,#1018,#1019,#1020,#1021,#1022,#1023,#1024,
#1025,#1026));
#159=EDGE_LOOP('',(#1027));
#160=EDGE_LOOP('',(#1028));
#161=EDGE_LOOP('',(#1029));
#162=EDGE_LOOP('',(#1030));
#163=LINE('',#1662,#247);
#164=LINE('',#1668,#248);
#165=LINE('',#1674,#249);
#166=LINE('',#1680,#250);
#167=LINE('',#1687,#251);
#168=LINE('',#1690,#252);
#169=LINE('',#1693,#253);
#170=LINE('',#1695,#254);
#171=LINE('',#1696,#255);
#172=LINE('',#1702,#256);
#173=LINE('',#1708,#257);
#174=LINE('',#1711,#258);
#175=LINE('',#1713,#259);
#176=LINE('',#1714,#260);
#177=LINE('',#1720,#261);
#178=LINE('',#1726,#262);
#179=LINE('',#1732,#263);
#180=LINE('',#1735,#264);
#181=LINE('',#1737,#265);
#182=LINE('',#1738,#266);
#183=LINE('',#1744,#267);
#184=LINE('',#1750,#268);
#185=LINE('',#1756,#269);
#186=LINE('',#1759,#270);
#187=LINE('',#1761,#271);
#188=LINE('',#1762,#272);
#189=LINE('',#1768,#273);
#190=LINE('',#1774,#274);
#191=LINE('',#1780,#275);
#192=LINE('',#1783,#276);
#193=LINE('',#1785,#277);
#194=LINE('',#1786,#278);
#195=LINE('',#1792,#279);
#196=LINE('',#1798,#280);
#197=LINE('',#1804,#281);
#198=LINE('',#1807,#282);
#199=LINE('',#1809,#283);
#200=LINE('',#1810,#284);
#201=LINE('',#1816,#285);
#202=LINE('',#1822,#286);
#203=LINE('',#1828,#287);
#204=LINE('',#1831,#288);
#205=LINE('',#1833,#289);
#206=LINE('',#1834,#290);
#207=LINE('',#1840,#291);
#208=LINE('',#1846,#292);
#209=LINE('',#1852,#293);
#210=LINE('',#1855,#294);
#211=LINE('',#1857,#295);
#212=LINE('',#1858,#296);
#213=LINE('',#1864,#297);
#214=LINE('',#1870,#298);
#215=LINE('',#1876,#299);
#216=LINE('',#1879,#300);
#217=LINE('',#1881,#301);
#218=LINE('',#1882,#302);
#219=LINE('',#1888,#303);
#220=LINE('',#1894,#304);
#221=LINE('',#1900,#305);
#222=LINE('',#1903,#306);
#223=LINE('',#1905,#307);
#224=LINE('',#1906,#308);
#225=LINE('',#1912,#309);
#226=LINE('',#1918,#310);
#227=LINE('',#1924,#311);
#228=LINE('',#1927,#312);
#229=LINE('',#1929,#313);
#230=LINE('',#1930,#314);
#231=LINE('',#1936,#315);
#232=LINE('',#1942,#316);
#233=LINE('',#1948,#317);
#234=LINE('',#1951,#318);
#235=LINE('',#1953,#319);
#236=LINE('',#1954,#320);
#237=LINE('',#1960,#321);
#238=LINE('',#1966,#322);
#239=LINE('',#1972,#323);
#240=LINE('',#1975,#324);
#241=LINE('',#1977,#325);
#242=LINE('',#1978,#326);
#243=LINE('',#1984,#327);
#244=LINE('',#1990,#328);
#245=LINE('',#1992,#329);
#246=LINE('',#1993,#330);
#247=VECTOR('',#1293,1.3);
#248=VECTOR('',#1300,2.55);
#249=VECTOR('',#1307,1.3);
#250=VECTOR('',#1314,1.75);
#251=VECTOR('',#1321,10.);
#252=VECTOR('',#1324,10.);
#253=VECTOR('',#1327,10.);
#254=VECTOR('',#1328,10.);
#255=VECTOR('',#1329,10.);
#256=VECTOR('',#1336,10.);
#257=VECTOR('',#1343,10.);
#258=VECTOR('',#1346,10.);
#259=VECTOR('',#1347,10.);
#260=VECTOR('',#1348,10.);
#261=VECTOR('',#1355,10.);
#262=VECTOR('',#1362,10.);
#263=VECTOR('',#1369,10.);
#264=VECTOR('',#1372,10.);
#265=VECTOR('',#1373,10.);
#266=VECTOR('',#1374,10.);
#267=VECTOR('',#1381,10.);
#268=VECTOR('',#1388,10.);
#269=VECTOR('',#1395,10.);
#270=VECTOR('',#1398,10.);
#271=VECTOR('',#1399,10.);
#272=VECTOR('',#1400,10.);
#273=VECTOR('',#1407,10.);
#274=VECTOR('',#1414,10.);
#275=VECTOR('',#1421,10.);
#276=VECTOR('',#1424,10.);
#277=VECTOR('',#1425,10.);
#278=VECTOR('',#1426,10.);
#279=VECTOR('',#1433,10.);
#280=VECTOR('',#1440,10.);
#281=VECTOR('',#1447,10.);
#282=VECTOR('',#1450,10.);
#283=VECTOR('',#1451,10.);
#284=VECTOR('',#1452,10.);
#285=VECTOR('',#1459,10.);
#286=VECTOR('',#1466,10.);
#287=VECTOR('',#1473,10.);
#288=VECTOR('',#1476,10.);
#289=VECTOR('',#1477,10.);
#290=VECTOR('',#1478,10.);
#291=VECTOR('',#1485,10.);
#292=VECTOR('',#1492,10.);
#293=VECTOR('',#1499,10.);
#294=VECTOR('',#1502,10.);
#295=VECTOR('',#1503,10.);
#296=VECTOR('',#1504,10.);
#297=VECTOR('',#1511,10.);
#298=VECTOR('',#1518,10.);
#299=VECTOR('',#1525,10.);
#300=VECTOR('',#1528,10.);
#301=VECTOR('',#1529,10.);
#302=VECTOR('',#1530,10.);
#303=VECTOR('',#1537,10.);
#304=VECTOR('',#1544,10.);
#305=VECTOR('',#1551,10.);
#306=VECTOR('',#1554,10.);
#307=VECTOR('',#1555,10.);
#308=VECTOR('',#1556,10.);
#309=VECTOR('',#1563,10.);
#310=VECTOR('',#1570,10.);
#311=VECTOR('',#1577,10.);
#312=VECTOR('',#1580,10.);
#313=VECTOR('',#1581,10.);
#314=VECTOR('',#1582,10.);
#315=VECTOR('',#1589,10.);
#316=VECTOR('',#1596,10.);
#317=VECTOR('',#1603,10.);
#318=VECTOR('',#1606,10.);
#319=VECTOR('',#1607,10.);
#320=VECTOR('',#1608,10.);
#321=VECTOR('',#1615,10.);
#322=VECTOR('',#1622,10.);
#323=VECTOR('',#1629,10.);
#324=VECTOR('',#1632,10.);
#325=VECTOR('',#1633,10.);
#326=VECTOR('',#1634,10.);
#327=VECTOR('',#1641,10.);
#328=VECTOR('',#1648,10.);
#329=VECTOR('',#1651,10.);
#330=VECTOR('',#1652,10.);
#331=CIRCLE('',#1146,1.3);
#332=CIRCLE('',#1147,1.3);
#333=CIRCLE('',#1149,2.55);
#334=CIRCLE('',#1150,2.55);
#335=CIRCLE('',#1152,1.3);
#336=CIRCLE('',#1153,1.3);
#337=CIRCLE('',#1155,1.75);
#338=CIRCLE('',#1156,1.75);
#339=CIRCLE('',#1158,4.00000005960464);
#340=CIRCLE('',#1159,4.00000005960464);
#341=CIRCLE('',#1162,12.09);
#342=CIRCLE('',#1163,12.09);
#343=CIRCLE('',#1165,6.05381709888308);
#344=CIRCLE('',#1166,6.05381709888308);
#345=CIRCLE('',#1169,6.05381709888308);
#346=CIRCLE('',#1170,6.05381709888308);
#347=CIRCLE('',#1172,12.09);
#348=CIRCLE('',#1173,12.09);
#349=CIRCLE('',#1175,6.05381709888308);
#350=CIRCLE('',#1176,6.05381709888308);
#351=CIRCLE('',#1179,6.05381709888308);
#352=CIRCLE('',#1180,6.05381709888308);
#353=CIRCLE('',#1182,12.09);
#354=CIRCLE('',#1183,12.09);
#355=CIRCLE('',#1185,6.05381709888308);
#356=CIRCLE('',#1186,6.05381709888308);
#357=CIRCLE('',#1189,6.05381709888308);
#358=CIRCLE('',#1190,6.05381709888308);
#359=CIRCLE('',#1192,12.09);
#360=CIRCLE('',#1193,12.09);
#361=CIRCLE('',#1195,6.05381709888307);
#362=CIRCLE('',#1196,6.05381709888307);
#363=CIRCLE('',#1199,6.05381709888308);
#364=CIRCLE('',#1200,6.05381709888308);
#365=CIRCLE('',#1202,12.09);
#366=CIRCLE('',#1203,12.09);
#367=CIRCLE('',#1205,6.05381709888307);
#368=CIRCLE('',#1206,6.05381709888307);
#369=CIRCLE('',#1209,6.05381709888308);
#370=CIRCLE('',#1210,6.05381709888308);
#371=CIRCLE('',#1212,12.09);
#372=CIRCLE('',#1213,12.09);
#373=CIRCLE('',#1215,6.05381709888308);
#374=CIRCLE('',#1216,6.05381709888308);
#375=CIRCLE('',#1219,6.05381709888308);
#376=CIRCLE('',#1220,6.05381709888308);
#377=CIRCLE('',#1222,12.09);
#378=CIRCLE('',#1223,12.09);
#379=CIRCLE('',#1225,6.05381709888308);
#380=CIRCLE('',#1226,6.05381709888308);
#381=CIRCLE('',#1229,6.05381709888308);
#382=CIRCLE('',#1230,6.05381709888308);
#383=CIRCLE('',#1232,12.09);
#384=CIRCLE('',#1233,12.09);
#385=CIRCLE('',#1235,6.05381709888307);
#386=CIRCLE('',#1236,6.05381709888307);
#387=CIRCLE('',#1239,6.05381709888308);
#388=CIRCLE('',#1240,6.05381709888308);
#389=CIRCLE('',#1242,12.09);
#390=CIRCLE('',#1243,12.09);
#391=CIRCLE('',#1245,6.05381709888307);
#392=CIRCLE('',#1246,6.05381709888307);
#393=CIRCLE('',#1249,6.05381709888308);
#394=CIRCLE('',#1250,6.05381709888308);
#395=CIRCLE('',#1252,12.09);
#396=CIRCLE('',#1253,12.09);
#397=CIRCLE('',#1255,6.05381709888307);
#398=CIRCLE('',#1256,6.05381709888307);
#399=CIRCLE('',#1259,6.05381709888308);
#400=CIRCLE('',#1260,6.05381709888308);
#401=CIRCLE('',#1262,12.09);
#402=CIRCLE('',#1263,12.09);
#403=CIRCLE('',#1265,6.05381709888308);
#404=CIRCLE('',#1266,6.05381709888308);
#405=CIRCLE('',#1269,6.05381709888308);
#406=CIRCLE('',#1270,6.05381709888308);
#407=CIRCLE('',#1272,12.09);
#408=CIRCLE('',#1273,12.09);
#409=CIRCLE('',#1275,6.05381709888307);
#410=CIRCLE('',#1276,6.05381709888307);
#411=CIRCLE('',#1279,6.05381709888308);
#412=CIRCLE('',#1280,6.05381709888308);
#413=CIRCLE('',#1282,12.09);
#414=CIRCLE('',#1283,12.09);
#415=VERTEX_POINT('',#1659);
#416=VERTEX_POINT('',#1661);
#417=VERTEX_POINT('',#1665);
#418=VERTEX_POINT('',#1667);
#419=VERTEX_POINT('',#1671);
#420=VERTEX_POINT('',#1673);
#421=VERTEX_POINT('',#1677);
#422=VERTEX_POINT('',#1679);
#423=VERTEX_POINT('',#1683);
#424=VERTEX_POINT('',#1684);
#425=VERTEX_POINT('',#1686);
#426=VERTEX_POINT('',#1688);
#427=VERTEX_POINT('',#1692);
#428=VERTEX_POINT('',#1694);
#429=VERTEX_POINT('',#1698);
#430=VERTEX_POINT('',#1700);
#431=VERTEX_POINT('',#1704);
#432=VERTEX_POINT('',#1706);
#433=VERTEX_POINT('',#1710);
#434=VERTEX_POINT('',#1712);
#435=VERTEX_POINT('',#1716);
#436=VERTEX_POINT('',#1718);
#437=VERTEX_POINT('',#1722);
#438=VERTEX_POINT('',#1724);
#439=VERTEX_POINT('',#1728);
#440=VERTEX_POINT('',#1730);
#441=VERTEX_POINT('',#1734);
#442=VERTEX_POINT('',#1736);
#443=VERTEX_POINT('',#1740);
#444=VERTEX_POINT('',#1742);
#445=VERTEX_POINT('',#1746);
#446=VERTEX_POINT('',#1748);
#447=VERTEX_POINT('',#1752);
#448=VERTEX_POINT('',#1754);
#449=VERTEX_POINT('',#1758);
#450=VERTEX_POINT('',#1760);
#451=VERTEX_POINT('',#1764);
#452=VERTEX_POINT('',#1766);
#453=VERTEX_POINT('',#1770);
#454=VERTEX_POINT('',#1772);
#455=VERTEX_POINT('',#1776);
#456=VERTEX_POINT('',#1778);
#457=VERTEX_POINT('',#1782);
#458=VERTEX_POINT('',#1784);
#459=VERTEX_POINT('',#1788);
#460=VERTEX_POINT('',#1790);
#461=VERTEX_POINT('',#1794);
#462=VERTEX_POINT('',#1796);
#463=VERTEX_POINT('',#1800);
#464=VERTEX_POINT('',#1802);
#465=VERTEX_POINT('',#1806);
#466=VERTEX_POINT('',#1808);
#467=VERTEX_POINT('',#1812);
#468=VERTEX_POINT('',#1814);
#469=VERTEX_POINT('',#1818);
#470=VERTEX_POINT('',#1820);
#471=VERTEX_POINT('',#1824);
#472=VERTEX_POINT('',#1826);
#473=VERTEX_POINT('',#1830);
#474=VERTEX_POINT('',#1832);
#475=VERTEX_POINT('',#1836);
#476=VERTEX_POINT('',#1838);
#477=VERTEX_POINT('',#1842);
#478=VERTEX_POINT('',#1844);
#479=VERTEX_POINT('',#1848);
#480=VERTEX_POINT('',#1850);
#481=VERTEX_POINT('',#1854);
#482=VERTEX_POINT('',#1856);
#483=VERTEX_POINT('',#1860);
#484=VERTEX_POINT('',#1862);
#485=VERTEX_POINT('',#1866);
#486=VERTEX_POINT('',#1868);
#487=VERTEX_POINT('',#1872);
#488=VERTEX_POINT('',#1874);
#489=VERTEX_POINT('',#1878);
#490=VERTEX_POINT('',#1880);
#491=VERTEX_POINT('',#1884);
#492=VERTEX_POINT('',#1886);
#493=VERTEX_POINT('',#1890);
#494=VERTEX_POINT('',#1892);
#495=VERTEX_POINT('',#1896);
#496=VERTEX_POINT('',#1898);
#497=VERTEX_POINT('',#1902);
#498=VERTEX_POINT('',#1904);
#499=VERTEX_POINT('',#1908);
#500=VERTEX_POINT('',#1910);
#501=VERTEX_POINT('',#1914);
#502=VERTEX_POINT('',#1916);
#503=VERTEX_POINT('',#1920);
#504=VERTEX_POINT('',#1922);
#505=VERTEX_POINT('',#1926);
#506=VERTEX_POINT('',#1928);
#507=VERTEX_POINT('',#1932);
#508=VERTEX_POINT('',#1934);
#509=VERTEX_POINT('',#1938);
#510=VERTEX_POINT('',#1940);
#511=VERTEX_POINT('',#1944);
#512=VERTEX_POINT('',#1946);
#513=VERTEX_POINT('',#1950);
#514=VERTEX_POINT('',#1952);
#515=VERTEX_POINT('',#1956);
#516=VERTEX_POINT('',#1958);
#517=VERTEX_POINT('',#1962);
#518=VERTEX_POINT('',#1964);
#519=VERTEX_POINT('',#1968);
#520=VERTEX_POINT('',#1970);
#521=VERTEX_POINT('',#1974);
#522=VERTEX_POINT('',#1976);
#523=VERTEX_POINT('',#1980);
#524=VERTEX_POINT('',#1982);
#525=VERTEX_POINT('',#1986);
#526=VERTEX_POINT('',#1988);
#527=EDGE_CURVE('',#415,#415,#331,.T.);
#528=EDGE_CURVE('',#415,#416,#163,.T.);
#529=EDGE_CURVE('',#416,#416,#332,.T.);
#530=EDGE_CURVE('',#417,#417,#333,.T.);
#531=EDGE_CURVE('',#417,#418,#164,.T.);
#532=EDGE_CURVE('',#418,#418,#334,.T.);
#533=EDGE_CURVE('',#419,#419,#335,.T.);
#534=EDGE_CURVE('',#419,#420,#165,.T.);
#535=EDGE_CURVE('',#420,#420,#336,.T.);
#536=EDGE_CURVE('',#421,#421,#337,.T.);
#537=EDGE_CURVE('',#421,#422,#166,.T.);
#538=EDGE_CURVE('',#422,#422,#338,.T.);
#539=EDGE_CURVE('',#423,#424,#339,.T.);
#540=EDGE_CURVE('',#424,#425,#167,.T.);
#541=EDGE_CURVE('',#426,#425,#340,.T.);
#542=EDGE_CURVE('',#423,#426,#168,.T.);
#543=EDGE_CURVE('',#423,#427,#169,.T.);
#544=EDGE_CURVE('',#428,#426,#170,.T.);
#545=EDGE_CURVE('',#427,#428,#171,.T.);
#546=EDGE_CURVE('',#429,#427,#341,.T.);
#547=EDGE_CURVE('',#430,#428,#342,.T.);
#548=EDGE_CURVE('',#429,#430,#172,.T.);
#549=EDGE_CURVE('',#431,#429,#343,.T.);
#550=EDGE_CURVE('',#432,#430,#344,.T.);
#551=EDGE_CURVE('',#431,#432,#173,.T.);
#552=EDGE_CURVE('',#433,#431,#174,.T.);
#553=EDGE_CURVE('',#434,#432,#175,.T.);
#554=EDGE_CURVE('',#433,#434,#176,.T.);
#555=EDGE_CURVE('',#435,#433,#345,.T.);
#556=EDGE_CURVE('',#436,#434,#346,.T.);
#557=EDGE_CURVE('',#435,#436,#177,.T.);
#558=EDGE_CURVE('',#437,#435,#347,.T.);
#559=EDGE_CURVE('',#438,#436,#348,.T.);
#560=EDGE_CURVE('',#437,#438,#178,.T.);
#561=EDGE_CURVE('',#439,#437,#349,.T.);
#562=EDGE_CURVE('',#440,#438,#350,.T.);
#563=EDGE_CURVE('',#439,#440,#179,.T.);
#564=EDGE_CURVE('',#441,#439,#180,.T.);
#565=EDGE_CURVE('',#442,#440,#181,.T.);
#566=EDGE_CURVE('',#441,#442,#182,.T.);
#567=EDGE_CURVE('',#443,#441,#351,.T.);
#568=EDGE_CURVE('',#444,#442,#352,.T.);
#569=EDGE_CURVE('',#443,#444,#183,.T.);
#570=EDGE_CURVE('',#445,#443,#353,.T.);
#571=EDGE_CURVE('',#446,#444,#354,.T.);
#572=EDGE_CURVE('',#445,#446,#184,.T.);
#573=EDGE_CURVE('',#447,#445,#355,.T.);
#574=EDGE_CURVE('',#448,#446,#356,.T.);
#575=EDGE_CURVE('',#447,#448,#185,.T.);
#576=EDGE_CURVE('',#449,#447,#186,.T.);
#577=EDGE_CURVE('',#450,#448,#187,.T.);
#578=EDGE_CURVE('',#449,#450,#188,.T.);
#579=EDGE_CURVE('',#451,#449,#357,.T.);
#580=EDGE_CURVE('',#452,#450,#358,.T.);
#581=EDGE_CURVE('',#451,#452,#189,.T.);
#582=EDGE_CURVE('',#453,#451,#359,.T.);
#583=EDGE_CURVE('',#454,#452,#360,.T.);
#584=EDGE_CURVE('',#453,#454,#190,.T.);
#585=EDGE_CURVE('',#455,#453,#361,.T.);
#586=EDGE_CURVE('',#456,#454,#362,.T.);
#587=EDGE_CURVE('',#455,#456,#191,.T.);
#588=EDGE_CURVE('',#457,#455,#192,.T.);
#589=EDGE_CURVE('',#458,#456,#193,.T.);
#590=EDGE_CURVE('',#457,#458,#194,.T.);
#591=EDGE_CURVE('',#459,#457,#363,.T.);
#592=EDGE_CURVE('',#460,#458,#364,.T.);
#593=EDGE_CURVE('',#459,#460,#195,.T.);
#594=EDGE_CURVE('',#461,#459,#365,.T.);
#595=EDGE_CURVE('',#462,#460,#366,.T.);
#596=EDGE_CURVE('',#461,#462,#196,.T.);
#597=EDGE_CURVE('',#463,#461,#367,.T.);
#598=EDGE_CURVE('',#464,#462,#368,.T.);
#599=EDGE_CURVE('',#463,#464,#197,.T.);
#600=EDGE_CURVE('',#465,#463,#198,.T.);
#601=EDGE_CURVE('',#466,#464,#199,.T.);
#602=EDGE_CURVE('',#465,#466,#200,.T.);
#603=EDGE_CURVE('',#467,#465,#369,.T.);
#604=EDGE_CURVE('',#468,#466,#370,.T.);
#605=EDGE_CURVE('',#467,#468,#201,.T.);
#606=EDGE_CURVE('',#469,#467,#371,.T.);
#607=EDGE_CURVE('',#470,#468,#372,.T.);
#608=EDGE_CURVE('',#469,#470,#202,.T.);
#609=EDGE_CURVE('',#471,#469,#373,.T.);
#610=EDGE_CURVE('',#472,#470,#374,.T.);
#611=EDGE_CURVE('',#471,#472,#203,.T.);
#612=EDGE_CURVE('',#473,#471,#204,.T.);
#613=EDGE_CURVE('',#474,#472,#205,.T.);
#614=EDGE_CURVE('',#473,#474,#206,.T.);
#615=EDGE_CURVE('',#475,#473,#375,.T.);
#616=EDGE_CURVE('',#476,#474,#376,.T.);
#617=EDGE_CURVE('',#475,#476,#207,.T.);
#618=EDGE_CURVE('',#477,#475,#377,.T.);
#619=EDGE_CURVE('',#478,#476,#378,.T.);
#620=EDGE_CURVE('',#477,#478,#208,.T.);
#621=EDGE_CURVE('',#479,#477,#379,.T.);
#622=EDGE_CURVE('',#480,#478,#380,.T.);
#623=EDGE_CURVE('',#479,#480,#209,.T.);
#624=EDGE_CURVE('',#481,#479,#210,.T.);
#625=EDGE_CURVE('',#482,#480,#211,.T.);
#626=EDGE_CURVE('',#481,#482,#212,.T.);
#627=EDGE_CURVE('',#483,#481,#381,.T.);
#628=EDGE_CURVE('',#484,#482,#382,.T.);
#629=EDGE_CURVE('',#483,#484,#213,.T.);
#630=EDGE_CURVE('',#485,#483,#383,.T.);
#631=EDGE_CURVE('',#486,#484,#384,.T.);
#632=EDGE_CURVE('',#485,#486,#214,.T.);
#633=EDGE_CURVE('',#487,#485,#385,.T.);
#634=EDGE_CURVE('',#488,#486,#386,.T.);
#635=EDGE_CURVE('',#487,#488,#215,.T.);
#636=EDGE_CURVE('',#489,#487,#216,.T.);
#637=EDGE_CURVE('',#490,#488,#217,.T.);
#638=EDGE_CURVE('',#489,#490,#218,.T.);
#639=EDGE_CURVE('',#491,#489,#387,.T.);
#640=EDGE_CURVE('',#492,#490,#388,.T.);
#641=EDGE_CURVE('',#491,#492,#219,.T.);
#642=EDGE_CURVE('',#493,#491,#389,.T.);
#643=EDGE_CURVE('',#494,#492,#390,.T.);
#644=EDGE_CURVE('',#493,#494,#220,.T.);
#645=EDGE_CURVE('',#495,#493,#391,.T.);
#646=EDGE_CURVE('',#496,#494,#392,.T.);
#647=EDGE_CURVE('',#495,#496,#221,.T.);
#648=EDGE_CURVE('',#497,#495,#222,.T.);
#649=EDGE_CURVE('',#498,#496,#223,.T.);
#650=EDGE_CURVE('',#497,#498,#224,.T.);
#651=EDGE_CURVE('',#499,#497,#393,.T.);
#652=EDGE_CURVE('',#500,#498,#394,.T.);
#653=EDGE_CURVE('',#499,#500,#225,.T.);
#654=EDGE_CURVE('',#501,#499,#395,.T.);
#655=EDGE_CURVE('',#502,#500,#396,.T.);
#656=EDGE_CURVE('',#501,#502,#226,.T.);
#657=EDGE_CURVE('',#503,#501,#397,.T.);
#658=EDGE_CURVE('',#504,#502,#398,.T.);
#659=EDGE_CURVE('',#503,#504,#227,.T.);
#660=EDGE_CURVE('',#505,#503,#228,.T.);
#661=EDGE_CURVE('',#506,#504,#229,.T.);
#662=EDGE_CURVE('',#505,#506,#230,.T.);
#663=EDGE_CURVE('',#507,#505,#399,.T.);
#664=EDGE_CURVE('',#508,#506,#400,.T.);
#665=EDGE_CURVE('',#507,#508,#231,.T.);
#666=EDGE_CURVE('',#509,#507,#401,.T.);
#667=EDGE_CURVE('',#510,#508,#402,.T.);
#668=EDGE_CURVE('',#509,#510,#232,.T.);
#669=EDGE_CURVE('',#511,#509,#403,.T.);
#670=EDGE_CURVE('',#512,#510,#404,.T.);
#671=EDGE_CURVE('',#511,#512,#233,.T.);
#672=EDGE_CURVE('',#513,#511,#234,.T.);
#673=EDGE_CURVE('',#514,#512,#235,.T.);
#674=EDGE_CURVE('',#513,#514,#236,.T.);
#675=EDGE_CURVE('',#515,#513,#405,.T.);
#676=EDGE_CURVE('',#516,#514,#406,.T.);
#677=EDGE_CURVE('',#515,#516,#237,.T.);
#678=EDGE_CURVE('',#517,#515,#407,.T.);
#679=EDGE_CURVE('',#518,#516,#408,.T.);
#680=EDGE_CURVE('',#517,#518,#238,.T.);
#681=EDGE_CURVE('',#519,#517,#409,.T.);
#682=EDGE_CURVE('',#520,#518,#410,.T.);
#683=EDGE_CURVE('',#519,#520,#239,.T.);
#684=EDGE_CURVE('',#521,#519,#240,.T.);
#685=EDGE_CURVE('',#522,#520,#241,.T.);
#686=EDGE_CURVE('',#521,#522,#242,.T.);
#687=EDGE_CURVE('',#523,#521,#411,.T.);
#688=EDGE_CURVE('',#524,#522,#412,.T.);
#689=EDGE_CURVE('',#523,#524,#243,.T.);
#690=EDGE_CURVE('',#525,#523,#413,.T.);
#691=EDGE_CURVE('',#526,#524,#414,.T.);
#692=EDGE_CURVE('',#525,#526,#244,.T.);
#693=EDGE_CURVE('',#424,#525,#245,.T.);
#694=EDGE_CURVE('',#425,#526,#246,.T.);
#695=ORIENTED_EDGE('',*,*,#527,.F.);
#696=ORIENTED_EDGE('',*,*,#528,.T.);
#697=ORIENTED_EDGE('',*,*,#529,.F.);
#698=ORIENTED_EDGE('',*,*,#528,.F.);
#699=ORIENTED_EDGE('',*,*,#530,.F.);
#700=ORIENTED_EDGE('',*,*,#531,.T.);
#701=ORIENTED_EDGE('',*,*,#532,.F.);
#702=ORIENTED_EDGE('',*,*,#531,.F.);
#703=ORIENTED_EDGE('',*,*,#533,.F.);
#704=ORIENTED_EDGE('',*,*,#534,.T.);
#705=ORIENTED_EDGE('',*,*,#535,.F.);
#706=ORIENTED_EDGE('',*,*,#534,.F.);
#707=ORIENTED_EDGE('',*,*,#536,.F.);
#708=ORIENTED_EDGE('',*,*,#537,.T.);
#709=ORIENTED_EDGE('',*,*,#538,.T.);
#710=ORIENTED_EDGE('',*,*,#537,.F.);
#711=ORIENTED_EDGE('',*,*,#539,.T.);
#712=ORIENTED_EDGE('',*,*,#540,.T.);
#713=ORIENTED_EDGE('',*,*,#541,.F.);
#714=ORIENTED_EDGE('',*,*,#542,.F.);
#715=ORIENTED_EDGE('',*,*,#543,.F.);
#716=ORIENTED_EDGE('',*,*,#542,.T.);
#717=ORIENTED_EDGE('',*,*,#544,.F.);
#718=ORIENTED_EDGE('',*,*,#545,.F.);
#719=ORIENTED_EDGE('',*,*,#546,.T.);
#720=ORIENTED_EDGE('',*,*,#545,.T.);
#721=ORIENTED_EDGE('',*,*,#547,.F.);
#722=ORIENTED_EDGE('',*,*,#548,.F.);
#723=ORIENTED_EDGE('',*,*,#549,.T.);
#724=ORIENTED_EDGE('',*,*,#548,.T.);
#725=ORIENTED_EDGE('',*,*,#550,.F.);
#726=ORIENTED_EDGE('',*,*,#551,.F.);
#727=ORIENTED_EDGE('',*,*,#552,.T.);
#728=ORIENTED_EDGE('',*,*,#551,.T.);
#729=ORIENTED_EDGE('',*,*,#553,.F.);
#730=ORIENTED_EDGE('',*,*,#554,.F.);
#731=ORIENTED_EDGE('',*,*,#555,.T.);
#732=ORIENTED_EDGE('',*,*,#554,.T.);
#733=ORIENTED_EDGE('',*,*,#556,.F.);
#734=ORIENTED_EDGE('',*,*,#557,.F.);
#735=ORIENTED_EDGE('',*,*,#558,.T.);
#736=ORIENTED_EDGE('',*,*,#557,.T.);
#737=ORIENTED_EDGE('',*,*,#559,.F.);
#738=ORIENTED_EDGE('',*,*,#560,.F.);
#739=ORIENTED_EDGE('',*,*,#561,.T.);
#740=ORIENTED_EDGE('',*,*,#560,.T.);
#741=ORIENTED_EDGE('',*,*,#562,.F.);
#742=ORIENTED_EDGE('',*,*,#563,.F.);
#743=ORIENTED_EDGE('',*,*,#564,.T.);
#744=ORIENTED_EDGE('',*,*,#563,.T.);
#745=ORIENTED_EDGE('',*,*,#565,.F.);
#746=ORIENTED_EDGE('',*,*,#566,.F.);
#747=ORIENTED_EDGE('',*,*,#567,.T.);
#748=ORIENTED_EDGE('',*,*,#566,.T.);
#749=ORIENTED_EDGE('',*,*,#568,.F.);
#750=ORIENTED_EDGE('',*,*,#569,.F.);
#751=ORIENTED_EDGE('',*,*,#570,.T.);
#752=ORIENTED_EDGE('',*,*,#569,.T.);
#753=ORIENTED_EDGE('',*,*,#571,.F.);
#754=ORIENTED_EDGE('',*,*,#572,.F.);
#755=ORIENTED_EDGE('',*,*,#573,.T.);
#756=ORIENTED_EDGE('',*,*,#572,.T.);
#757=ORIENTED_EDGE('',*,*,#574,.F.);
#758=ORIENTED_EDGE('',*,*,#575,.F.);
#759=ORIENTED_EDGE('',*,*,#576,.T.);
#760=ORIENTED_EDGE('',*,*,#575,.T.);
#761=ORIENTED_EDGE('',*,*,#577,.F.);
#762=ORIENTED_EDGE('',*,*,#578,.F.);
#763=ORIENTED_EDGE('',*,*,#579,.T.);
#764=ORIENTED_EDGE('',*,*,#578,.T.);
#765=ORIENTED_EDGE('',*,*,#580,.F.);
#766=ORIENTED_EDGE('',*,*,#581,.F.);
#767=ORIENTED_EDGE('',*,*,#582,.T.);
#768=ORIENTED_EDGE('',*,*,#581,.T.);
#769=ORIENTED_EDGE('',*,*,#583,.F.);
#770=ORIENTED_EDGE('',*,*,#584,.F.);
#771=ORIENTED_EDGE('',*,*,#585,.T.);
#772=ORIENTED_EDGE('',*,*,#584,.T.);
#773=ORIENTED_EDGE('',*,*,#586,.F.);
#774=ORIENTED_EDGE('',*,*,#587,.F.);
#775=ORIENTED_EDGE('',*,*,#588,.T.);
#776=ORIENTED_EDGE('',*,*,#587,.T.);
#777=ORIENTED_EDGE('',*,*,#589,.F.);
#778=ORIENTED_EDGE('',*,*,#590,.F.);
#779=ORIENTED_EDGE('',*,*,#591,.T.);
#780=ORIENTED_EDGE('',*,*,#590,.T.);
#781=ORIENTED_EDGE('',*,*,#592,.F.);
#782=ORIENTED_EDGE('',*,*,#593,.F.);
#783=ORIENTED_EDGE('',*,*,#594,.T.);
#784=ORIENTED_EDGE('',*,*,#593,.T.);
#785=ORIENTED_EDGE('',*,*,#595,.F.);
#786=ORIENTED_EDGE('',*,*,#596,.F.);
#787=ORIENTED_EDGE('',*,*,#597,.T.);
#788=ORIENTED_EDGE('',*,*,#596,.T.);
#789=ORIENTED_EDGE('',*,*,#598,.F.);
#790=ORIENTED_EDGE('',*,*,#599,.F.);
#791=ORIENTED_EDGE('',*,*,#600,.T.);
#792=ORIENTED_EDGE('',*,*,#599,.T.);
#793=ORIENTED_EDGE('',*,*,#601,.F.);
#794=ORIENTED_EDGE('',*,*,#602,.F.);
#795=ORIENTED_EDGE('',*,*,#603,.T.);
#796=ORIENTED_EDGE('',*,*,#602,.T.);
#797=ORIENTED_EDGE('',*,*,#604,.F.);
#798=ORIENTED_EDGE('',*,*,#605,.F.);
#799=ORIENTED_EDGE('',*,*,#606,.T.);
#800=ORIENTED_EDGE('',*,*,#605,.T.);
#801=ORIENTED_EDGE('',*,*,#607,.F.);
#802=ORIENTED_EDGE('',*,*,#608,.F.);
#803=ORIENTED_EDGE('',*,*,#609,.T.);
#804=ORIENTED_EDGE('',*,*,#608,.T.);
#805=ORIENTED_EDGE('',*,*,#610,.F.);
#806=ORIENTED_EDGE('',*,*,#611,.F.);
#807=ORIENTED_EDGE('',*,*,#612,.T.);
#808=ORIENTED_EDGE('',*,*,#611,.T.);
#809=ORIENTED_EDGE('',*,*,#613,.F.);
#810=ORIENTED_EDGE('',*,*,#614,.F.);
#811=ORIENTED_EDGE('',*,*,#615,.T.);
#812=ORIENTED_EDGE('',*,*,#614,.T.);
#813=ORIENTED_EDGE('',*,*,#616,.F.);
#814=ORIENTED_EDGE('',*,*,#617,.F.);
#815=ORIENTED_EDGE('',*,*,#618,.T.);
#816=ORIENTED_EDGE('',*,*,#617,.T.);
#817=ORIENTED_EDGE('',*,*,#619,.F.);
#818=ORIENTED_EDGE('',*,*,#620,.F.);
#819=ORIENTED_EDGE('',*,*,#621,.T.);
#820=ORIENTED_EDGE('',*,*,#620,.T.);
#821=ORIENTED_EDGE('',*,*,#622,.F.);
#822=ORIENTED_EDGE('',*,*,#623,.F.);
#823=ORIENTED_EDGE('',*,*,#624,.T.);
#824=ORIENTED_EDGE('',*,*,#623,.T.);
#825=ORIENTED_EDGE('',*,*,#625,.F.);
#826=ORIENTED_EDGE('',*,*,#626,.F.);
#827=ORIENTED_EDGE('',*,*,#627,.T.);
#828=ORIENTED_EDGE('',*,*,#626,.T.);
#829=ORIENTED_EDGE('',*,*,#628,.F.);
#830=ORIENTED_EDGE('',*,*,#629,.F.);
#831=ORIENTED_EDGE('',*,*,#630,.T.);
#832=ORIENTED_EDGE('',*,*,#629,.T.);
#833=ORIENTED_EDGE('',*,*,#631,.F.);
#834=ORIENTED_EDGE('',*,*,#632,.F.);
#835=ORIENTED_EDGE('',*,*,#633,.T.);
#836=ORIENTED_EDGE('',*,*,#632,.T.);
#837=ORIENTED_EDGE('',*,*,#634,.F.);
#838=ORIENTED_EDGE('',*,*,#635,.F.);
#839=ORIENTED_EDGE('',*,*,#636,.T.);
#840=ORIENTED_EDGE('',*,*,#635,.T.);
#841=ORIENTED_EDGE('',*,*,#637,.F.);
#842=ORIENTED_EDGE('',*,*,#638,.F.);
#843=ORIENTED_EDGE('',*,*,#639,.T.);
#844=ORIENTED_EDGE('',*,*,#638,.T.);
#845=ORIENTED_EDGE('',*,*,#640,.F.);
#846=ORIENTED_EDGE('',*,*,#641,.F.);
#847=ORIENTED_EDGE('',*,*,#642,.T.);
#848=ORIENTED_EDGE('',*,*,#641,.T.);
#849=ORIENTED_EDGE('',*,*,#643,.F.);
#850=ORIENTED_EDGE('',*,*,#644,.F.);
#851=ORIENTED_EDGE('',*,*,#645,.T.);
#852=ORIENTED_EDGE('',*,*,#644,.T.);
#853=ORIENTED_EDGE('',*,*,#646,.F.);
#854=ORIENTED_EDGE('',*,*,#647,.F.);
#855=ORIENTED_EDGE('',*,*,#648,.T.);
#856=ORIENTED_EDGE('',*,*,#647,.T.);
#857=ORIENTED_EDGE('',*,*,#649,.F.);
#858=ORIENTED_EDGE('',*,*,#650,.F.);
#859=ORIENTED_EDGE('',*,*,#651,.T.);
#860=ORIENTED_EDGE('',*,*,#650,.T.);
#861=ORIENTED_EDGE('',*,*,#652,.F.);
#862=ORIENTED_EDGE('',*,*,#653,.F.);
#863=ORIENTED_EDGE('',*,*,#654,.T.);
#864=ORIENTED_EDGE('',*,*,#653,.T.);
#865=ORIENTED_EDGE('',*,*,#655,.F.);
#866=ORIENTED_EDGE('',*,*,#656,.F.);
#867=ORIENTED_EDGE('',*,*,#657,.T.);
#868=ORIENTED_EDGE('',*,*,#656,.T.);
#869=ORIENTED_EDGE('',*,*,#658,.F.);
#870=ORIENTED_EDGE('',*,*,#659,.F.);
#871=ORIENTED_EDGE('',*,*,#660,.T.);
#872=ORIENTED_EDGE('',*,*,#659,.T.);
#873=ORIENTED_EDGE('',*,*,#661,.F.);
#874=ORIENTED_EDGE('',*,*,#662,.F.);
#875=ORIENTED_EDGE('',*,*,#663,.T.);
#876=ORIENTED_EDGE('',*,*,#662,.T.);
#877=ORIENTED_EDGE('',*,*,#664,.F.);
#878=ORIENTED_EDGE('',*,*,#665,.F.);
#879=ORIENTED_EDGE('',*,*,#666,.T.);
#880=ORIENTED_EDGE('',*,*,#665,.T.);
#881=ORIENTED_EDGE('',*,*,#667,.F.);
#882=ORIENTED_EDGE('',*,*,#668,.F.);
#883=ORIENTED_EDGE('',*,*,#669,.T.);
#884=ORIENTED_EDGE('',*,*,#668,.T.);
#885=ORIENTED_EDGE('',*,*,#670,.F.);
#886=ORIENTED_EDGE('',*,*,#671,.F.);
#887=ORIENTED_EDGE('',*,*,#672,.T.);
#888=ORIENTED_EDGE('',*,*,#671,.T.);
#889=ORIENTED_EDGE('',*,*,#673,.F.);
#890=ORIENTED_EDGE('',*,*,#674,.F.);
#891=ORIENTED_EDGE('',*,*,#675,.T.);
#892=ORIENTED_EDGE('',*,*,#674,.T.);
#893=ORIENTED_EDGE('',*,*,#676,.F.);
#894=ORIENTED_EDGE('',*,*,#677,.F.);
#895=ORIENTED_EDGE('',*,*,#678,.T.);
#896=ORIENTED_EDGE('',*,*,#677,.T.);
#897=ORIENTED_EDGE('',*,*,#679,.F.);
#898=ORIENTED_EDGE('',*,*,#680,.F.);
#899=ORIENTED_EDGE('',*,*,#681,.T.);
#900=ORIENTED_EDGE('',*,*,#680,.T.);
#901=ORIENTED_EDGE('',*,*,#682,.F.);
#902=ORIENTED_EDGE('',*,*,#683,.F.);
#903=ORIENTED_EDGE('',*,*,#684,.T.);
#904=ORIENTED_EDGE('',*,*,#683,.T.);
#905=ORIENTED_EDGE('',*,*,#685,.F.);
#906=ORIENTED_EDGE('',*,*,#686,.F.);
#907=ORIENTED_EDGE('',*,*,#687,.T.);
#908=ORIENTED_EDGE('',*,*,#686,.T.);
#909=ORIENTED_EDGE('',*,*,#688,.F.);
#910=ORIENTED_EDGE('',*,*,#689,.F.);
#911=ORIENTED_EDGE('',*,*,#690,.T.);
#912=ORIENTED_EDGE('',*,*,#689,.T.);
#913=ORIENTED_EDGE('',*,*,#691,.F.);
#914=ORIENTED_EDGE('',*,*,#692,.F.);
#915=ORIENTED_EDGE('',*,*,#693,.T.);
#916=ORIENTED_EDGE('',*,*,#692,.T.);
#917=ORIENTED_EDGE('',*,*,#694,.F.);
#918=ORIENTED_EDGE('',*,*,#540,.F.);
#919=ORIENTED_EDGE('',*,*,#694,.T.);
#920=ORIENTED_EDGE('',*,*,#691,.T.);
#921=ORIENTED_EDGE('',*,*,#688,.T.);
#922=ORIENTED_EDGE('',*,*,#685,.T.);
#923=ORIENTED_EDGE('',*,*,#682,.T.);
#924=ORIENTED_EDGE('',*,*,#679,.T.);
#925=ORIENTED_EDGE('',*,*,#676,.T.);
#926=ORIENTED_EDGE('',*,*,#673,.T.);
#927=ORIENTED_EDGE('',*,*,#670,.T.);
#928=ORIENTED_EDGE('',*,*,#667,.T.);
#929=ORIENTED_EDGE('',*,*,#664,.T.);
#930=ORIENTED_EDGE('',*,*,#661,.T.);
#931=ORIENTED_EDGE('',*,*,#658,.T.);
#932=ORIENTED_EDGE('',*,*,#655,.T.);
#933=ORIENTED_EDGE('',*,*,#652,.T.);
#934=ORIENTED_EDGE('',*,*,#649,.T.);
#935=ORIENTED_EDGE('',*,*,#646,.T.);
#936=ORIENTED_EDGE('',*,*,#643,.T.);
#937=ORIENTED_EDGE('',*,*,#640,.T.);
#938=ORIENTED_EDGE('',*,*,#637,.T.);
#939=ORIENTED_EDGE('',*,*,#634,.T.);
#940=ORIENTED_EDGE('',*,*,#631,.T.);
#941=ORIENTED_EDGE('',*,*,#628,.T.);
#942=ORIENTED_EDGE('',*,*,#625,.T.);
#943=ORIENTED_EDGE('',*,*,#622,.T.);
#944=ORIENTED_EDGE('',*,*,#619,.T.);
#945=ORIENTED_EDGE('',*,*,#616,.T.);
#946=ORIENTED_EDGE('',*,*,#613,.T.);
#947=ORIENTED_EDGE('',*,*,#610,.T.);
#948=ORIENTED_EDGE('',*,*,#607,.T.);
#949=ORIENTED_EDGE('',*,*,#604,.T.);
#950=ORIENTED_EDGE('',*,*,#601,.T.);
#951=ORIENTED_EDGE('',*,*,#598,.T.);
#952=ORIENTED_EDGE('',*,*,#595,.T.);
#953=ORIENTED_EDGE('',*,*,#592,.T.);
#954=ORIENTED_EDGE('',*,*,#589,.T.);
#955=ORIENTED_EDGE('',*,*,#586,.T.);
#956=ORIENTED_EDGE('',*,*,#583,.T.);
#957=ORIENTED_EDGE('',*,*,#580,.T.);
#958=ORIENTED_EDGE('',*,*,#577,.T.);
#959=ORIENTED_EDGE('',*,*,#574,.T.);
#960=ORIENTED_EDGE('',*,*,#571,.T.);
#961=ORIENTED_EDGE('',*,*,#568,.T.);
#962=ORIENTED_EDGE('',*,*,#565,.T.);
#963=ORIENTED_EDGE('',*,*,#562,.T.);
#964=ORIENTED_EDGE('',*,*,#559,.T.);
#965=ORIENTED_EDGE('',*,*,#556,.T.);
#966=ORIENTED_EDGE('',*,*,#553,.T.);
#967=ORIENTED_EDGE('',*,*,#550,.T.);
#968=ORIENTED_EDGE('',*,*,#547,.T.);
#969=ORIENTED_EDGE('',*,*,#544,.T.);
#970=ORIENTED_EDGE('',*,*,#541,.T.);
#971=ORIENTED_EDGE('',*,*,#527,.T.);
#972=ORIENTED_EDGE('',*,*,#530,.T.);
#973=ORIENTED_EDGE('',*,*,#533,.T.);
#974=ORIENTED_EDGE('',*,*,#536,.T.);
#975=ORIENTED_EDGE('',*,*,#693,.F.);
#976=ORIENTED_EDGE('',*,*,#539,.F.);
#977=ORIENTED_EDGE('',*,*,#543,.T.);
#978=ORIENTED_EDGE('',*,*,#546,.F.);
#979=ORIENTED_EDGE('',*,*,#549,.F.);
#980=ORIENTED_EDGE('',*,*,#552,.F.);
#981=ORIENTED_EDGE('',*,*,#555,.F.);
#982=ORIENTED_EDGE('',*,*,#558,.F.);
#983=ORIENTED_EDGE('',*,*,#561,.F.);
#984=ORIENTED_EDGE('',*,*,#564,.F.);
#985=ORIENTED_EDGE('',*,*,#567,.F.);
#986=ORIENTED_EDGE('',*,*,#570,.F.);
#987=ORIENTED_EDGE('',*,*,#573,.F.);
#988=ORIENTED_EDGE('',*,*,#576,.F.);
#989=ORIENTED_EDGE('',*,*,#579,.F.);
#990=ORIENTED_EDGE('',*,*,#582,.F.);
#991=ORIENTED_EDGE('',*,*,#585,.F.);
#992=ORIENTED_EDGE('',*,*,#588,.F.);
#993=ORIENTED_EDGE('',*,*,#591,.F.);
#994=ORIENTED_EDGE('',*,*,#594,.F.);
#995=ORIENTED_EDGE('',*,*,#597,.F.);
#996=ORIENTED_EDGE('',*,*,#600,.F.);
#997=ORIENTED_EDGE('',*,*,#603,.F.);
#998=ORIENTED_EDGE('',*,*,#606,.F.);
#999=ORIENTED_EDGE('',*,*,#609,.F.);
#1000=ORIENTED_EDGE('',*,*,#612,.F.);
#1001=ORIENTED_EDGE('',*,*,#615,.F.);
#1002=ORIENTED_EDGE('',*,*,#618,.F.);
#1003=ORIENTED_EDGE('',*,*,#621,.F.);
#1004=ORIENTED_EDGE('',*,*,#624,.F.);
#1005=ORIENTED_EDGE('',*,*,#627,.F.);
#1006=ORIENTED_EDGE('',*,*,#630,.F.);
#1007=ORIENTED_EDGE('',*,*,#633,.F.);
#1008=ORIENTED_EDGE('',*,*,#636,.F.);
#1009=ORIENTED_EDGE('',*,*,#639,.F.);
#1010=ORIENTED_EDGE('',*,*,#642,.F.);
#1011=ORIENTED_EDGE('',*,*,#645,.F.);
#1012=ORIENTED_EDGE('',*,*,#648,.F.);
#1013=ORIENTED_EDGE('',*,*,#651,.F.);
#1014=ORIENTED_EDGE('',*,*,#654,.F.);
#1015=ORIENTED_EDGE('',*,*,#657,.F.);
#1016=ORIENTED_EDGE('',*,*,#660,.F.);
#1017=ORIENTED_EDGE('',*,*,#663,.F.);
#1018=ORIENTED_EDGE('',*,*,#666,.F.);
#1019=ORIENTED_EDGE('',*,*,#669,.F.);
#1020=ORIENTED_EDGE('',*,*,#672,.F.);
#1021=ORIENTED_EDGE('',*,*,#675,.F.);
#1022=ORIENTED_EDGE('',*,*,#678,.F.);
#1023=ORIENTED_EDGE('',*,*,#681,.F.);
#1024=ORIENTED_EDGE('',*,*,#684,.F.);
#1025=ORIENTED_EDGE('',*,*,#687,.F.);
#1026=ORIENTED_EDGE('',*,*,#690,.F.);
#1027=ORIENTED_EDGE('',*,*,#529,.T.);
#1028=ORIENTED_EDGE('',*,*,#532,.T.);
#1029=ORIENTED_EDGE('',*,*,#535,.T.);
#1030=ORIENTED_EDGE('',*,*,#538,.F.);
#1031=CYLINDRICAL_SURFACE('',#1145,1.3);
#1032=CYLINDRICAL_SURFACE('',#1148,2.55);
#1033=CYLINDRICAL_SURFACE('',#1151,1.3);
#1034=CYLINDRICAL_SURFACE('',#1154,1.75);
#1035=CYLINDRICAL_SURFACE('',#1157,4.00000005960464);
#1036=CYLINDRICAL_SURFACE('',#1161,12.09);
#1037=CYLINDRICAL_SURFACE('',#1164,6.05381709888308);
#1038=CYLINDRICAL_SURFACE('',#1168,6.05381709888308);
#1039=CYLINDRICAL_SURFACE('',#1171,12.09);
#1040=CYLINDRICAL_SURFACE('',#1174,6.05381709888308);
#1041=CYLINDRICAL_SURFACE('',#1178,6.05381709888308);
#1042=CYLINDRICAL_SURFACE('',#1181,12.09);
#1043=CYLINDRICAL_SURFACE('',#1184,6.05381709888308);
#1044=CYLINDRICAL_SURFACE('',#1188,6.05381709888308);
#1045=CYLINDRICAL_SURFACE('',#1191,12.09);
#1046=CYLINDRICAL_SURFACE('',#1194,6.05381709888307);
#1047=CYLINDRICAL_SURFACE('',#1198,6.05381709888308);
#1048=CYLINDRICAL_SURFACE('',#1201,12.09);
#1049=CYLINDRICAL_SURFACE('',#1204,6.05381709888307);
#1050=CYLINDRICAL_SURFACE('',#1208,6.05381709888308);
#1051=CYLINDRICAL_SURFACE('',#1211,12.09);
#1052=CYLINDRICAL_SURFACE('',#1214,6.05381709888308);
#1053=CYLINDRICAL_SURFACE('',#1218,6.05381709888308);
#1054=CYLINDRICAL_SURFACE('',#1221,12.09);
#1055=CYLINDRICAL_SURFACE('',#1224,6.05381709888308);
#1056=CYLINDRICAL_SURFACE('',#1228,6.05381709888308);
#1057=CYLINDRICAL_SURFACE('',#1231,12.09);
#1058=CYLINDRICAL_SURFACE('',#1234,6.05381709888307);
#1059=CYLINDRICAL_SURFACE('',#1238,6.05381709888308);
#1060=CYLINDRICAL_SURFACE('',#1241,12.09);
#1061=CYLINDRICAL_SURFACE('',#1244,6.05381709888307);
#1062=CYLINDRICAL_SURFACE('',#1248,6.05381709888308);
#1063=CYLINDRICAL_SURFACE('',#1251,12.09);
#1064=CYLINDRICAL_SURFACE('',#1254,6.05381709888307);
#1065=CYLINDRICAL_SURFACE('',#1258,6.05381709888308);
#1066=CYLINDRICAL_SURFACE('',#1261,12.09);
#1067=CYLINDRICAL_SURFACE('',#1264,6.05381709888308);
#1068=CYLINDRICAL_SURFACE('',#1268,6.05381709888308);
#1069=CYLINDRICAL_SURFACE('',#1271,12.09);
#1070=CYLINDRICAL_SURFACE('',#1274,6.05381709888307);
#1071=CYLINDRICAL_SURFACE('',#1278,6.05381709888308);
#1072=CYLINDRICAL_SURFACE('',#1281,12.09);
#1073=ADVANCED_FACE('',(#39),#1031,.F.);
#1074=ADVANCED_FACE('',(#40),#1032,.F.);
#1075=ADVANCED_FACE('',(#41),#1033,.F.);
#1076=ADVANCED_FACE('',(#42),#1034,.F.);
#1077=ADVANCED_FACE('',(#43),#1035,.T.);
#1078=ADVANCED_FACE('',(#44),#23,.T.);
#1079=ADVANCED_FACE('',(#45),#1036,.T.);
#1080=ADVANCED_FACE('',(#46),#1037,.T.);
#1081=ADVANCED_FACE('',(#47),#24,.T.);
#1082=ADVANCED_FACE('',(#48),#1038,.T.);
#1083=ADVANCED_FACE('',(#49),#1039,.T.);
#1084=ADVANCED_FACE('',(#50),#1040,.T.);
#1085=ADVANCED_FACE('',(#51),#25,.T.);
#1086=ADVANCED_FACE('',(#52),#1041,.T.);
#1087=ADVANCED_FACE('',(#53),#1042,.T.);
#1088=ADVANCED_FACE('',(#54),#1043,.T.);
#1089=ADVANCED_FACE('',(#55),#26,.T.);
#1090=ADVANCED_FACE('',(#56),#1044,.T.);
#1091=ADVANCED_FACE('',(#57),#1045,.T.);
#1092=ADVANCED_FACE('',(#58),#1046,.T.);
#1093=ADVANCED_FACE('',(#59),#27,.T.);
#1094=ADVANCED_FACE('',(#60),#1047,.T.);
#1095=ADVANCED_FACE('',(#61),#1048,.T.);
#1096=ADVANCED_FACE('',(#62),#1049,.T.);
#1097=ADVANCED_FACE('',(#63),#28,.T.);
#1098=ADVANCED_FACE('',(#64),#1050,.T.);
#1099=ADVANCED_FACE('',(#65),#1051,.T.);
#1100=ADVANCED_FACE('',(#66),#1052,.T.);
#1101=ADVANCED_FACE('',(#67),#29,.T.);
#1102=ADVANCED_FACE('',(#68),#1053,.T.);
#1103=ADVANCED_FACE('',(#69),#1054,.T.);
#1104=ADVANCED_FACE('',(#70),#1055,.T.);
#1105=ADVANCED_FACE('',(#71),#30,.T.);
#1106=ADVANCED_FACE('',(#72),#1056,.T.);
#1107=ADVANCED_FACE('',(#73),#1057,.T.);
#1108=ADVANCED_FACE('',(#74),#1058,.T.);
#1109=ADVANCED_FACE('',(#75),#31,.T.);
#1110=ADVANCED_FACE('',(#76),#1059,.T.);
#1111=ADVANCED_FACE('',(#77),#1060,.T.);
#1112=ADVANCED_FACE('',(#78),#1061,.T.);
#1113=ADVANCED_FACE('',(#79),#32,.T.);
#1114=ADVANCED_FACE('',(#80),#1062,.T.);
#1115=ADVANCED_FACE('',(#81),#1063,.T.);
#1116=ADVANCED_FACE('',(#82),#1064,.T.);
#1117=ADVANCED_FACE('',(#83),#33,.T.);
#1118=ADVANCED_FACE('',(#84),#1065,.T.);
#1119=ADVANCED_FACE('',(#85),#1066,.T.);
#1120=ADVANCED_FACE('',(#86),#1067,.T.);
#1121=ADVANCED_FACE('',(#87),#34,.T.);
#1122=ADVANCED_FACE('',(#88),#1068,.T.);
#1123=ADVANCED_FACE('',(#89),#1069,.T.);
#1124=ADVANCED_FACE('',(#90),#1070,.T.);
#1125=ADVANCED_FACE('',(#91),#35,.T.);
#1126=ADVANCED_FACE('',(#92),#1071,.T.);
#1127=ADVANCED_FACE('',(#93),#1072,.T.);
#1128=ADVANCED_FACE('',(#94),#36,.T.);
#1129=ADVANCED_FACE('',(#95,#15,#16,#17,#18),#37,.T.);
#1130=ADVANCED_FACE('',(#96,#19,#20,#21,#22),#38,.F.);
#1131=CLOSED_SHELL('',(#1073,#1074,#1075,#1076,#1077,#1078,#1079,#1080,
#1081,#1082,#1083,#1084,#1085,#1086,#1087,#1088,#1089,#1090,#1091,#1092,
#1093,#1094,#1095,#1096,#1097,#1098,#1099,#1100,#1101,#1102,#1103,#1104,
#1105,#1106,#1107,#1108,#1109,#1110,#1111,#1112,#1113,#1114,#1115,#1116,
#1117,#1118,#1119,#1120,#1121,#1122,#1123,#1124,#1125,#1126,#1127,#1128,
#1129,#1130));
#1132=DERIVED_UNIT_ELEMENT(#1134,1.);
#1133=DERIVED_UNIT_ELEMENT(#2001,-3.);
#1134=(
MASS_UNIT()
NAMED_UNIT(*)
SI_UNIT(.KILO.,.GRAM.)
);
#1135=DERIVED_UNIT((#1132,#1133));
#1136=MEASURE_REPRESENTATION_ITEM('density measure',
POSITIVE_RATIO_MEASURE(7850.),#1135);
#1137=PROPERTY_DEFINITION_REPRESENTATION(#1142,#1139);
#1138=PROPERTY_DEFINITION_REPRESENTATION(#1143,#1140);
#1139=REPRESENTATION('material name',(#1141),#1998);
#1140=REPRESENTATION('density',(#1136),#1998);
#1141=DESCRIPTIVE_REPRESENTATION_ITEM('Steel','Steel');
#1142=PROPERTY_DEFINITION('material property','material name',#2008);
#1143=PROPERTY_DEFINITION('material property','density of part',#2008);
#1144=AXIS2_PLACEMENT_3D('',#1657,#1287,#1288);
#1145=AXIS2_PLACEMENT_3D('',#1658,#1289,#1290);
#1146=AXIS2_PLACEMENT_3D('',#1660,#1291,#1292);
#1147=AXIS2_PLACEMENT_3D('',#1663,#1294,#1295);
#1148=AXIS2_PLACEMENT_3D('',#1664,#1296,#1297);
#1149=AXIS2_PLACEMENT_3D('',#1666,#1298,#1299);
#1150=AXIS2_PLACEMENT_3D('',#1669,#1301,#1302);
#1151=AXIS2_PLACEMENT_3D('',#1670,#1303,#1304);
#1152=AXIS2_PLACEMENT_3D('',#1672,#1305,#1306);
#1153=AXIS2_PLACEMENT_3D('',#1675,#1308,#1309);
#1154=AXIS2_PLACEMENT_3D('',#1676,#1310,#1311);
#1155=AXIS2_PLACEMENT_3D('',#1678,#1312,#1313);
#1156=AXIS2_PLACEMENT_3D('',#1681,#1315,#1316);
#1157=AXIS2_PLACEMENT_3D('',#1682,#1317,#1318);
#1158=AXIS2_PLACEMENT_3D('',#1685,#1319,#1320);
#1159=AXIS2_PLACEMENT_3D('',#1689,#1322,#1323);
#1160=AXIS2_PLACEMENT_3D('',#1691,#1325,#1326);
#1161=AXIS2_PLACEMENT_3D('',#1697,#1330,#1331);
#1162=AXIS2_PLACEMENT_3D('',#1699,#1332,#1333);
#1163=AXIS2_PLACEMENT_3D('',#1701,#1334,#1335);
#1164=AXIS2_PLACEMENT_3D('',#1703,#1337,#1338);
#1165=AXIS2_PLACEMENT_3D('',#1705,#1339,#1340);
#1166=AXIS2_PLACEMENT_3D('',#1707,#1341,#1342);
#1167=AXIS2_PLACEMENT_3D('',#1709,#1344,#1345);
#1168=AXIS2_PLACEMENT_3D('',#1715,#1349,#1350);
#1169=AXIS2_PLACEMENT_3D('',#1717,#1351,#1352);
#1170=AXIS2_PLACEMENT_3D('',#1719,#1353,#1354);
#1171=AXIS2_PLACEMENT_3D('',#1721,#1356,#1357);
#1172=AXIS2_PLACEMENT_3D('',#1723,#1358,#1359);
#1173=AXIS2_PLACEMENT_3D('',#1725,#1360,#1361);
#1174=AXIS2_PLACEMENT_3D('',#1727,#1363,#1364);
#1175=AXIS2_PLACEMENT_3D('',#1729,#1365,#1366);
#1176=AXIS2_PLACEMENT_3D('',#1731,#1367,#1368);
#1177=AXIS2_PLACEMENT_3D('',#1733,#1370,#1371);
#1178=AXIS2_PLACEMENT_3D('',#1739,#1375,#1376);
#1179=AXIS2_PLACEMENT_3D('',#1741,#1377,#1378);
#1180=AXIS2_PLACEMENT_3D('',#1743,#1379,#1380);
#1181=AXIS2_PLACEMENT_3D('',#1745,#1382,#1383);
#1182=AXIS2_PLACEMENT_3D('',#1747,#1384,#1385);
#1183=AXIS2_PLACEMENT_3D('',#1749,#1386,#1387);
#1184=AXIS2_PLACEMENT_3D('',#1751,#1389,#1390);
#1185=AXIS2_PLACEMENT_3D('',#1753,#1391,#1392);
#1186=AXIS2_PLACEMENT_3D('',#1755,#1393,#1394);
#1187=AXIS2_PLACEMENT_3D('',#1757,#1396,#1397);
#1188=AXIS2_PLACEMENT_3D('',#1763,#1401,#1402);
#1189=AXIS2_PLACEMENT_3D('',#1765,#1403,#1404);
#1190=AXIS2_PLACEMENT_3D('',#1767,#1405,#1406);
#1191=AXIS2_PLACEMENT_3D('',#1769,#1408,#1409);
#1192=AXIS2_PLACEMENT_3D('',#1771,#1410,#1411);
#1193=AXIS2_PLACEMENT_3D('',#1773,#1412,#1413);
#1194=AXIS2_PLACEMENT_3D('',#1775,#1415,#1416);
#1195=AXIS2_PLACEMENT_3D('',#1777,#1417,#1418);
#1196=AXIS2_PLACEMENT_3D('',#1779,#1419,#1420);
#1197=AXIS2_PLACEMENT_3D('',#1781,#1422,#1423);
#1198=AXIS2_PLACEMENT_3D('',#1787,#1427,#1428);
#1199=AXIS2_PLACEMENT_3D('',#1789,#1429,#1430);
#1200=AXIS2_PLACEMENT_3D('',#1791,#1431,#1432);
#1201=AXIS2_PLACEMENT_3D('',#1793,#1434,#1435);
#1202=AXIS2_PLACEMENT_3D('',#1795,#1436,#1437);
#1203=AXIS2_PLACEMENT_3D('',#1797,#1438,#1439);
#1204=AXIS2_PLACEMENT_3D('',#1799,#1441,#1442);
#1205=AXIS2_PLACEMENT_3D('',#1801,#1443,#1444);
#1206=AXIS2_PLACEMENT_3D('',#1803,#1445,#1446);
#1207=AXIS2_PLACEMENT_3D('',#1805,#1448,#1449);
#1208=AXIS2_PLACEMENT_3D('',#1811,#1453,#1454);
#1209=AXIS2_PLACEMENT_3D('',#1813,#1455,#1456);
#1210=AXIS2_PLACEMENT_3D('',#1815,#1457,#1458);
#1211=AXIS2_PLACEMENT_3D('',#1817,#1460,#1461);
#1212=AXIS2_PLACEMENT_3D('',#1819,#1462,#1463);
#1213=AXIS2_PLACEMENT_3D('',#1821,#1464,#1465);
#1214=AXIS2_PLACEMENT_3D('',#1823,#1467,#1468);
#1215=AXIS2_PLACEMENT_3D('',#1825,#1469,#1470);
#1216=AXIS2_PLACEMENT_3D('',#1827,#1471,#1472);
#1217=AXIS2_PLACEMENT_3D('',#1829,#1474,#1475);
#1218=AXIS2_PLACEMENT_3D('',#1835,#1479,#1480);
#1219=AXIS2_PLACEMENT_3D('',#1837,#1481,#1482);
#1220=AXIS2_PLACEMENT_3D('',#1839,#1483,#1484);
#1221=AXIS2_PLACEMENT_3D('',#1841,#1486,#1487);
#1222=AXIS2_PLACEMENT_3D('',#1843,#1488,#1489);
#1223=AXIS2_PLACEMENT_3D('',#1845,#1490,#1491);
#1224=AXIS2_PLACEMENT_3D('',#1847,#1493,#1494);
#1225=AXIS2_PLACEMENT_3D('',#1849,#1495,#1496);
#1226=AXIS2_PLACEMENT_3D('',#1851,#1497,#1498);
#1227=AXIS2_PLACEMENT_3D('',#1853,#1500,#1501);
#1228=AXIS2_PLACEMENT_3D('',#1859,#1505,#1506);
#1229=AXIS2_PLACEMENT_3D('',#1861,#1507,#1508);
#1230=AXIS2_PLACEMENT_3D('',#1863,#1509,#1510);
#1231=AXIS2_PLACEMENT_3D('',#1865,#1512,#1513);
#1232=AXIS2_PLACEMENT_3D('',#1867,#1514,#1515);
#1233=AXIS2_PLACEMENT_3D('',#1869,#1516,#1517);
#1234=AXIS2_PLACEMENT_3D('',#1871,#1519,#1520);
#1235=AXIS2_PLACEMENT_3D('',#1873,#1521,#1522);
#1236=AXIS2_PLACEMENT_3D('',#1875,#1523,#1524);
#1237=AXIS2_PLACEMENT_3D('',#1877,#1526,#1527);
#1238=AXIS2_PLACEMENT_3D('',#1883,#1531,#1532);
#1239=AXIS2_PLACEMENT_3D('',#1885,#1533,#1534);
#1240=AXIS2_PLACEMENT_3D('',#1887,#1535,#1536);
#1241=AXIS2_PLACEMENT_3D('',#1889,#1538,#1539);
#1242=AXIS2_PLACEMENT_3D('',#1891,#1540,#1541);
#1243=AXIS2_PLACEMENT_3D('',#1893,#1542,#1543);
#1244=AXIS2_PLACEMENT_3D('',#1895,#1545,#1546);
#1245=AXIS2_PLACEMENT_3D('',#1897,#1547,#1548);
#1246=AXIS2_PLACEMENT_3D('',#1899,#1549,#1550);
#1247=AXIS2_PLACEMENT_3D('',#1901,#1552,#1553);
#1248=AXIS2_PLACEMENT_3D('',#1907,#1557,#1558);
#1249=AXIS2_PLACEMENT_3D('',#1909,#1559,#1560);
#1250=AXIS2_PLACEMENT_3D('',#1911,#1561,#1562);
#1251=AXIS2_PLACEMENT_3D('',#1913,#1564,#1565);
#1252=AXIS2_PLACEMENT_3D('',#1915,#1566,#1567);
#1253=AXIS2_PLACEMENT_3D('',#1917,#1568,#1569);
#1254=AXIS2_PLACEMENT_3D('',#1919,#1571,#1572);
#1255=AXIS2_PLACEMENT_3D('',#1921,#1573,#1574);
#1256=AXIS2_PLACEMENT_3D('',#1923,#1575,#1576);
#1257=AXIS2_PLACEMENT_3D('',#1925,#1578,#1579);
#1258=AXIS2_PLACEMENT_3D('',#1931,#1583,#1584);
#1259=AXIS2_PLACEMENT_3D('',#1933,#1585,#1586);
#1260=AXIS2_PLACEMENT_3D('',#1935,#1587,#1588);
#1261=AXIS2_PLACEMENT_3D('',#1937,#1590,#1591);
#1262=AXIS2_PLACEMENT_3D('',#1939,#1592,#1593);
#1263=AXIS2_PLACEMENT_3D('',#1941,#1594,#1595);
#1264=AXIS2_PLACEMENT_3D('',#1943,#1597,#1598);
#1265=AXIS2_PLACEMENT_3D('',#1945,#1599,#1600);
#1266=AXIS2_PLACEMENT_3D('',#1947,#1601,#1602);
#1267=AXIS2_PLACEMENT_3D('',#1949,#1604,#1605);
#1268=AXIS2_PLACEMENT_3D('',#1955,#1609,#1610);
#1269=AXIS2_PLACEMENT_3D('',#1957,#1611,#1612);
#1270=AXIS2_PLACEMENT_3D('',#1959,#1613,#1614);
#1271=AXIS2_PLACEMENT_3D('',#1961,#1616,#1617);
#1272=AXIS2_PLACEMENT_3D('',#1963,#1618,#1619);
#1273=AXIS2_PLACEMENT_3D('',#1965,#1620,#1621);
#1274=AXIS2_PLACEMENT_3D('',#1967,#1623,#1624);
#1275=AXIS2_PLACEMENT_3D('',#1969,#1625,#1626);
#1276=AXIS2_PLACEMENT_3D('',#1971,#1627,#1628);
#1277=AXIS2_PLACEMENT_3D('',#1973,#1630,#1631);
#1278=AXIS2_PLACEMENT_3D('',#1979,#1635,#1636);
#1279=AXIS2_PLACEMENT_3D('',#1981,#1637,#1638);
#1280=AXIS2_PLACEMENT_3D('',#1983,#1639,#1640);
#1281=AXIS2_PLACEMENT_3D('',#1985,#1642,#1643);
#1282=AXIS2_PLACEMENT_3D('',#1987,#1644,#1645);
#1283=AXIS2_PLACEMENT_3D('',#1989,#1646,#1647);
#1284=AXIS2_PLACEMENT_3D('',#1991,#1649,#1650);
#1285=AXIS2_PLACEMENT_3D('',#1994,#1653,#1654);
#1286=AXIS2_PLACEMENT_3D('',#1995,#1655,#1656);
#1287=DIRECTION('axis',(0.,0.,1.));
#1288=DIRECTION('refdir',(1.,0.,0.));
#1289=DIRECTION('center_axis',(5.82934738133839E-17,-1.03287884867011E-15,
1.));
#1290=DIRECTION('ref_axis',(3.56333827149286E-15,1.,1.03287884867011E-15));
#1291=DIRECTION('center_axis',(5.82934738133839E-17,-1.03287884867011E-15,
1.));
#1292=DIRECTION('ref_axis',(3.56333827149286E-15,1.,1.03287884867011E-15));
#1293=DIRECTION('',(5.82934738133839E-17,-1.03287884867011E-15,1.));
#1294=DIRECTION('center_axis',(-5.82934738133839E-17,1.03287884867011E-15,
-1.));
#1295=DIRECTION('ref_axis',(3.56333827149286E-15,1.,1.03287884867011E-15));
#1296=DIRECTION('center_axis',(5.82934738133839E-17,-1.03287884867011E-15,
1.));
#1297=DIRECTION('ref_axis',(3.56333827149286E-15,1.,1.03287884867011E-15));
#1298=DIRECTION('center_axis',(5.82934738133839E-17,-1.03287884867011E-15,
1.));
#1299=DIRECTION('ref_axis',(3.56333827149286E-15,1.,1.03287884867011E-15));
#1300=DIRECTION('',(5.82934738133839E-17,-1.03287884867011E-15,1.));
#1301=DIRECTION('center_axis',(-5.82934738133839E-17,1.03287884867011E-15,
-1.));
#1302=DIRECTION('ref_axis',(3.56333827149286E-15,1.,1.03287884867011E-15));
#1303=DIRECTION('center_axis',(5.82934738133839E-17,-1.03287884867011E-15,
1.));
#1304=DIRECTION('ref_axis',(3.56333827149286E-15,1.,1.03287884867011E-15));
#1305=DIRECTION('center_axis',(5.82934738133839E-17,-1.03287884867011E-15,
1.));
#1306=DIRECTION('ref_axis',(3.56333827149286E-15,1.,1.03287884867011E-15));
#1307=DIRECTION('',(5.82934738133839E-17,-1.03287884867011E-15,1.));
#1308=DIRECTION('center_axis',(-5.82934738133839E-17,1.03287884867011E-15,
-1.));
#1309=DIRECTION('ref_axis',(3.56333827149286E-15,1.,1.03287884867011E-15));
#1310=DIRECTION('center_axis',(-5.82934738133839E-17,1.03287884867011E-15,
-1.));
#1311=DIRECTION('ref_axis',(3.56333827149286E-15,1.,1.03287884867011E-15));
#1312=DIRECTION('center_axis',(5.82934738133839E-17,-1.03287884867011E-15,
1.));
#1313=DIRECTION('ref_axis',(3.56333827149286E-15,1.,1.03287884867011E-15));
#1314=DIRECTION('',(5.82934738133839E-17,-1.03287884867011E-15,1.));
#1315=DIRECTION('center_axis',(5.82934738133839E-17,-1.03287884867011E-15,
1.));
#1316=DIRECTION('ref_axis',(3.56333827149286E-15,1.,1.03287884867011E-15));
#1317=DIRECTION('center_axis',(-5.82934738133839E-17,1.03287884867011E-15,
-1.));
#1318=DIRECTION('ref_axis',(-1.,3.56333827149286E-15,5.82934738133876E-17));
#1319=DIRECTION('center_axis',(-5.82934738133839E-17,1.03287884867011E-15,
-1.));
#1320=DIRECTION('ref_axis',(-1.,3.56333827149286E-15,5.82934738133876E-17));
#1321=DIRECTION('',(-5.82934738133839E-17,1.03287884867011E-15,-1.));
#1322=DIRECTION('center_axis',(-5.82934738133839E-17,1.03287884867011E-15,
-1.));
#1323=DIRECTION('ref_axis',(-1.,3.56333827149286E-15,5.82934738133876E-17));
#1324=DIRECTION('',(-5.82934738133839E-17,1.03287884867011E-15,-1.));
#1325=DIRECTION('center_axis',(-0.999980167140018,0.00629804149097962,6.47974315311595E-17));
#1326=DIRECTION('ref_axis',(0.00629804149097962,0.999980167140018,1.03249122901179E-15));
#1327=DIRECTION('',(-0.00629804149097962,-0.999980167140018,-1.03249122901179E-15));
#1328=DIRECTION('',(0.00629804149097962,0.999980167140018,1.03249122901179E-15));
#1329=DIRECTION('',(-5.82934738133839E-17,1.03287884867011E-15,-1.));
#1330=DIRECTION('center_axis',(-5.82934738133839E-17,1.03287884867011E-15,
-1.));
#1331=DIRECTION('ref_axis',(3.56333827149286E-15,1.,1.03287884867011E-15));
#1332=DIRECTION('center_axis',(-5.82934738133839E-17,1.03287884867011E-15,
-1.));
#1333=DIRECTION('ref_axis',(3.56333827149286E-15,1.,1.03287884867011E-15));
#1334=DIRECTION('center_axis',(-5.82934738133839E-17,1.03287884867011E-15,
-1.));
#1335=DIRECTION('ref_axis',(3.56333827149286E-15,1.,1.03287884867011E-15));
#1336=DIRECTION('',(-5.82934738133839E-17,1.03287884867011E-15,-1.));
#1337=DIRECTION('center_axis',(-5.82934738133839E-17,1.03287884867011E-15,
-1.));
#1338=DIRECTION('ref_axis',(-0.972011790365646,-0.234932073991975,-1.85994426252531E-16));
#1339=DIRECTION('center_axis',(-5.82934738133839E-17,1.03287884867011E-15,
-1.));
#1340=DIRECTION('ref_axis',(-0.972011790365646,-0.234932073991975,-1.85994426252531E-16));
#1341=DIRECTION('center_axis',(-5.82934738133839E-17,1.03287884867011E-15,
-1.));
#1342=DIRECTION('ref_axis',(-0.972011790365646,-0.234932073991975,-1.85994426252531E-16));
#1343=DIRECTION('',(-5.82934738133839E-17,1.03287884867011E-15,-1.));
#1344=DIRECTION('center_axis',(-0.258819045102524,-0.965925826289068,-9.82596894130084E-16));
#1345=DIRECTION('ref_axis',(-0.965925826289068,0.258819045102524,3.23635889179844E-16));
#1346=DIRECTION('',(-0.965925826289068,0.258819045102524,3.23635889179844E-16));
#1347=DIRECTION('',(-0.965925826289068,0.258819045102524,3.23635889179844E-16));
#1348=DIRECTION('',(-5.82934738133839E-17,1.03287884867011E-15,-1.));
#1349=DIRECTION('center_axis',(-5.82934738133839E-17,1.03287884867011E-15,
-1.));
#1350=DIRECTION('ref_axis',(0.951305755942792,-0.30824885840845,-3.73838643149367E-16));
#1351=DIRECTION('center_axis',(-5.82934738133839E-17,1.03287884867011E-15,
-1.));
#1352=DIRECTION('ref_axis',(0.951305755942792,-0.30824885840845,-3.73838643149367E-16));
#1353=DIRECTION('center_axis',(-5.82934738133839E-17,1.03287884867011E-15,
-1.));
#1354=DIRECTION('ref_axis',(0.951305755942792,-0.30824885840845,-3.73838643149367E-16));
#1355=DIRECTION('',(-5.82934738133839E-17,1.03287884867011E-15,-1.));
#1356=DIRECTION('center_axis',(-5.82934738133839E-17,1.03287884867011E-15,
-1.));
#1357=DIRECTION('ref_axis',(3.56333827149286E-15,1.,1.03287884867011E-15));
#1358=DIRECTION('center_axis',(-5.82934738133839E-17,1.03287884867011E-15,
-1.));
#1359=DIRECTION('ref_axis',(3.56333827149286E-15,1.,1.03287884867011E-15));
#1360=DIRECTION('center_axis',(-5.82934738133839E-17,1.03287884867011E-15,
-1.));
#1361=DIRECTION('ref_axis',(3.56333827149286E-15,1.,1.03287884867011E-15));
#1362=DIRECTION('',(-5.82934738133839E-17,1.03287884867011E-15,-1.));
#1363=DIRECTION('center_axis',(-5.82934738133839E-17,1.03287884867011E-15,
-1.));
#1364=DIRECTION('ref_axis',(-0.878086396717096,-0.478502121103331,-4.43048013558495E-16));
#1365=DIRECTION('center_axis',(-5.82934738133839E-17,1.03287884867011E-15,
-1.));
#1366=DIRECTION('ref_axis',(-0.878086396717096,-0.478502121103331,-4.43048013558495E-16));
#1367=DIRECTION('center_axis',(-5.82934738133839E-17,1.03287884867011E-15,
-1.));
#1368=DIRECTION('ref_axis',(-0.878086396717096,-0.478502121103331,-4.43048013558495E-16));
#1369=DIRECTION('',(-5.82934738133839E-17,1.03287884867011E-15,-1.));
#1370=DIRECTION('center_axis',(-3.56333827149286E-15,-1.,-1.03287884867011E-15));
#1371=DIRECTION('ref_axis',(-1.,3.56333827149286E-15,5.82934738133876E-17));
#1372=DIRECTION('',(-1.,3.56333827149286E-15,5.82934738133876E-17));
#1373=DIRECTION('',(-1.,3.56333827149286E-15,5.82934738133876E-17));
#1374=DIRECTION('',(-5.82934738133839E-17,1.03287884867011E-15,-1.));
#1375=DIRECTION('center_axis',(-5.82934738133839E-17,1.03287884867011E-15,
-1.));
#1376=DIRECTION('ref_axis',(0.998671473549805,-0.0515294859071992,-1.11439745467939E-16));
#1377=DIRECTION('center_axis',(-5.82934738133839E-17,1.03287884867011E-15,
-1.));
#1378=DIRECTION('ref_axis',(0.998671473549805,-0.0515294859071992,-1.11439745467939E-16));
#1379=DIRECTION('center_axis',(-5.82934738133839E-17,1.03287884867011E-15,
-1.));
#1380=DIRECTION('ref_axis',(0.998671473549805,-0.0515294859071992,-1.11439745467939E-16));
#1381=DIRECTION('',(-5.82934738133839E-17,1.03287884867011E-15,-1.));
#1382=DIRECTION('center_axis',(-5.82934738133839E-17,1.03287884867011E-15,
-1.));
#1383=DIRECTION('ref_axis',(3.56333827149286E-15,1.,1.03287884867011E-15));
#1384=DIRECTION('center_axis',(-5.82934738133839E-17,1.03287884867011E-15,
-1.));
#1385=DIRECTION('ref_axis',(3.56333827149286E-15,1.,1.03287884867011E-15));
#1386=DIRECTION('center_axis',(-5.82934738133839E-17,1.03287884867011E-15,
-1.));
#1387=DIRECTION('ref_axis',(3.56333827149286E-15,1.,1.03287884867011E-15));
#1388=DIRECTION('',(-5.82934738133839E-17,1.03287884867011E-15,-1.));
#1389=DIRECTION('center_axis',(-5.82934738133839E-17,1.03287884867011E-15,
-1.));
#1390=DIRECTION('ref_axis',(-0.724320866238656,-0.689463039423639,-6.6990861091191E-16));
#1391=DIRECTION('center_axis',(-5.82934738133839E-17,1.03287884867011E-15,
-1.));
#1392=DIRECTION('ref_axis',(-0.724320866238656,-0.689463039423639,-6.6990861091191E-16));
#1393=DIRECTION('center_axis',(-5.82934738133839E-17,1.03287884867011E-15,
-1.));
#1394=DIRECTION('ref_axis',(-0.724320866238656,-0.689463039423639,-6.6990861091191E-16));
#1395=DIRECTION('',(-5.82934738133839E-17,1.03287884867011E-15,-1.));
#1396=DIRECTION('center_axis',(0.258819045102517,-0.965925826289069,-1.01277181658626E-15));
#1397=DIRECTION('ref_axis',(-0.965925826289069,-0.258819045102517,-2.11021545458931E-16));
#1398=DIRECTION('',(-0.965925826289069,-0.258819045102517,-2.11021545458931E-16));
#1399=DIRECTION('',(-0.965925826289069,-0.258819045102517,-2.11021545458931E-16));
#1400=DIRECTION('',(-5.82934738133839E-17,1.03287884867011E-15,-1.));
#1401=DIRECTION('center_axis',(-5.82934738133839E-17,1.03287884867011E-15,
-1.));
#1402=DIRECTION('ref_axis',(0.977979380617042,0.208701535902126,1.58553586704242E-16));
#1403=DIRECTION('center_axis',(-5.82934738133839E-17,1.03287884867011E-15,
-1.));
#1404=DIRECTION('ref_axis',(0.977979380617042,0.208701535902126,1.58553586704242E-16));
#1405=DIRECTION('center_axis',(-5.82934738133839E-17,1.03287884867011E-15,
-1.));
#1406=DIRECTION('ref_axis',(0.977979380617042,0.208701535902126,1.58553586704242E-16));
#1407=DIRECTION('',(-5.82934738133839E-17,1.03287884867011E-15,-1.));
#1408=DIRECTION('center_axis',(-5.82934738133839E-17,1.03287884867011E-15,
-1.));
#1409=DIRECTION('ref_axis',(3.56333827149286E-15,1.,1.03287884867011E-15));
#1410=DIRECTION('center_axis',(-5.82934738133839E-17,1.03287884867011E-15,
-1.));
#1411=DIRECTION('ref_axis',(3.56333827149286E-15,1.,1.03287884867011E-15));
#1412=DIRECTION('center_axis',(-5.82934738133839E-17,1.03287884867011E-15,
-1.));
#1413=DIRECTION('ref_axis',(3.56333827149286E-15,1.,1.03287884867011E-15));
#1414=DIRECTION('',(-5.82934738133839E-17,1.03287884867011E-15,-1.));
#1415=DIRECTION('center_axis',(-5.82934738133839E-17,1.03287884867011E-15,
-1.));
#1416=DIRECTION('ref_axis',(-0.52119406572288,-0.853438190998771,-8.51116043508E-16));
#1417=DIRECTION('center_axis',(-5.82934738133839E-17,1.03287884867011E-15,
-1.));
#1418=DIRECTION('ref_axis',(-0.52119406572288,-0.853438190998771,-8.51116043508E-16));
#1419=DIRECTION('center_axis',(-5.82934738133839E-17,1.03287884867011E-15,
-1.));
#1420=DIRECTION('ref_axis',(-0.52119406572288,-0.853438190998771,-8.51116043508E-16));
#1421=DIRECTION('',(-5.82934738133839E-17,1.03287884867011E-15,-1.));
#1422=DIRECTION('center_axis',(0.499999999999998,-0.86602540378444,-9.23646058886627E-16));
#1423=DIRECTION('ref_axis',(-0.86602540378444,-0.499999999999998,-4.65955795137818E-16));
#1424=DIRECTION('',(-0.86602540378444,-0.499999999999998,-4.65955795137818E-16));
#1425=DIRECTION('',(-0.86602540378444,-0.499999999999998,-4.65955795137818E-16));
#1426=DIRECTION('',(-5.82934738133839E-17,1.03287884867011E-15,-1.));
#1427=DIRECTION('center_axis',(-5.82934738133839E-17,1.03287884867011E-15,
-1.));
#1428=DIRECTION('ref_axis',(0.89063960908257,0.454709892935316,4.17741753964719E-16));
#1429=DIRECTION('center_axis',(-5.82934738133839E-17,1.03287884867011E-15,
-1.));
#1430=DIRECTION('ref_axis',(0.89063960908257,0.454709892935316,4.17741753964719E-16));
#1431=DIRECTION('center_axis',(-5.82934738133839E-17,1.03287884867011E-15,
-1.));
#1432=DIRECTION('ref_axis',(0.89063960908257,0.454709892935316,4.17741753964719E-16));
#1433=DIRECTION('',(-5.82934738133839E-17,1.03287884867011E-15,-1.));
#1434=DIRECTION('center_axis',(-5.82934738133839E-17,1.03287884867011E-15,
-1.));
#1435=DIRECTION('ref_axis',(3.56333827149286E-15,1.,1.03287884867011E-15));
#1436=DIRECTION('center_axis',(-5.82934738133839E-17,1.03287884867011E-15,
-1.));
#1437=DIRECTION('ref_axis',(3.56333827149286E-15,1.,1.03287884867011E-15));
#1438=DIRECTION('center_axis',(-5.82934738133839E-17,1.03287884867011E-15,
-1.));
#1439=DIRECTION('ref_axis',(3.56333827149286E-15,1.,1.03287884867011E-15));
#1440=DIRECTION('',(-5.82934738133839E-17,1.03287884867011E-15,-1.));
#1441=DIRECTION('center_axis',(-5.82934738133839E-17,1.03287884867011E-15,
-1.));
#1442=DIRECTION('ref_axis',(-0.282548750942007,-0.959252940230632,-9.74321324274787E-16));
#1443=DIRECTION('center_axis',(-5.82934738133839E-17,1.03287884867011E-15,
-1.));
#1444=DIRECTION('ref_axis',(-0.282548750942007,-0.959252940230632,-9.74321324274787E-16));
#1445=DIRECTION('center_axis',(-5.82934738133839E-17,1.03287884867011E-15,
-1.));
#1446=DIRECTION('ref_axis',(-0.282548750942007,-0.959252940230632,-9.74321324274787E-16));
#1447=DIRECTION('',(-5.82934738133839E-17,1.03287884867011E-15,-1.));
#1448=DIRECTION('center_axis',(0.707106781186545,-0.70710678118655,-7.71575348671152E-16));
#1449=DIRECTION('ref_axis',(-0.70710678118655,-0.707106781186545,-6.89135927406419E-16));
#1450=DIRECTION('',(-0.70710678118655,-0.707106781186545,-6.89135927406419E-16));
#1451=DIRECTION('',(-0.70710678118655,-0.707106781186545,-6.89135927406419E-16));
#1452=DIRECTION('',(-5.82934738133839E-17,1.03287884867011E-15,-1.));
#1453=DIRECTION('center_axis',(-5.82934738133839E-17,1.03287884867011E-15,
-1.));
#1454=DIRECTION('ref_axis',(0.742604220040666,0.669730522208592,6.48461511043391E-16));
#1455=DIRECTION('center_axis',(-5.82934738133839E-17,1.03287884867011E-15,
-1.));
#1456=DIRECTION('ref_axis',(0.742604220040666,0.669730522208592,6.48461511043391E-16));
#1457=DIRECTION('center_axis',(-5.82934738133839E-17,1.03287884867011E-15,
-1.));
#1458=DIRECTION('ref_axis',(0.742604220040666,0.669730522208592,6.48461511043391E-16));
#1459=DIRECTION('',(-5.82934738133839E-17,1.03287884867011E-15,-1.));
#1460=DIRECTION('center_axis',(-5.82934738133839E-17,1.03287884867011E-15,
-1.));
#1461=DIRECTION('ref_axis',(3.56333827149286E-15,1.,1.03287884867011E-15));
#1462=DIRECTION('center_axis',(-5.82934738133839E-17,1.03287884867011E-15,
-1.));
#1463=DIRECTION('ref_axis',(3.56333827149286E-15,1.,1.03287884867011E-15));
#1464=DIRECTION('center_axis',(-5.82934738133839E-17,1.03287884867011E-15,
-1.));
#1465=DIRECTION('ref_axis',(3.56333827149286E-15,1.,1.03287884867011E-15));
#1466=DIRECTION('',(-5.82934738133839E-17,1.03287884867011E-15,-1.));
#1467=DIRECTION('center_axis',(-5.82934738133839E-17,1.03287884867011E-15,
-1.));
#1468=DIRECTION('ref_axis',(-0.0246482057183247,-0.999696186826211,-1.03112821693436E-15));
#1469=DIRECTION('center_axis',(-5.82934738133839E-17,1.03287884867011E-15,
-1.));
#1470=DIRECTION('ref_axis',(-0.0246482057183247,-0.999696186826211,-1.03112821693436E-15));
#1471=DIRECTION('center_axis',(-5.82934738133839E-17,1.03287884867011E-15,
-1.));
#1472=DIRECTION('ref_axis',(-0.0246482057183247,-0.999696186826211,-1.03112821693436E-15));
#1473=DIRECTION('',(-5.82934738133839E-17,1.03287884867011E-15,-1.));
#1474=DIRECTION('center_axis',(0.866025403784436,-0.500000000000005,-5.66923053532291E-16));
#1475=DIRECTION('ref_axis',(-0.500000000000005,-0.866025403784436,-8.6535258507324E-16));
#1476=DIRECTION('',(-0.500000000000005,-0.866025403784436,-8.6535258507324E-16));
#1477=DIRECTION('',(-0.500000000000005,-0.866025403784436,-8.6535258507324E-16));
#1478=DIRECTION('',(-5.82934738133839E-17,1.03287884867011E-15,-1.));
#1479=DIRECTION('center_axis',(-5.82934738133839E-17,1.03287884867011E-15,
-1.));
#1480=DIRECTION('ref_axis',(0.543961580614489,0.839110123175371,8.3498968777777E-16));
#1481=DIRECTION('center_axis',(-5.82934738133839E-17,1.03287884867011E-15,
-1.));
#1482=DIRECTION('ref_axis',(0.543961580614489,0.839110123175371,8.3498968777777E-16));
#1483=DIRECTION('center_axis',(-5.82934738133839E-17,1.03287884867011E-15,
-1.));
#1484=DIRECTION('ref_axis',(0.543961580614489,0.839110123175371,8.3498968777777E-16));
#1485=DIRECTION('',(-5.82934738133839E-17,1.03287884867011E-15,-1.));
#1486=DIRECTION('center_axis',(-5.82934738133839E-17,1.03287884867011E-15,
-1.));
#1487=DIRECTION('ref_axis',(3.56333827149286E-15,1.,1.03287884867011E-15));
#1488=DIRECTION('center_axis',(-5.82934738133839E-17,1.03287884867011E-15,
-1.));
#1489=DIRECTION('ref_axis',(3.56333827149286E-15,1.,1.03287884867011E-15));
#1490=DIRECTION('center_axis',(-5.82934738133839E-17,1.03287884867011E-15,
-1.));
#1491=DIRECTION('ref_axis',(3.56333827149286E-15,1.,1.03287884867011E-15));
#1492=DIRECTION('',(-5.82934738133839E-17,1.03287884867011E-15,-1.));
#1493=DIRECTION('center_axis',(-5.82934738133839E-17,1.03287884867011E-15,
-1.));
#1494=DIRECTION('ref_axis',(0.234932073991975,-0.972011790365646,-1.01766542562981E-15));
#1495=DIRECTION('center_axis',(-5.82934738133839E-17,1.03287884867011E-15,
-1.));
#1496=DIRECTION('ref_axis',(0.234932073991975,-0.972011790365646,-1.01766542562981E-15));
#1497=DIRECTION('center_axis',(-5.82934738133839E-17,1.03287884867011E-15,
-1.));
#1498=DIRECTION('ref_axis',(0.234932073991975,-0.972011790365646,-1.01766542562981E-15));
#1499=DIRECTION('',(-5.82934738133839E-17,1.03287884867011E-15,-1.));
#1500=DIRECTION('center_axis',(0.965925826289068,-0.258819045102524,-3.23635889179844E-16));
#1501=DIRECTION('ref_axis',(-0.258819045102524,-0.965925826289068,-9.82596894130084E-16));
#1502=DIRECTION('',(-0.258819045102524,-0.965925826289068,-9.82596894130084E-16));
#1503=DIRECTION('',(-0.258819045102524,-0.965925826289068,-9.82596894130084E-16));
#1504=DIRECTION('',(-5.82934738133839E-17,1.03287884867011E-15,-1.));
#1505=DIRECTION('center_axis',(-5.82934738133839E-17,1.03287884867011E-15,
-1.));
#1506=DIRECTION('ref_axis',(0.30824885840845,0.951305755942792,9.64614697175798E-16));
#1507=DIRECTION('center_axis',(-5.82934738133839E-17,1.03287884867011E-15,
-1.));
#1508=DIRECTION('ref_axis',(0.30824885840845,0.951305755942792,9.64614697175798E-16));
#1509=DIRECTION('center_axis',(-5.82934738133839E-17,1.03287884867011E-15,
-1.));
#1510=DIRECTION('ref_axis',(0.30824885840845,0.951305755942792,9.64614697175798E-16));
#1511=DIRECTION('',(-5.82934738133839E-17,1.03287884867011E-15,-1.));
#1512=DIRECTION('center_axis',(-5.82934738133839E-17,1.03287884867011E-15,
-1.));
#1513=DIRECTION('ref_axis',(3.56333827149286E-15,1.,1.03287884867011E-15));
#1514=DIRECTION('center_axis',(-5.82934738133839E-17,1.03287884867011E-15,
-1.));
#1515=DIRECTION('ref_axis',(3.56333827149286E-15,1.,1.03287884867011E-15));
#1516=DIRECTION('center_axis',(-5.82934738133839E-17,1.03287884867011E-15,
-1.));
#1517=DIRECTION('ref_axis',(3.56333827149286E-15,1.,1.03287884867011E-15));
#1518=DIRECTION('',(-5.82934738133839E-17,1.03287884867011E-15,-1.));
#1519=DIRECTION('center_axis',(-5.82934738133839E-17,1.03287884867011E-15,
-1.));
#1520=DIRECTION('ref_axis',(0.478502121103332,-0.878086396717096,-9.34850417340221E-16));
#1521=DIRECTION('center_axis',(-5.82934738133839E-17,1.03287884867011E-15,
-1.));
#1522=DIRECTION('ref_axis',(0.478502121103332,-0.878086396717096,-9.34850417340221E-16));
#1523=DIRECTION('center_axis',(-5.82934738133839E-17,1.03287884867011E-15,
-1.));
#1524=DIRECTION('ref_axis',(0.478502121103332,-0.878086396717096,-9.34850417340221E-16));
#1525=DIRECTION('',(-5.82934738133839E-17,1.03287884867011E-15,-1.));
#1526=DIRECTION('center_axis',(1.,-3.56333827149286E-15,-5.82934738133876E-17));
#1527=DIRECTION('ref_axis',(-3.56333827149286E-15,-1.,-1.03287884867011E-15));
#1528=DIRECTION('',(-3.56333827149286E-15,-1.,-1.03287884867011E-15));
#1529=DIRECTION('',(-3.56333827149286E-15,-1.,-1.03287884867011E-15));
#1530=DIRECTION('',(-5.82934738133839E-17,1.03287884867011E-15,-1.));
#1531=DIRECTION('center_axis',(-5.82934738133839E-17,1.03287884867011E-15,
-1.));
#1532=DIRECTION('ref_axis',(0.0515294859071989,0.998671473549805,1.02850280906245E-15));
#1533=DIRECTION('center_axis',(-5.82934738133839E-17,1.03287884867011E-15,
-1.));
#1534=DIRECTION('ref_axis',(0.0515294859071989,0.998671473549805,1.02850280906245E-15));
#1535=DIRECTION('center_axis',(-5.82934738133839E-17,1.03287884867011E-15,
-1.));
#1536=DIRECTION('ref_axis',(0.0515294859071989,0.998671473549805,1.02850280906245E-15));
#1537=DIRECTION('',(-5.82934738133839E-17,1.03287884867011E-15,-1.));
#1538=DIRECTION('center_axis',(-5.82934738133839E-17,1.03287884867011E-15,
-1.));
#1539=DIRECTION('ref_axis',(3.56333827149286E-15,1.,1.03287884867011E-15));
#1540=DIRECTION('center_axis',(-5.82934738133839E-17,1.03287884867011E-15,
-1.));
#1541=DIRECTION('ref_axis',(3.56333827149286E-15,1.,1.03287884867011E-15));
#1542=DIRECTION('center_axis',(-5.82934738133839E-17,1.03287884867011E-15,
-1.));
#1543=DIRECTION('ref_axis',(3.56333827149286E-15,1.,1.03287884867011E-15));
#1544=DIRECTION('',(-5.82934738133839E-17,1.03287884867011E-15,-1.));
#1545=DIRECTION('center_axis',(-5.82934738133839E-17,1.03287884867011E-15,
-1.));
#1546=DIRECTION('ref_axis',(0.68946303942364,-0.724320866238656,-7.88326898022255E-16));
#1547=DIRECTION('center_axis',(-5.82934738133839E-17,1.03287884867011E-15,
-1.));
#1548=DIRECTION('ref_axis',(0.68946303942364,-0.724320866238656,-7.88326898022255E-16));
#1549=DIRECTION('center_axis',(-5.82934738133839E-17,1.03287884867011E-15,
-1.));
#1550=DIRECTION('ref_axis',(0.68946303942364,-0.724320866238656,-7.88326898022255E-16));
#1551=DIRECTION('',(-5.82934738133839E-17,1.03287884867011E-15,-1.));
#1552=DIRECTION('center_axis',(0.965925826289069,0.258819045102517,2.11021545458931E-16));
#1553=DIRECTION('ref_axis',(0.258819045102517,-0.965925826289069,-1.01277181658626E-15));
#1554=DIRECTION('',(0.258819045102517,-0.965925826289069,-1.01277181658626E-15));
#1555=DIRECTION('',(0.258819045102517,-0.965925826289069,-1.01277181658626E-15));
#1556=DIRECTION('',(-5.82934738133839E-17,1.03287884867011E-15,-1.));
#1557=DIRECTION('center_axis',(-5.82934738133839E-17,1.03287884867011E-15,
-1.));
#1558=DIRECTION('ref_axis',(-0.208701535902127,0.977979380617042,1.02230015419276E-15));
#1559=DIRECTION('center_axis',(-5.82934738133839E-17,1.03287884867011E-15,
-1.));
#1560=DIRECTION('ref_axis',(-0.208701535902127,0.977979380617042,1.02230015419276E-15));
#1561=DIRECTION('center_axis',(-5.82934738133839E-17,1.03287884867011E-15,
-1.));
#1562=DIRECTION('ref_axis',(-0.208701535902127,0.977979380617042,1.02230015419276E-15));
#1563=DIRECTION('',(-5.82934738133839E-17,1.03287884867011E-15,-1.));
#1564=DIRECTION('center_axis',(-5.82934738133839E-17,1.03287884867011E-15,
-1.));
#1565=DIRECTION('ref_axis',(3.56333827149286E-15,1.,1.03287884867011E-15));
#1566=DIRECTION('center_axis',(-5.82934738133839E-17,1.03287884867011E-15,
-1.));
#1567=DIRECTION('ref_axis',(3.56333827149286E-15,1.,1.03287884867011E-15));
#1568=DIRECTION('center_axis',(-5.82934738133839E-17,1.03287884867011E-15,
-1.));
#1569=DIRECTION('ref_axis',(3.56333827149286E-15,1.,1.03287884867011E-15));
#1570=DIRECTION('',(-5.82934738133839E-17,1.03287884867011E-15,-1.));
#1571=DIRECTION('center_axis',(-5.82934738133839E-17,1.03287884867011E-15,
-1.));
#1572=DIRECTION('ref_axis',(0.853438190998771,-0.521194065722879,-5.88080203375868E-16));
#1573=DIRECTION('center_axis',(-5.82934738133839E-17,1.03287884867011E-15,
-1.));
#1574=DIRECTION('ref_axis',(0.853438190998771,-0.521194065722879,-5.88080203375868E-16));
#1575=DIRECTION('center_axis',(-5.82934738133839E-17,1.03287884867011E-15,
-1.));
#1576=DIRECTION('ref_axis',(0.853438190998771,-0.521194065722879,-5.88080203375868E-16));
#1577=DIRECTION('',(-5.82934738133839E-17,1.03287884867011E-15,-1.));
#1578=DIRECTION('center_axis',(0.866025403784439,0.5,4.65955795137819E-16));
#1579=DIRECTION('ref_axis',(0.5,-0.866025403784439,-9.23646058886627E-16));
#1580=DIRECTION('',(0.5,-0.866025403784439,-9.23646058886627E-16));
#1581=DIRECTION('',(0.5,-0.866025403784439,-9.23646058886627E-16));
#1582=DIRECTION('',(-5.82934738133839E-17,1.03287884867011E-15,-1.));
#1583=DIRECTION('center_axis',(-5.82934738133839E-17,1.03287884867011E-15,
-1.));
#1584=DIRECTION('ref_axis',(-0.454709892935317,0.89063960908257,9.46429433245709E-16));
#1585=DIRECTION('center_axis',(-5.82934738133839E-17,1.03287884867011E-15,
-1.));
#1586=DIRECTION('ref_axis',(-0.454709892935317,0.89063960908257,9.46429433245709E-16));
#1587=DIRECTION('center_axis',(-5.82934738133839E-17,1.03287884867011E-15,
-1.));
#1588=DIRECTION('ref_axis',(-0.454709892935317,0.89063960908257,9.46429433245709E-16));
#1589=DIRECTION('',(-5.82934738133839E-17,1.03287884867011E-15,-1.));
#1590=DIRECTION('center_axis',(-5.82934738133839E-17,1.03287884867011E-15,
-1.));
#1591=DIRECTION('ref_axis',(3.56333827149286E-15,1.,1.03287884867011E-15));
#1592=DIRECTION('center_axis',(-5.82934738133839E-17,1.03287884867011E-15,
-1.));
#1593=DIRECTION('ref_axis',(3.56333827149286E-15,1.,1.03287884867011E-15));
#1594=DIRECTION('center_axis',(-5.82934738133839E-17,1.03287884867011E-15,
-1.));
#1595=DIRECTION('ref_axis',(3.56333827149286E-15,1.,1.03287884867011E-15));
#1596=DIRECTION('',(-5.82934738133839E-17,1.03287884867011E-15,-1.));
#1597=DIRECTION('center_axis',(-5.82934738133839E-17,1.03287884867011E-15,
-1.));
#1598=DIRECTION('ref_axis',(0.959252940230632,-0.282548750942007,-3.47756814717902E-16));
#1599=DIRECTION('center_axis',(-5.82934738133839E-17,1.03287884867011E-15,
-1.));
#1600=DIRECTION('ref_axis',(0.959252940230632,-0.282548750942007,-3.47756814717902E-16));
#1601=DIRECTION('center_axis',(-5.82934738133839E-17,1.03287884867011E-15,
-1.));
#1602=DIRECTION('ref_axis',(0.959252940230632,-0.282548750942007,-3.47756814717902E-16));
#1603=DIRECTION('',(-5.82934738133839E-17,1.03287884867011E-15,-1.));
#1604=DIRECTION('center_axis',(0.70710678118655,0.707106781186545,6.89135927406419E-16));
#1605=DIRECTION('ref_axis',(0.707106781186545,-0.70710678118655,-7.71575348671152E-16));
#1606=DIRECTION('',(0.707106781186545,-0.70710678118655,-7.71575348671152E-16));
#1607=DIRECTION('',(0.707106781186545,-0.70710678118655,-7.71575348671152E-16));
#1608=DIRECTION('',(-5.82934738133839E-17,1.03287884867011E-15,-1.));
#1609=DIRECTION('center_axis',(-5.82934738133839E-17,1.03287884867011E-15,
-1.));
#1610=DIRECTION('ref_axis',(-0.669730522208593,0.742604220040666,8.06061110471556E-16));
#1611=DIRECTION('center_axis',(-5.82934738133839E-17,1.03287884867011E-15,
-1.));
#1612=DIRECTION('ref_axis',(-0.669730522208593,0.742604220040666,8.06061110471556E-16));
#1613=DIRECTION('center_axis',(-5.82934738133839E-17,1.03287884867011E-15,
-1.));
#1614=DIRECTION('ref_axis',(-0.669730522208593,0.742604220040666,8.06061110471556E-16));
#1615=DIRECTION('',(-5.82934738133839E-17,1.03287884867011E-15,-1.));
#1616=DIRECTION('center_axis',(-5.82934738133839E-17,1.03287884867011E-15,
-1.));
#1617=DIRECTION('ref_axis',(3.56333827149286E-15,1.,1.03287884867011E-15));
#1618=DIRECTION('center_axis',(-5.82934738133839E-17,1.03287884867011E-15,
-1.));
#1619=DIRECTION('ref_axis',(3.56333827149286E-15,1.,1.03287884867011E-15));
#1620=DIRECTION('center_axis',(-5.82934738133839E-17,1.03287884867011E-15,
-1.));
#1621=DIRECTION('ref_axis',(3.56333827149286E-15,1.,1.03287884867011E-15));
#1622=DIRECTION('',(-5.82934738133839E-17,1.03287884867011E-15,-1.));
#1623=DIRECTION('center_axis',(-5.82934738133839E-17,1.03287884867011E-15,
-1.));
#1624=DIRECTION('ref_axis',(0.999696186826211,-0.0246482057183239,-8.37343738322198E-17));
#1625=DIRECTION('center_axis',(-5.82934738133839E-17,1.03287884867011E-15,
-1.));
#1626=DIRECTION('ref_axis',(0.999696186826211,-0.0246482057183239,-8.37343738322198E-17));
#1627=DIRECTION('center_axis',(-5.82934738133839E-17,1.03287884867011E-15,
-1.));
#1628=DIRECTION('ref_axis',(0.999696186826211,-0.0246482057183239,-8.37343738322198E-17));
#1629=DIRECTION('',(-5.82934738133839E-17,1.03287884867011E-15,-1.));
#1630=DIRECTION('center_axis',(0.500000000000005,0.866025403784436,8.6535258507324E-16));
#1631=DIRECTION('ref_axis',(0.866025403784436,-0.500000000000005,-5.66923053532291E-16));
#1632=DIRECTION('',(0.866025403784436,-0.500000000000005,-5.66923053532291E-16));
#1633=DIRECTION('',(0.866025403784436,-0.500000000000005,-5.66923053532291E-16));
#1634=DIRECTION('',(-5.82934738133839E-17,1.03287884867011E-15,-1.));
#1635=DIRECTION('center_axis',(-5.82934738133839E-17,1.03287884867011E-15,
-1.));
#1636=DIRECTION('ref_axis',(-0.839110123175371,0.543961580614489,6.10761055097733E-16));
#1637=DIRECTION('center_axis',(-5.82934738133839E-17,1.03287884867011E-15,
-1.));
#1638=DIRECTION('ref_axis',(-0.839110123175371,0.543961580614489,6.10761055097733E-16));
#1639=DIRECTION('center_axis',(-5.82934738133839E-17,1.03287884867011E-15,
-1.));
#1640=DIRECTION('ref_axis',(-0.839110123175371,0.543961580614489,6.10761055097733E-16));
#1641=DIRECTION('',(-5.82934738133839E-17,1.03287884867011E-15,-1.));
#1642=DIRECTION('center_axis',(-5.82934738133839E-17,1.03287884867011E-15,
-1.));
#1643=DIRECTION('ref_axis',(3.56333827149286E-15,1.,1.03287884867011E-15));
#1644=DIRECTION('center_axis',(-5.82934738133839E-17,1.03287884867011E-15,
-1.));
#1645=DIRECTION('ref_axis',(3.56333827149286E-15,1.,1.03287884867011E-15));
#1646=DIRECTION('center_axis',(-5.82934738133839E-17,1.03287884867011E-15,
-1.));
#1647=DIRECTION('ref_axis',(3.56333827149286E-15,1.,1.03287884867011E-15));
#1648=DIRECTION('',(-5.82934738133839E-17,1.03287884867011E-15,-1.));
#1649=DIRECTION('center_axis',(0.999980167140018,0.00629804149097249,-5.17872038430077E-17));
#1650=DIRECTION('ref_axis',(0.00629804149097249,-0.999980167140018,-1.03322549844525E-15));
#1651=DIRECTION('',(0.00629804149097249,-0.999980167140018,-1.03322549844525E-15));
#1652=DIRECTION('',(0.00629804149097249,-0.999980167140018,-1.03322549844525E-15));
#1653=DIRECTION('center_axis',(-5.82934738133839E-17,1.03287884867011E-15,
-1.));
#1654=DIRECTION('ref_axis',(3.56333827149286E-15,1.,1.03287884867011E-15));
#1655=DIRECTION('center_axis',(-5.82934738133839E-17,1.03287884867011E-15,
-1.));
#1656=DIRECTION('ref_axis',(3.56333827149286E-15,1.,1.03287884867011E-15));
#1657=CARTESIAN_POINT('',(0.,0.,0.));
#1658=CARTESIAN_POINT('Origin',(79.7114183771677,8.62640587685956,44.3912143890012));
#1659=CARTESIAN_POINT('',(79.7114183771677,7.32640587685957,44.3912143890012));
#1660=CARTESIAN_POINT('Origin',(79.7114183771677,8.62640587685956,44.3912143890012));
#1661=CARTESIAN_POINT('',(79.7114183771677,7.32640587685955,54.3912143890012));
#1662=CARTESIAN_POINT('',(79.7114183771677,7.32640587685956,44.3912143890012));
#1663=CARTESIAN_POINT('Origin',(79.7114183771677,8.62640587685954,54.3912143890012));
#1664=CARTESIAN_POINT('Origin',(79.7114183771677,4.12640587685956,44.3912143890012));
#1665=CARTESIAN_POINT('',(79.7114183771677,1.57640587685956,44.3912143890012));
#1666=CARTESIAN_POINT('Origin',(79.7114183771677,4.12640587685956,44.3912143890012));
#1667=CARTESIAN_POINT('',(79.7114183771677,1.57640587685954,54.3912143890012));
#1668=CARTESIAN_POINT('',(79.7114183771677,1.57640587685956,44.3912143890012));
#1669=CARTESIAN_POINT('Origin',(79.7114183771677,4.12640587685955,54.3912143890012));
#1670=CARTESIAN_POINT('Origin',(79.7114183771677,-0.373594123140428,44.3912143890012));
#1671=CARTESIAN_POINT('',(79.7114183771677,-1.67359412314044,44.3912143890012));
#1672=CARTESIAN_POINT('Origin',(79.7114183771677,-0.373594123140428,44.3912143890012));
#1673=CARTESIAN_POINT('',(79.7114183771677,-1.67359412314045,54.3912143890012));
#1674=CARTESIAN_POINT('',(79.7114183771677,-1.67359412314043,44.3912143890012));
#1675=CARTESIAN_POINT('Origin',(79.7114183771677,-0.373594123140446,54.3912143890012));
#1676=CARTESIAN_POINT('Origin',(79.7114183771678,34.8764058768595,54.3912143890012));
#1677=CARTESIAN_POINT('',(79.7114183771678,33.1264058768596,44.3912143890012));
#1678=CARTESIAN_POINT('Origin',(79.7114183771678,34.8764058768596,44.3912143890012));
#1679=CARTESIAN_POINT('',(79.7114183771678,33.1264058768596,54.3912143890012));
#1680=CARTESIAN_POINT('',(79.7114183771678,33.1264058768595,54.3912143890012));
#1681=CARTESIAN_POINT('Origin',(79.7114183771678,34.8764058768595,54.3912143890012));
#1682=CARTESIAN_POINT('Origin',(79.7114183771678,34.8764058768595,54.3912143890012));
#1683=CARTESIAN_POINT('',(75.7114183175632,34.8764058768596,54.3912143890012));
#1684=CARTESIAN_POINT('',(83.7114184367725,34.8764058768595,54.3912143890012));
#1685=CARTESIAN_POINT('Origin',(79.7114183771678,34.8764058768595,54.3912143890012));
#1686=CARTESIAN_POINT('',(83.7114184367725,34.8764058768595,44.3912143890012));
#1687=CARTESIAN_POINT('',(83.7114184367725,34.8764058768595,54.3912143890012));
#1688=CARTESIAN_POINT('',(75.7114183175632,34.8764058768596,44.3912143890012));
#1689=CARTESIAN_POINT('Origin',(79.7114183771678,34.8764058768596,44.3912143890012));
#1690=CARTESIAN_POINT('',(75.7114183175632,34.8764058768596,54.3912143890012));
#1691=CARTESIAN_POINT('Origin',(75.5893320412653,15.4919900782707,54.3912143890012));
#1692=CARTESIAN_POINT('',(75.5893320412653,15.4919900782707,54.3912143890012));
#1693=CARTESIAN_POINT('',(75.7114183175632,34.8764058768596,54.3912143890012));
#1694=CARTESIAN_POINT('',(75.5893320412653,15.4919900782707,44.3912143890012));
#1695=CARTESIAN_POINT('',(75.7114183175632,34.8764058768596,44.3912143890012));
#1696=CARTESIAN_POINT('',(75.5893320412653,15.4919900782707,54.3912143890012));
#1697=CARTESIAN_POINT('Origin',(79.7114183771677,4.12640587685955,54.3912143890012));
#1698=CARTESIAN_POINT('',(75.5893320412652,-7.23917832455157,54.3912143890012));
#1699=CARTESIAN_POINT('Origin',(79.7114183771677,4.12640587685955,54.3912143890012));
#1700=CARTESIAN_POINT('',(75.5893320412652,-7.23917832455156,44.3912143890012));
#1701=CARTESIAN_POINT('Origin',(79.7114183771677,4.12640587685956,44.3912143890012));
#1702=CARTESIAN_POINT('',(75.5893320412652,-7.23917832455157,54.3912143890012));
#1703=CARTESIAN_POINT('Origin',(81.5098403379997,-8.50261925115905,54.3912143890012));
#1704=CARTESIAN_POINT('',(75.6254587411682,-9.92485505776774,54.3912143890012));
#1705=CARTESIAN_POINT('Origin',(81.5098403379997,-8.50261925115905,54.3912143890012));
#1706=CARTESIAN_POINT('',(75.6254587411682,-9.92485505776772,44.3912143890012));
#1707=CARTESIAN_POINT('Origin',(81.5098403379997,-8.50261925115904,44.3912143890012));
#1708=CARTESIAN_POINT('',(75.6254587411682,-9.92485505776774,54.3912143890012));
#1709=CARTESIAN_POINT('Origin',(76.2243327534674,-10.0853228657313,54.3912143890012));
#1710=CARTESIAN_POINT('',(76.2243327534674,-10.0853228657313,54.3912143890012));
#1711=CARTESIAN_POINT('',(76.2243327534674,-10.0853228657313,54.3912143890012));
#1712=CARTESIAN_POINT('',(76.2243327534674,-10.0853228657313,44.3912143890012));
#1713=CARTESIAN_POINT('',(76.2243327534674,-10.0853228657313,44.3912143890012));
#1714=CARTESIAN_POINT('',(76.2243327534674,-10.0853228657313,54.3912143890012));
#1715=CARTESIAN_POINT('Origin',(71.8394267083541,-5.91143972862055,54.3912143890012));
#1716=CARTESIAN_POINT('',(77.5984577599464,-7.77752193836481,54.3912143890012));
#1717=CARTESIAN_POINT('Origin',(71.8394267083541,-5.91143972862055,54.3912143890012));
#1718=CARTESIAN_POINT('',(77.5984577599464,-7.77752193836479,44.3912143890012));
#1719=CARTESIAN_POINT('Origin',(71.8394267083541,-5.91143972862053,44.3912143890012));
#1720=CARTESIAN_POINT('',(77.5984577599464,-7.77752193836481,54.3912143890012));
#1721=CARTESIAN_POINT('Origin',(79.7114183771677,4.12640587685955,54.3912143890012));
#1722=CARTESIAN_POINT('',(78.6714183771677,-7.9187798834349,54.3912143890012));
#1723=CARTESIAN_POINT('Origin',(79.7114183771677,4.12640587685955,54.3912143890012));
#1724=CARTESIAN_POINT('',(78.6714183771677,-7.91877988343488,44.3912143890012));
#1725=CARTESIAN_POINT('Origin',(79.7114183771677,4.12640587685956,44.3912143890012));
#1726=CARTESIAN_POINT('',(78.6714183771677,-7.9187798834349,54.3912143890012));
#1727=CARTESIAN_POINT('Origin',(84.7171928199103,-7.60682980055329,54.3912143890012));
#1728=CARTESIAN_POINT('',(79.4014183771677,-10.5035941231405,54.3912143890012));
#1729=CARTESIAN_POINT('Origin',(84.7171928199103,-7.60682980055329,54.3912143890012));
#1730=CARTESIAN_POINT('',(79.4014183771677,-10.5035941231404,44.3912143890012));
#1731=CARTESIAN_POINT('Origin',(84.7171928199103,-7.60682980055327,44.3912143890012));
#1732=CARTESIAN_POINT('',(79.4014183771677,-10.5035941231405,54.3912143890012));
#1733=CARTESIAN_POINT('Origin',(80.0214183771677,-10.5035941231405,54.3912143890012));
#1734=CARTESIAN_POINT('',(80.0214183771677,-10.5035941231405,54.3912143890012));
#1735=CARTESIAN_POINT('',(80.0214183771677,-10.5035941231405,54.3912143890012));
#1736=CARTESIAN_POINT('',(80.0214183771677,-10.5035941231404,44.3912143890012));
#1737=CARTESIAN_POINT('',(80.0214183771677,-10.5035941231404,44.3912143890012));
#1738=CARTESIAN_POINT('',(80.0214183771677,-10.5035941231405,54.3912143890012));
#1739=CARTESIAN_POINT('Origin',(74.7056439344251,-7.60682980055325,54.3912143890012));
#1740=CARTESIAN_POINT('',(80.7514183771677,-7.91877988343492,54.3912143890012));
#1741=CARTESIAN_POINT('Origin',(74.7056439344251,-7.60682980055325,54.3912143890012));
#1742=CARTESIAN_POINT('',(80.7514183771677,-7.9187798834349,44.3912143890012));
#1743=CARTESIAN_POINT('Origin',(74.7056439344251,-7.60682980055323,44.3912143890012));
#1744=CARTESIAN_POINT('',(80.7514183771677,-7.91877988343492,54.3912143890012));
#1745=CARTESIAN_POINT('Origin',(79.7114183771677,4.12640587685955,54.3912143890012));
#1746=CARTESIAN_POINT('',(81.824378994389,-7.77752193836482,54.3912143890012));
#1747=CARTESIAN_POINT('Origin',(79.7114183771677,4.12640587685955,54.3912143890012));
#1748=CARTESIAN_POINT('',(81.824378994389,-7.77752193836481,44.3912143890012));
#1749=CARTESIAN_POINT('Origin',(79.7114183771677,4.12640587685956,44.3912143890012));
#1750=CARTESIAN_POINT('',(81.824378994389,-7.77752193836482,54.3912143890012));
#1751=CARTESIAN_POINT('Origin',(87.5834100459813,-5.9114397286206,54.3912143890012));
#1752=CARTESIAN_POINT('',(83.1985040008679,-10.0853228657313,54.3912143890012));
#1753=CARTESIAN_POINT('Origin',(87.5834100459813,-5.9114397286206,54.3912143890012));
#1754=CARTESIAN_POINT('',(83.1985040008679,-10.0853228657313,44.3912143890012));
#1755=CARTESIAN_POINT('Origin',(87.5834100459813,-5.91143972862058,44.3912143890012));
#1756=CARTESIAN_POINT('',(83.1985040008679,-10.0853228657313,54.3912143890012));
#1757=CARTESIAN_POINT('Origin',(83.7973780131671,-9.92485505776775,54.3912143890012));
#1758=CARTESIAN_POINT('',(83.7973780131671,-9.92485505776775,54.3912143890012));
#1759=CARTESIAN_POINT('',(83.7973780131671,-9.92485505776775,54.3912143890012));
#1760=CARTESIAN_POINT('',(83.7973780131671,-9.92485505776774,44.3912143890012));
#1761=CARTESIAN_POINT('',(83.7973780131671,-9.92485505776774,44.3912143890012));
#1762=CARTESIAN_POINT('',(83.7973780131671,-9.92485505776775,54.3912143890012));
#1763=CARTESIAN_POINT('Origin',(77.9129964163357,-8.50261925115904,54.3912143890012));
#1764=CARTESIAN_POINT('',(83.8335047130702,-7.23917832455157,54.3912143890012));
#1765=CARTESIAN_POINT('Origin',(77.9129964163357,-8.50261925115904,54.3912143890012));
#1766=CARTESIAN_POINT('',(83.8335047130702,-7.23917832455156,44.3912143890012));
#1767=CARTESIAN_POINT('Origin',(77.9129964163357,-8.50261925115902,44.3912143890012));
#1768=CARTESIAN_POINT('',(83.8335047130702,-7.23917832455157,54.3912143890012));
#1769=CARTESIAN_POINT('Origin',(79.7114183771677,4.12640587685955,54.3912143890012));
#1770=CARTESIAN_POINT('',(84.8333448373791,-6.82503098485803,54.3912143890012));
#1771=CARTESIAN_POINT('Origin',(79.7114183771677,4.12640587685955,54.3912143890012));
#1772=CARTESIAN_POINT('',(84.8333448373791,-6.82503098485801,44.3912143890012));
#1773=CARTESIAN_POINT('Origin',(79.7114183771677,4.12640587685956,44.3912143890012));
#1774=CARTESIAN_POINT('',(84.8333448373791,-6.82503098485803,54.3912143890012));
#1775=CARTESIAN_POINT('Origin',(89.9131640489041,-3.53198706699862,54.3912143890012));
#1776=CARTESIAN_POINT('',(86.7579505019945,-8.69854578050683,54.3912143890012));
#1777=CARTESIAN_POINT('Origin',(89.9131640489041,-3.53198706699862,54.3912143890012));
#1778=CARTESIAN_POINT('',(86.7579505019945,-8.69854578050681,44.3912143890012));
#1779=CARTESIAN_POINT('Origin',(89.9131640489041,-3.5319870669986,44.3912143890012));
#1780=CARTESIAN_POINT('',(86.7579505019945,-8.69854578050683,54.3912143890012));
#1781=CARTESIAN_POINT('Origin',(87.2948862523408,-8.38854578050682,54.3912143890012));
#1782=CARTESIAN_POINT('',(87.2948862523408,-8.38854578050682,54.3912143890012));
#1783=CARTESIAN_POINT('',(87.2948862523408,-8.38854578050682,54.3912143890012));
#1784=CARTESIAN_POINT('',(87.2948862523408,-8.38854578050681,44.3912143890012));
#1785=CARTESIAN_POINT('',(87.2948862523408,-8.38854578050681,44.3912143890012));
#1786=CARTESIAN_POINT('',(87.2948862523408,-8.38854578050682,54.3912143890012));
#1787=CARTESIAN_POINT('Origin',(81.2429083828441,-8.53776150974117,54.3912143890012));
#1788=CARTESIAN_POINT('',(86.6346776772507,-5.78503098485806,54.3912143890012));
#1789=CARTESIAN_POINT('Origin',(81.2429083828441,-8.53776150974117,54.3912143890012));
#1790=CARTESIAN_POINT('',(86.6346776772507,-5.78503098485804,44.3912143890012));
#1791=CARTESIAN_POINT('Origin',(81.2429083828441,-8.53776150974115,44.3912143890012));
#1792=CARTESIAN_POINT('',(86.6346776772507,-5.78503098485806,54.3912143890012));
#1793=CARTESIAN_POINT('Origin',(79.7114183771677,4.12640587685955,54.3912143890012));
#1794=CARTESIAN_POINT('',(87.4932598564895,-5.12621770733034,54.3912143890012));
#1795=CARTESIAN_POINT('Origin',(79.7114183771677,4.12640587685955,54.3912143890012));
#1796=CARTESIAN_POINT('',(87.4932598564895,-5.12621770733032,44.3912143890012));
#1797=CARTESIAN_POINT('Origin',(79.7114183771677,4.12640587685956,44.3912143890012));
#1798=CARTESIAN_POINT('',(87.4932598564895,-5.12621770733034,54.3912143890012));
#1799=CARTESIAN_POINT('Origin',(91.5476859434798,-0.630627582345458,54.3912143890012));
#1800=CARTESIAN_POINT('',(89.8371874837591,-6.43776943406751,54.3912143890012));
#1801=CARTESIAN_POINT('Origin',(91.5476859434798,-0.630627582345458,54.3912143890012));
#1802=CARTESIAN_POINT('',(89.8371874837591,-6.43776943406749,44.3912143890012));
#1803=CARTESIAN_POINT('Origin',(91.5476859434798,-0.63062758234544,44.3912143890012));
#1804=CARTESIAN_POINT('',(89.8371874837591,-6.43776943406751,54.3912143890012));
#1805=CARTESIAN_POINT('Origin',(90.2755936880947,-5.99936322973186,54.3912143890012));
#1806=CARTESIAN_POINT('',(90.2755936880947,-5.99936322973186,54.3912143890012));
#1807=CARTESIAN_POINT('',(90.2755936880947,-5.99936322973186,54.3912143890012));
#1808=CARTESIAN_POINT('',(90.2755936880947,-5.99936322973184,44.3912143890012));
#1809=CARTESIAN_POINT('',(90.2755936880947,-5.99936322973184,44.3912143890012));
#1810=CARTESIAN_POINT('',(90.2755936880947,-5.99936322973186,54.3912143890012));
#1811=CARTESIAN_POINT('Origin',(84.4684518363726,-7.70986168945258,54.3912143890012));
#1812=CARTESIAN_POINT('',(88.9640419613576,-3.65543560246232,54.3912143890012));
#1813=CARTESIAN_POINT('Origin',(84.4684518363726,-7.70986168945258,54.3912143890012));
#1814=CARTESIAN_POINT('',(88.9640419613576,-3.6554356024623,44.3912143890012));
#1815=CARTESIAN_POINT('Origin',(84.4684518363726,-7.70986168945257,44.3912143890012));
#1816=CARTESIAN_POINT('',(88.9640419613576,-3.65543560246232,54.3912143890012));
#1817=CARTESIAN_POINT('Origin',(79.7114183771677,4.12640587685955,54.3912143890012));
#1818=CARTESIAN_POINT('',(89.6228552388853,-2.79685342322352,54.3912143890012));
#1819=CARTESIAN_POINT('Origin',(79.7114183771677,4.12640587685955,54.3912143890012));
#1820=CARTESIAN_POINT('',(89.6228552388853,-2.79685342322351,44.3912143890012));
#1821=CARTESIAN_POINT('Origin',(79.7114183771677,4.12640587685956,44.3912143890012));
#1822=CARTESIAN_POINT('',(89.6228552388853,-2.79685342322352,54.3912143890012));
#1823=CARTESIAN_POINT('Origin',(92.3755857637684,2.59491587118305,54.3912143890012));
#1824=CARTESIAN_POINT('',(92.226370034534,-3.45706199831369,54.3912143890012));
#1825=CARTESIAN_POINT('Origin',(92.3755857637684,2.59491587118305,54.3912143890012));
#1826=CARTESIAN_POINT('',(92.226370034534,-3.45706199831367,44.3912143890012));
#1827=CARTESIAN_POINT('Origin',(92.3755857637684,2.59491587118307,44.3912143890012));
#1828=CARTESIAN_POINT('',(92.226370034534,-3.45706199831369,54.3912143890012));
#1829=CARTESIAN_POINT('Origin',(92.5363700345341,-2.92012624796733,54.3912143890012));
#1830=CARTESIAN_POINT('',(92.5363700345341,-2.92012624796733,54.3912143890012));
#1831=CARTESIAN_POINT('',(92.5363700345341,-2.92012624796733,54.3912143890012));
#1832=CARTESIAN_POINT('',(92.5363700345341,-2.92012624796731,44.3912143890012));
#1833=CARTESIAN_POINT('',(92.5363700345341,-2.92012624796731,44.3912143890012));
#1834=CARTESIAN_POINT('',(92.5363700345341,-2.92012624796733,54.3912143890012));
#1835=CARTESIAN_POINT('Origin',(87.3698113210258,-6.07533979487686,54.3912143890012));
#1836=CARTESIAN_POINT('',(90.6628552388853,-0.995520583351919,54.3912143890012));
#1837=CARTESIAN_POINT('Origin',(87.3698113210258,-6.07533979487686,54.3912143890012));
#1838=CARTESIAN_POINT('',(90.6628552388853,-0.995520583351901,44.3912143890012));
#1839=CARTESIAN_POINT('Origin',(87.3698113210258,-6.07533979487684,44.3912143890012));
#1840=CARTESIAN_POINT('',(90.6628552388853,-0.995520583351919,54.3912143890012));
#1841=CARTESIAN_POINT('Origin',(79.7114183771677,4.12640587685955,54.3912143890012));
#1842=CARTESIAN_POINT('',(91.0770025785788,0.00431954095697407,54.3912143890012));
#1843=CARTESIAN_POINT('Origin',(79.7114183771677,4.12640587685955,54.3912143890012));
#1844=CARTESIAN_POINT('',(91.0770025785788,0.00431954095699183,44.3912143890012));
#1845=CARTESIAN_POINT('Origin',(79.7114183771677,4.12640587685956,44.3912143890012));
#1846=CARTESIAN_POINT('',(91.0770025785788,0.00431954095697407,54.3912143890012));
#1847=CARTESIAN_POINT('Origin',(92.3404435051863,5.9248278376915,54.3912143890012));
#1848=CARTESIAN_POINT('',(93.762679311795,0.0404462408600104,54.3912143890012));
#1849=CARTESIAN_POINT('Origin',(92.3404435051863,5.9248278376915,54.3912143890012));
#1850=CARTESIAN_POINT('',(93.762679311795,0.0404462408600281,44.3912143890012));
#1851=CARTESIAN_POINT('Origin',(92.3404435051863,5.92482783769151,44.3912143890012));
#1852=CARTESIAN_POINT('',(93.762679311795,0.0404462408600104,54.3912143890012));
#1853=CARTESIAN_POINT('Origin',(93.9231471197586,0.63932025315923,54.3912143890012));
#1854=CARTESIAN_POINT('',(93.9231471197586,0.63932025315923,54.3912143890012));
#1855=CARTESIAN_POINT('',(93.9231471197586,0.63932025315923,54.3912143890012));
#1856=CARTESIAN_POINT('',(93.9231471197586,0.639320253159248,44.3912143890012));
#1857=CARTESIAN_POINT('',(93.9231471197586,0.639320253159248,44.3912143890012));
#1858=CARTESIAN_POINT('',(93.9231471197586,0.63932025315923,54.3912143890012));
#1859=CARTESIAN_POINT('Origin',(89.7492639826478,-3.74558579195412,54.3912143890012));
#1860=CARTESIAN_POINT('',(91.6153461923921,2.01344525963824,54.3912143890012));
#1861=CARTESIAN_POINT('Origin',(89.7492639826478,-3.74558579195412,54.3912143890012));
#1862=CARTESIAN_POINT('',(91.6153461923921,2.01344525963826,44.3912143890012));
#1863=CARTESIAN_POINT('Origin',(89.7492639826478,-3.7455857919541,44.3912143890012));
#1864=CARTESIAN_POINT('',(91.6153461923921,2.01344525963824,54.3912143890012));
#1865=CARTESIAN_POINT('Origin',(79.7114183771677,4.12640587685955,54.3912143890012));
#1866=CARTESIAN_POINT('',(91.7566041374621,3.0864058768595,54.3912143890012));
#1867=CARTESIAN_POINT('Origin',(79.7114183771677,4.12640587685955,54.3912143890012));
#1868=CARTESIAN_POINT('',(91.7566041374621,3.08640587685952,44.3912143890012));
#1869=CARTESIAN_POINT('Origin',(79.7114183771677,4.12640587685956,44.3912143890012));
#1870=CARTESIAN_POINT('',(91.7566041374621,3.0864058768595,54.3912143890012));
#1871=CARTESIAN_POINT('Origin',(91.4446540545806,9.13218031960206,54.3912143890012));
#1872=CARTESIAN_POINT('',(94.3414183771677,3.81640587685949,54.3912143890012));
#1873=CARTESIAN_POINT('Origin',(91.4446540545806,9.13218031960206,54.3912143890012));
#1874=CARTESIAN_POINT('',(94.3414183771677,3.81640587685951,44.3912143890012));
#1875=CARTESIAN_POINT('Origin',(91.4446540545806,9.13218031960207,44.3912143890012));
#1876=CARTESIAN_POINT('',(94.3414183771677,3.81640587685949,54.3912143890012));
#1877=CARTESIAN_POINT('Origin',(94.3414183771677,4.4364058768595,54.3912143890012));
#1878=CARTESIAN_POINT('',(94.3414183771677,4.4364058768595,54.3912143890012));
#1879=CARTESIAN_POINT('',(94.3414183771677,4.4364058768595,54.3912143890012));
#1880=CARTESIAN_POINT('',(94.3414183771677,4.43640587685952,44.3912143890012));
#1881=CARTESIAN_POINT('',(94.3414183771677,4.43640587685952,44.3912143890012));
#1882=CARTESIAN_POINT('',(94.3414183771677,4.4364058768595,54.3912143890012));
#1883=CARTESIAN_POINT('Origin',(91.4446540545805,-0.87936856588307,54.3912143890012));
#1884=CARTESIAN_POINT('',(91.7566041374621,5.16640587685949,54.3912143890012));
#1885=CARTESIAN_POINT('Origin',(91.4446540545805,-0.87936856588307,54.3912143890012));
#1886=CARTESIAN_POINT('',(91.7566041374621,5.16640587685952,44.3912143890012));
#1887=CARTESIAN_POINT('Origin',(91.4446540545805,-0.879368565883052,44.3912143890012));
#1888=CARTESIAN_POINT('',(91.7566041374621,5.16640587685949,54.3912143890012));
#1889=CARTESIAN_POINT('Origin',(79.7114183771677,4.12640587685955,54.3912143890012));
#1890=CARTESIAN_POINT('',(91.6153461923921,6.23936649408076,54.3912143890012));
#1891=CARTESIAN_POINT('Origin',(79.7114183771677,4.12640587685955,54.3912143890012));
#1892=CARTESIAN_POINT('',(91.6153461923921,6.23936649408078,44.3912143890012));
#1893=CARTESIAN_POINT('Origin',(79.7114183771677,4.12640587685956,44.3912143890012));
#1894=CARTESIAN_POINT('',(91.6153461923921,6.23936649408076,54.3912143890012));
#1895=CARTESIAN_POINT('Origin',(89.7492639826478,11.9983975456731,54.3912143890012));
#1896=CARTESIAN_POINT('',(93.9231471197586,7.61349150055977,54.3912143890012));
#1897=CARTESIAN_POINT('Origin',(89.7492639826478,11.9983975456731,54.3912143890012));
#1898=CARTESIAN_POINT('',(93.9231471197586,7.61349150055979,44.3912143890012));
#1899=CARTESIAN_POINT('Origin',(89.7492639826478,11.9983975456732,44.3912143890012));
#1900=CARTESIAN_POINT('',(93.9231471197586,7.61349150055977,54.3912143890012));
#1901=CARTESIAN_POINT('Origin',(93.762679311795,8.21236551285899,54.3912143890012));
#1902=CARTESIAN_POINT('',(93.762679311795,8.21236551285899,54.3912143890012));
#1903=CARTESIAN_POINT('',(93.762679311795,8.21236551285899,54.3912143890012));
#1904=CARTESIAN_POINT('',(93.762679311795,8.21236551285901,44.3912143890012));
#1905=CARTESIAN_POINT('',(93.762679311795,8.21236551285901,44.3912143890012));
#1906=CARTESIAN_POINT('',(93.762679311795,8.21236551285899,54.3912143890012));
#1907=CARTESIAN_POINT('Origin',(92.3404435051863,2.32798391602749,54.3912143890012));
#1908=CARTESIAN_POINT('',(91.0770025785789,8.24849221276203,54.3912143890012));
#1909=CARTESIAN_POINT('Origin',(92.3404435051863,2.32798391602749,54.3912143890012));
#1910=CARTESIAN_POINT('',(91.0770025785789,8.24849221276205,44.3912143890012));
#1911=CARTESIAN_POINT('Origin',(92.3404435051863,2.32798391602751,44.3912143890012));
#1912=CARTESIAN_POINT('',(91.0770025785789,8.24849221276203,54.3912143890012));
#1913=CARTESIAN_POINT('Origin',(79.7114183771677,4.12640587685955,54.3912143890012));
#1914=CARTESIAN_POINT('',(90.6628552388853,9.24833233707091,54.3912143890012));
#1915=CARTESIAN_POINT('Origin',(79.7114183771677,4.12640587685955,54.3912143890012));
#1916=CARTESIAN_POINT('',(90.6628552388853,9.24833233707092,44.3912143890012));
#1917=CARTESIAN_POINT('Origin',(79.7114183771677,4.12640587685956,44.3912143890012));
#1918=CARTESIAN_POINT('',(90.6628552388853,9.24833233707091,54.3912143890012));
#1919=CARTESIAN_POINT('Origin',(87.3698113210259,14.3281515485959,54.3912143890012));
#1920=CARTESIAN_POINT('',(92.5363700345341,11.1729380016863,54.3912143890012));
#1921=CARTESIAN_POINT('Origin',(87.3698113210259,14.3281515485959,54.3912143890012));
#1922=CARTESIAN_POINT('',(92.5363700345341,11.1729380016863,44.3912143890012));
#1923=CARTESIAN_POINT('Origin',(87.3698113210259,14.3281515485959,44.3912143890012));
#1924=CARTESIAN_POINT('',(92.5363700345341,11.1729380016863,54.3912143890012));
#1925=CARTESIAN_POINT('Origin',(92.2263700345341,11.7098737520327,54.3912143890012));
#1926=CARTESIAN_POINT('',(92.2263700345341,11.7098737520327,54.3912143890012));
#1927=CARTESIAN_POINT('',(92.2263700345341,11.7098737520327,54.3912143890012));
#1928=CARTESIAN_POINT('',(92.2263700345341,11.7098737520327,44.3912143890012));
#1929=CARTESIAN_POINT('',(92.2263700345341,11.7098737520327,44.3912143890012));
#1930=CARTESIAN_POINT('',(92.2263700345341,11.7098737520327,54.3912143890012));
#1931=CARTESIAN_POINT('Origin',(92.3755857637684,5.65789588253596,54.3912143890012));
#1932=CARTESIAN_POINT('',(89.6228552388853,11.0496651769426,54.3912143890012));
#1933=CARTESIAN_POINT('Origin',(92.3755857637684,5.65789588253596,54.3912143890012));
#1934=CARTESIAN_POINT('',(89.6228552388853,11.0496651769426,44.3912143890012));
#1935=CARTESIAN_POINT('Origin',(92.3755857637684,5.65789588253597,44.3912143890012));
#1936=CARTESIAN_POINT('',(89.6228552388853,11.0496651769426,54.3912143890012));
#1937=CARTESIAN_POINT('Origin',(79.7114183771677,4.12640587685955,54.3912143890012));
#1938=CARTESIAN_POINT('',(88.9640419613576,11.9082473561813,54.3912143890012));
#1939=CARTESIAN_POINT('Origin',(79.7114183771677,4.12640587685955,54.3912143890012));
#1940=CARTESIAN_POINT('',(88.9640419613576,11.9082473561814,44.3912143890012));
#1941=CARTESIAN_POINT('Origin',(79.7114183771677,4.12640587685956,44.3912143890012));
#1942=CARTESIAN_POINT('',(88.9640419613576,11.9082473561813,54.3912143890012));
#1943=CARTESIAN_POINT('Origin',(84.4684518363727,15.9626734431716,54.3912143890012));
#1944=CARTESIAN_POINT('',(90.2755936880948,14.2521749834509,54.3912143890012));
#1945=CARTESIAN_POINT('Origin',(84.4684518363727,15.9626734431716,54.3912143890012));
#1946=CARTESIAN_POINT('',(90.2755936880948,14.2521749834509,44.3912143890012));
#1947=CARTESIAN_POINT('Origin',(84.4684518363727,15.9626734431717,44.3912143890012));
#1948=CARTESIAN_POINT('',(90.2755936880948,14.2521749834509,54.3912143890012));
#1949=CARTESIAN_POINT('Origin',(89.8371874837591,14.6905811877865,54.3912143890012));
#1950=CARTESIAN_POINT('',(89.8371874837591,14.6905811877865,54.3912143890012));
#1951=CARTESIAN_POINT('',(89.8371874837591,14.6905811877865,54.3912143890012));
#1952=CARTESIAN_POINT('',(89.8371874837591,14.6905811877865,44.3912143890012));
#1953=CARTESIAN_POINT('',(89.8371874837591,14.6905811877865,44.3912143890012));
#1954=CARTESIAN_POINT('',(89.8371874837591,14.6905811877865,54.3912143890012));
#1955=CARTESIAN_POINT('Origin',(91.5476859434798,8.88343933606444,54.3912143890012));
#1956=CARTESIAN_POINT('',(87.4932598564896,13.3790294610494,54.3912143890012));
#1957=CARTESIAN_POINT('Origin',(91.5476859434798,8.88343933606444,54.3912143890012));
#1958=CARTESIAN_POINT('',(87.4932598564896,13.3790294610494,44.3912143890012));
#1959=CARTESIAN_POINT('Origin',(91.5476859434798,8.88343933606446,44.3912143890012));
#1960=CARTESIAN_POINT('',(87.4932598564896,13.3790294610494,54.3912143890012));
#1961=CARTESIAN_POINT('Origin',(79.7114183771677,4.12640587685955,54.3912143890012));
#1962=CARTESIAN_POINT('',(86.6346776772508,14.0378427385771,54.3912143890012));
#1963=CARTESIAN_POINT('Origin',(79.7114183771677,4.12640587685955,54.3912143890012));
#1964=CARTESIAN_POINT('',(86.6346776772508,14.0378427385771,44.3912143890012));
#1965=CARTESIAN_POINT('Origin',(79.7114183771677,4.12640587685956,44.3912143890012));
#1966=CARTESIAN_POINT('',(86.6346776772508,14.0378427385771,54.3912143890012));
#1967=CARTESIAN_POINT('Origin',(81.2429083828442,16.7905732634602,54.3912143890012));
#1968=CARTESIAN_POINT('',(87.2948862523409,16.6413575342259,54.3912143890012));
#1969=CARTESIAN_POINT('Origin',(81.2429083828442,16.7905732634602,54.3912143890012));
#1970=CARTESIAN_POINT('',(87.2948862523409,16.6413575342259,44.3912143890012));
#1971=CARTESIAN_POINT('Origin',(81.2429083828442,16.7905732634602,44.3912143890012));
#1972=CARTESIAN_POINT('',(87.2948862523409,16.6413575342259,54.3912143890012));
#1973=CARTESIAN_POINT('Origin',(86.7579505019946,16.9513575342259,54.3912143890012));
#1974=CARTESIAN_POINT('',(86.7579505019946,16.9513575342259,54.3912143890012));
#1975=CARTESIAN_POINT('',(86.7579505019946,16.9513575342259,54.3912143890012));
#1976=CARTESIAN_POINT('',(86.7579505019946,16.9513575342259,44.3912143890012));
#1977=CARTESIAN_POINT('',(86.7579505019946,16.9513575342259,44.3912143890012));
#1978=CARTESIAN_POINT('',(86.7579505019946,16.9513575342259,54.3912143890012));
#1979=CARTESIAN_POINT('Origin',(89.9131640489041,11.7847988207176,54.3912143890012));
#1980=CARTESIAN_POINT('',(84.8333448373791,15.0778427385771,54.3912143890012));
#1981=CARTESIAN_POINT('Origin',(89.9131640489041,11.7847988207176,54.3912143890012));
#1982=CARTESIAN_POINT('',(84.8333448373791,15.0778427385771,44.3912143890012));
#1983=CARTESIAN_POINT('Origin',(89.9131640489041,11.7847988207177,44.3912143890012));
#1984=CARTESIAN_POINT('',(84.8333448373791,15.0778427385771,54.3912143890012));
#1985=CARTESIAN_POINT('Origin',(79.7114183771677,4.12640587685955,54.3912143890012));
#1986=CARTESIAN_POINT('',(83.8335047130703,15.4919900782706,54.3912143890012));
#1987=CARTESIAN_POINT('Origin',(79.7114183771677,4.12640587685955,54.3912143890012));
#1988=CARTESIAN_POINT('',(83.8335047130703,15.4919900782707,44.3912143890012));
#1989=CARTESIAN_POINT('Origin',(79.7114183771677,4.12640587685956,44.3912143890012));
#1990=CARTESIAN_POINT('',(83.8335047130703,15.4919900782706,54.3912143890012));
#1991=CARTESIAN_POINT('Origin',(83.7114184367725,34.8764058768595,54.3912143890012));
#1992=CARTESIAN_POINT('',(83.7114184367725,34.8764058768595,54.3912143890012));
#1993=CARTESIAN_POINT('',(83.7114184367725,34.8764058768595,44.3912143890012));
#1994=CARTESIAN_POINT('Origin',(80.9814183771677,14.1864059066619,44.3912143890012));
#1995=CARTESIAN_POINT('Origin',(80.9814183771677,14.1864059066618,54.3912143890012));
#1996=UNCERTAINTY_MEASURE_WITH_UNIT(LENGTH_MEASURE(0.01),#2000,
'DISTANCE_ACCURACY_VALUE',
'Maximum model space distance between geometric entities at asserted c
onnectivities');
#1997=UNCERTAINTY_MEASURE_WITH_UNIT(LENGTH_MEASURE(0.01),#2000,
'DISTANCE_ACCURACY_VALUE',
'Maximum model space distance between geometric entities at asserted c
onnectivities');
#1998=(
GEOMETRIC_REPRESENTATION_CONTEXT(3)
GLOBAL_UNCERTAINTY_ASSIGNED_CONTEXT((#1996))
GLOBAL_UNIT_ASSIGNED_CONTEXT((#2000,#2002,#2003))
REPRESENTATION_CONTEXT('','3D')
);
#1999=(
GEOMETRIC_REPRESENTATION_CONTEXT(3)
GLOBAL_UNCERTAINTY_ASSIGNED_CONTEXT((#1997))
GLOBAL_UNIT_ASSIGNED_CONTEXT((#2000,#2002,#2003))
REPRESENTATION_CONTEXT('','3D')
);
#2000=(
LENGTH_UNIT()
NAMED_UNIT(*)
SI_UNIT(.MILLI.,.METRE.)
);
#2001=(
LENGTH_UNIT()
NAMED_UNIT(*)
SI_UNIT($,.METRE.)
);
#2002=(
NAMED_UNIT(*)
PLANE_ANGLE_UNIT()
SI_UNIT($,.RADIAN.)
);
#2003=(
NAMED_UNIT(*)
SI_UNIT($,.STERADIAN.)
SOLID_ANGLE_UNIT()
);
#2004=SHAPE_DEFINITION_REPRESENTATION(#2005,#2006);
#2005=PRODUCT_DEFINITION_SHAPE('',$,#2008);
#2006=SHAPE_REPRESENTATION('',(#1144),#1998);
#2007=PRODUCT_DEFINITION_CONTEXT('part definition',#2012,'design');
#2008=PRODUCT_DEFINITION('Gear for Claw','Gear for Claw v1',#2009,#2007);
#2009=PRODUCT_DEFINITION_FORMATION('',$,#2014);
#2010=PRODUCT_RELATED_PRODUCT_CATEGORY('Gear for Claw v1',
'Gear for Claw v1',(#2014));
#2011=APPLICATION_PROTOCOL_DEFINITION('international standard',
'automotive_design',2009,#2012);
#2012=APPLICATION_CONTEXT(
'Core Data for Automotive Mechanical Design Process');
#2013=PRODUCT_CONTEXT('part definition',#2012,'mechanical');
#2014=PRODUCT('Gear for Claw','Gear for Claw v1',$,(#2013));
#2015=PRESENTATION_STYLE_ASSIGNMENT((#2016));
#2016=SURFACE_STYLE_USAGE(.BOTH.,#2017);
#2017=SURFACE_SIDE_STYLE('',(#2018));
#2018=SURFACE_STYLE_FILL_AREA(#2019);
#2019=FILL_AREA_STYLE('Steel - Satin',(#2020));
#2020=FILL_AREA_STYLE_COLOUR('Steel - Satin',#2021);
#2021=COLOUR_RGB('Steel - Satin',0.627450980392157,0.627450980392157,0.627450980392157);
ENDSEC;
END-ISO-10303-21;
