ISO-10303-21;
HEADER;
/* Generated by software containing ST-Developer
 * from STEP Tools, Inc. (www.steptools.com) 
 */

FILE_DESCRIPTION(
/* description */ (''),
/* implementation_level */ '2;1');

FILE_NAME(
/* name */ 'f6a78828-e09f-441a-9a09-48c7f9347e7a.stp',
/* time_stamp */ '2026-08-07T02:21:16Z',
/* author */ (''),
/* organization */ (''),
/* preprocessor_version */ 'ST-DEVELOPER v20.2',
/* originating_system */ 'Autodesk Translation Framework v15.15.0.0',
/* authorisation */ '');

FILE_SCHEMA (('AUTOMOTIVE_DESIGN { 1 0 10303 214 3 1 1 }'));
ENDSEC;

DATA;
#10=MECHANICAL_DESIGN_GEOMETRIC_PRESENTATION_REPRESENTATION('',(#13),#1965);
#11=SHAPE_REPRESENTATION_RELATIONSHIP('SRR','None',#1972,#12);
#12=ADVANCED_BREP_SHAPE_REPRESENTATION('',(#14),#1964);
#13=STYLED_ITEM('',(#1981),#14);
#14=MANIFOLD_SOLID_BREP('link 1 ',#578);
#15=TOROIDAL_SURFACE('',#626,298.071661458483,11.);
#16=TOROIDAL_SURFACE('',#631,298.071661458483,11.);
#17=B_SPLINE_SURFACE_WITH_KNOTS('',3,3,((#1024,#1025,#1026,#1027),(#1028,
#1029,#1030,#1031),(#1032,#1033,#1034,#1035),(#1036,#1037,#1038,#1039),
(#1040,#1041,#1042,#1043)),.UNSPECIFIED.,.F.,.F.,.F.,(4,1,4),(4,4),(0.,
0.571428571428571,1.),(6.47625190053141,6.60194059704893),.UNSPECIFIED.);
#18=B_SPLINE_SURFACE_WITH_KNOTS('',3,3,((#1126,#1127,#1128,#1129,#1130,
#1131,#1132,#1133,#1134,#1135),(#1136,#1137,#1138,#1139,#1140,#1141,#1142,
#1143,#1144,#1145),(#1146,#1147,#1148,#1149,#1150,#1151,#1152,#1153,#1154,
#1155),(#1156,#1157,#1158,#1159,#1160,#1161,#1162,#1163,#1164,#1165),(#1166,
#1167,#1168,#1169,#1170,#1171,#1172,#1173,#1174,#1175),(#1176,#1177,#1178,
#1179,#1180,#1181,#1182,#1183,#1184,#1185)),.UNSPECIFIED.,.F.,.F.,.F.,(4,
1,1,4),(4,1,1,1,1,1,1,4),(0.,0.285714285714286,0.571428571428571,1.),(11.5695298877093,
12.5802943195923,13.5910587514753,14.6018231833582,15.6125876152412,16.6233520471242,
17.6341164790072,18.6448809108901),.UNSPECIFIED.);
#19=B_SPLINE_SURFACE_WITH_KNOTS('',3,3,((#1304,#1305,#1306,#1307,#1308,
#1309,#1310,#1311),(#1312,#1313,#1314,#1315,#1316,#1317,#1318,#1319),(#1320,
#1321,#1322,#1323,#1324,#1325,#1326,#1327),(#1328,#1329,#1330,#1331,#1332,
#1333,#1334,#1335),(#1336,#1337,#1338,#1339,#1340,#1341,#1342,#1343)),
 .UNSPECIFIED.,.F.,.F.,.F.,(4,1,4),(4,1,1,1,1,4),(0.,0.571428571428571,
1.),(1.27056577464071,1.94836432937982,2.62616288411892,2.96506216148847,
3.30396143885802,3.64286071622757),.UNSPECIFIED.);
#20=B_SPLINE_SURFACE_WITH_KNOTS('',3,3,((#1363,#1364,#1365,#1366,#1367,
#1368,#1369,#1370),(#1371,#1372,#1373,#1374,#1375,#1376,#1377,#1378),(#1379,
#1380,#1381,#1382,#1383,#1384,#1385,#1386),(#1387,#1388,#1389,#1390,#1391,
#1392,#1393,#1394),(#1395,#1396,#1397,#1398,#1399,#1400,#1401,#1402)),
 .UNSPECIFIED.,.F.,.F.,.F.,(4,1,4),(4,1,1,1,1,4),(0.,0.571428571428571,
1.),(2.04051609463829E-16,0.338899277369551,0.677798554739101,1.01669783210865,
1.69449638684775,2.37229494158685),.UNSPECIFIED.);
#21=B_SPLINE_SURFACE_WITH_KNOTS('',3,3,((#1438,#1439,#1440,#1441,#1442,
#1443,#1444,#1445,#1446,#1447,#1448,#1449,#1450),(#1451,#1452,#1453,#1454,
#1455,#1456,#1457,#1458,#1459,#1460,#1461,#1462,#1463),(#1464,#1465,#1466,
#1467,#1468,#1469,#1470,#1471,#1472,#1473,#1474,#1475,#1476),(#1477,#1478,
#1479,#1480,#1481,#1482,#1483,#1484,#1485,#1486,#1487,#1488,#1489),(#1490,
#1491,#1492,#1493,#1494,#1495,#1496,#1497,#1498,#1499,#1500,#1501,#1502),
(#1503,#1504,#1505,#1506,#1507,#1508,#1509,#1510,#1511,#1512,#1513,#1514,
#1515)),.UNSPECIFIED.,.F.,.F.,.F.,(4,1,1,4),(4,1,1,1,1,1,1,1,1,1,4),(0.,
0.285714285714286,0.571428571428571,1.),(8.55138741963546,9.33207938455734,
9.5923100395313,10.6332326594271,11.674155279323,12.1946165892709,12.7150778992188,
13.7560005191147,14.7969231390105,15.0571537939845,15.8378457589064),
 .UNSPECIFIED.);
#22=B_SPLINE_SURFACE_WITH_KNOTS('',3,3,((#1807,#1808,#1809,#1810,#1811,
#1812,#1813),(#1814,#1815,#1816,#1817,#1818,#1819,#1820),(#1821,#1822,#1823,
#1824,#1825,#1826,#1827),(#1828,#1829,#1830,#1831,#1832,#1833,#1834),(#1835,
#1836,#1837,#1838,#1839,#1840,#1841)),.UNSPECIFIED.,.F.,.F.,.F.,(4,1,4),
(4,1,1,1,4),(0.,0.571428571428571,1.),(1.41214823484981,2.36809764108671,
3.00539724524465,3.32404704732362,3.64269684940259),.UNSPECIFIED.);
#23=B_SPLINE_SURFACE_WITH_KNOTS('',3,3,((#1870,#1871,#1872,#1873,#1874,
#1875,#1876,#1877),(#1878,#1879,#1880,#1881,#1882,#1883,#1884,#1885),(#1886,
#1887,#1888,#1889,#1890,#1891,#1892,#1893),(#1894,#1895,#1896,#1897,#1898,
#1899,#1900,#1901),(#1902,#1903,#1904,#1905,#1906,#1907,#1908,#1909)),
 .UNSPECIFIED.,.F.,.F.,.F.,(4,1,4),(4,1,1,1,1,4),(0.,0.571428571428571,
1.),(1.00222043781246E-16,0.31864980207899,0.637299604157979,0.955949406236969,
1.59324901039495,2.23054861455293),.UNSPECIFIED.);
#24=PLANE('',#612);
#25=PLANE('',#615);
#26=PLANE('',#629);
#27=PLANE('',#641);
#28=FACE_BOUND('',#121,.T.);
#29=FACE_BOUND('',#123,.T.);
#30=FACE_BOUND('',#124,.T.);
#31=FACE_BOUND('',#125,.T.);
#32=FACE_BOUND('',#127,.T.);
#33=FACE_BOUND('',#129,.T.);
#34=FACE_BOUND('',#130,.T.);
#35=FACE_BOUND('',#131,.T.);
#36=FACE_BOUND('',#135,.T.);
#37=FACE_BOUND('',#148,.T.);
#38=FACE_BOUND('',#154,.T.);
#39=FACE_BOUND('',#155,.T.);
#40=FACE_BOUND('',#156,.T.);
#41=FACE_BOUND('',#157,.T.);
#42=FACE_BOUND('',#158,.T.);
#43=FACE_BOUND('',#159,.T.);
#44=B_SPLINE_CURVE_WITH_KNOTS('',3,(#804,#805,#806,#807,#808,#809,#810,
#811,#812,#813,#814,#815,#816,#817,#818,#819,#820,#821),.UNSPECIFIED.,.F.,
 .F.,(4,2,2,2,2,2,2,2,4),(0.,0.339670425082862,0.679340850165724,1.01901127524859,
1.35868170033145,1.70080877573004,2.04293585112864,2.38506292652723,2.72719000192583),
 .UNSPECIFIED.);
#45=B_SPLINE_CURVE_WITH_KNOTS('',3,(#822,#823,#824,#825,#826,#827,#828,
#829,#830,#831,#832,#833,#834,#835,#836,#837,#838,#839,#840,#841,#842,#843,
#844,#845,#846,#847,#848,#849,#850,#851,#852,#853,#854,#855,#856,#857,#858,
#859,#860,#861,#862,#863,#864,#865,#866,#867,#868,#869,#870,#871),
 .UNSPECIFIED.,.F.,.F.,(4,2,2,2,2,2,2,2,2,2,2,2,2,2,2,2,2,2,2,2,2,2,2,2,
4),(2.72719000192583,3.09009944434591,3.45300888676599,3.81591832918608,
4.17882777160616,4.52170888609208,4.864590000578,5.20747111506393,5.55035222954985,
5.89323334403577,6.23611445852169,6.57899557300762,6.92187668749354,7.28478612991362,
7.64769557233371,8.01060501475379,8.37351445717387,8.71564153257247,9.05776860797106,
9.39989568336966,9.74202275876825,10.0816931838511,10.421363608934,10.7610340340168,
11.1007044590997),.UNSPECIFIED.);
#46=B_SPLINE_CURVE_WITH_KNOTS('',3,(#874,#875,#876,#877,#878,#879,#880,
#881,#882,#883),.UNSPECIFIED.,.F.,.F.,(4,2,2,2,4),(0.,0.218299695303655,
0.43659939060731,0.654814466256047,0.873029541904784),.UNSPECIFIED.);
#47=B_SPLINE_CURVE_WITH_KNOTS('',3,(#884,#885,#886,#887,#888,#889,#890,
#891,#892,#893,#894,#895,#896,#897,#898,#899,#900,#901,#902,#903,#904,#905,
#906,#907,#908,#909),.UNSPECIFIED.,.F.,.F.,(4,2,2,2,2,2,2,2,2,2,2,2,4),
(0.873029541904784,1.09124461755352,1.30945969320226,1.52775938850591,1.74605908380957,
1.96435877911322,2.18265847441688,2.40087355006562,2.61908862571435,2.83730370136309,
3.05551877701183,3.27381847231548,3.49211816761914),.UNSPECIFIED.);
#48=B_SPLINE_CURVE_WITH_KNOTS('',3,(#917,#918,#919,#920,#921,#922,#923,
#924,#925,#926,#927,#928,#929,#930,#931,#932,#933,#934),.UNSPECIFIED.,.F.,
 .F.,(4,2,2,2,2,2,2,2,4),(0.,0.342712472725585,0.68542494545117,1.02813741817676,
1.37084989090234,1.73135048200337,2.09185107310441,2.45235166420544,2.81285225530647),
 .UNSPECIFIED.);
#49=B_SPLINE_CURVE_WITH_KNOTS('',3,(#935,#936,#937,#938,#939,#940,#941,
#942,#943,#944,#945,#946,#947,#948,#949,#950,#951,#952,#953,#954,#955,#956,
#957,#958,#959,#960,#961,#962,#963,#964,#965,#966,#967,#968,#969,#970,#971,
#972,#973,#974,#975,#976,#977,#978,#979,#980,#981,#982,#983,#984),
 .UNSPECIFIED.,.F.,.F.,(4,2,2,2,2,2,2,2,2,2,2,2,2,2,2,2,2,2,2,2,2,2,2,2,
4),(2.81285225530647,3.15424648271252,3.49564071011858,3.83703493752463,
4.17842916493069,4.51822712881859,4.8580250927065,5.19782305659441,5.53762102048231,
5.87741898437022,6.21721694825812,6.55701491214603,6.89681287603394,7.23820710343999,
7.57960133084604,7.9209955582521,8.26238978565815,8.62289037675918,8.98339096786022,
9.34389155896125,9.70439215006228,10.0471046227879,10.3898170955135,10.732529568239,
11.0752420409646),.UNSPECIFIED.);
#50=B_SPLINE_CURVE_WITH_KNOTS('',3,(#987,#988,#989,#990,#991,#992,#993,
#994,#995,#996,#997,#998,#999,#1000,#1001,#1002,#1003,#1004,#1005,#1006,
#1007,#1008,#1009,#1010,#1011,#1012),.UNSPECIFIED.,.F.,.F.,(4,2,2,2,2,2,
2,2,2,2,2,2,4),(0.,0.218299695303655,0.43659939060731,0.654814466256047,
0.873029541904784,1.09124461755352,1.30945969320226,1.52775938850591,1.74605908380957,
1.96435877911322,2.18265847441688,2.40087355006561,2.61908862571435),
 .UNSPECIFIED.);
#51=B_SPLINE_CURVE_WITH_KNOTS('',3,(#1013,#1014,#1015,#1016,#1017,#1018,
#1019,#1020,#1021,#1022),.UNSPECIFIED.,.F.,.F.,(4,2,2,2,4),(2.61908862571435,
2.83730370136309,3.05551877701183,3.27381847231548,3.49211816761914),
 .UNSPECIFIED.);
#52=B_SPLINE_CURVE_WITH_KNOTS('',3,(#1046,#1047,#1048,#1049,#1050,#1051,
#1052,#1053,#1054,#1055,#1056,#1057,#1058,#1059,#1060,#1061),
 .UNSPECIFIED.,.F.,.F.,(4,3,3,3,3,4),(0.,0.00977351713002999,0.0132406026978997,
0.0224415031499413,0.0231317670813725,0.0254792530733162),.UNSPECIFIED.);
#53=B_SPLINE_CURVE_WITH_KNOTS('',3,(#1063,#1064,#1065,#1066),
 .UNSPECIFIED.,.F.,.F.,(4,4),(-6.58316665215521,-6.47625190053141),
 .UNSPECIFIED.);
#54=B_SPLINE_CURVE_WITH_KNOTS('',3,(#1070,#1071,#1072,#1073),
 .UNSPECIFIED.,.F.,.F.,(4,4),(6.47625190053141,6.60194059704893),
 .UNSPECIFIED.);
#55=B_SPLINE_CURVE_WITH_KNOTS('',3,(#1074,#1075,#1076,#1077,#1078,#1079,
#1080,#1081,#1082,#1083,#1084,#1085,#1086,#1087,#1088,#1089,#1090,#1091,
#1092,#1093,#1094,#1095,#1096,#1097,#1098,#1099,#1100,#1101,#1102,#1103,
#1104,#1105,#1106,#1107,#1108,#1109,#1110,#1111,#1112,#1113,#1114,#1115,
#1116,#1117,#1118,#1119,#1120,#1121,#1122,#1123,#1124,#1125),
 .UNSPECIFIED.,.F.,.F.,(4,3,3,3,3,3,3,3,3,3,3,3,3,3,3,3,3,4),(0.,0.0223154374698437,
0.0448671593737628,0.0672227385802623,0.0780498824935097,0.100537916817809,
0.120369204685233,0.142931962909619,0.156153005553009,0.178545023153913,
0.201214787256799,0.223784969663861,0.234349457856394,0.257021566874916,
0.279499194080216,0.301317971566298,0.310408575320176,0.311066962322455),
 .UNSPECIFIED.);
#56=B_SPLINE_CURVE_WITH_KNOTS('',3,(#1188,#1189,#1190,#1191,#1192,#1193,
#1194,#1195,#1196,#1197,#1198,#1199,#1200,#1201,#1202,#1203,#1204,#1205,
#1206,#1207,#1208,#1209,#1210,#1211,#1212,#1213,#1214,#1215,#1216,#1217,
#1218,#1219,#1220,#1221,#1222,#1223,#1224,#1225,#1226,#1227,#1228,#1229,
#1230,#1231,#1232,#1233,#1234,#1235,#1236,#1237,#1238,#1239),
 .UNSPECIFIED.,.F.,.F.,(4,3,3,3,3,3,3,3,3,3,3,3,3,3,3,3,3,4),(-0.000658412016185285,
0.,0.022285603466339,0.0447946391649651,0.0671694069426579,0.0760623571241663,
0.0947208605211179,0.117148521727467,0.139565284374953,0.154262136974544,
0.176750303878009,0.190047460575418,0.212594312546026,0.232368583609137,
0.25486128955539,0.277448597089346,0.299676411281756,0.310421787411314),
 .UNSPECIFIED.);
#57=B_SPLINE_CURVE_WITH_KNOTS('',3,(#1240,#1241,#1242,#1243,#1244,#1245,
#1246,#1247,#1248,#1249),.UNSPECIFIED.,.F.,.F.,(4,1,1,1,1,1,1,4),(11.5695298877093,
12.5802943195923,13.5910587514753,14.6018231833582,15.6125876152412,16.6233520471242,
17.6341164790072,18.6448809108901),.UNSPECIFIED.);
#58=B_SPLINE_CURVE_WITH_KNOTS('',3,(#1251,#1252,#1253,#1254,#1255,#1256,
#1257,#1258,#1259,#1260),.UNSPECIFIED.,.F.,.F.,(4,1,1,1,1,1,1,4),(-18.6448809108901,
-17.6341164790072,-16.6233520471242,-15.6125876152412,-14.6018231833582,
-13.5910587514753,-12.5802943195923,-11.5883006662432),.UNSPECIFIED.);
#59=B_SPLINE_CURVE_WITH_KNOTS('',3,(#1261,#1262,#1263,#1264,#1265,#1266,
#1267,#1268,#1269,#1270,#1271,#1272,#1273),.UNSPECIFIED.,.F.,.F.,(4,3,3,
3,4),(0.427723722898679,0.429655913249087,0.43593180347253,0.442874418876193,
0.445888920018916),.UNSPECIFIED.);
#60=B_SPLINE_CURVE_WITH_KNOTS('',3,(#1276,#1277,#1278,#1279,#1280),
 .UNSPECIFIED.,.F.,.F.,(4,1,4),(1.27056577464071,1.94836432937982,2.37572682587241),
 .UNSPECIFIED.);
#61=B_SPLINE_CURVE_WITH_KNOTS('',3,(#1282,#1283,#1284,#1285,#1286),
 .UNSPECIFIED.,.F.,.F.,(4,1,4),(1.26720347622923,1.69449638684775,2.37229494158685),
 .UNSPECIFIED.);
#62=B_SPLINE_CURVE_WITH_KNOTS('',3,(#1288,#1289,#1290,#1291,#1292,#1293,
#1294),.UNSPECIFIED.,.F.,.F.,(4,1,1,1,4),(2.04051609463829E-16,0.338899277369551,
0.677798554739101,1.01669783210865,1.26720347622923),.UNSPECIFIED.);
#63=B_SPLINE_CURVE_WITH_KNOTS('',3,(#1297,#1298,#1299,#1300,#1301,#1302,
#1303),.UNSPECIFIED.,.F.,.F.,(4,1,1,1,4),(2.37572682587241,2.62616288411892,
2.96506216148847,3.30396143885802,3.64286071622757),.UNSPECIFIED.);
#64=B_SPLINE_CURVE_WITH_KNOTS('',3,(#1347,#1348,#1349,#1350,#1351,#1352,
#1353,#1354),.UNSPECIFIED.,.F.,.F.,(4,1,1,1,1,4),(-3.64286071622757,-3.30396143885802,
-2.96506216148847,-2.62616288411892,-1.94836432937982,-1.29517310189797),
 .UNSPECIFIED.);
#65=B_SPLINE_CURVE_WITH_KNOTS('',3,(#1355,#1356,#1357,#1358),
 .UNSPECIFIED.,.F.,.F.,(4,4),(1.27934954300233,1.29517310189796),
 .UNSPECIFIED.);
#66=B_SPLINE_CURVE_WITH_KNOTS('',3,(#1404,#1405,#1406,#1407,#1408,#1409,
#1410,#1411),.UNSPECIFIED.,.F.,.F.,(4,1,1,1,1,4),(-2.34768782508261,-1.69449638684775,
-1.01669783210865,-0.677798554739101,-0.338899277369551,-2.04051609463829E-16),
 .UNSPECIFIED.);
#67=B_SPLINE_CURVE_WITH_KNOTS('',3,(#1412,#1413,#1414,#1415),
 .UNSPECIFIED.,.F.,.F.,(4,4),(2.34768782508261,2.36351120045144),
 .UNSPECIFIED.);
#68=B_SPLINE_CURVE_WITH_KNOTS('',3,(#1418,#1419,#1420,#1421,#1422,#1423),
 .UNSPECIFIED.,.F.,.F.,(4,2,4),(4.47013585089207,4.58720208457855,4.67519705751284),
 .UNSPECIFIED.);
#69=B_SPLINE_CURVE_WITH_KNOTS('',3,(#1430,#1431,#1432,#1433,#1434,#1435,
#1436,#1437),.UNSPECIFIED.,.F.,.F.,(4,2,2,4),(4.67519705767867,4.73221816762362,
4.88338985182676,4.8946497542374),.UNSPECIFIED.);
#70=B_SPLINE_CURVE_WITH_KNOTS('',3,(#1518,#1519,#1520,#1521,#1522,#1523,
#1524,#1525,#1526,#1527,#1528,#1529,#1530,#1531,#1532,#1533,#1534,#1535,
#1536,#1537,#1538,#1539,#1540,#1541,#1542,#1543,#1544,#1545,#1546,#1547,
#1548,#1549,#1550,#1551,#1552,#1553,#1554,#1555,#1556,#1557,#1558,#1559,
#1560,#1561,#1562,#1563,#1564,#1565,#1566,#1567,#1568,#1569,#1570,#1571,
#1572,#1573,#1574,#1575,#1576,#1577,#1578,#1579,#1580,#1581,#1582,#1583,
#1584,#1585,#1586,#1587,#1588,#1589,#1590,#1591,#1592,#1593,#1594,#1595,
#1596,#1597,#1598,#1599,#1600,#1601,#1602,#1603,#1604,#1605,#1606,#1607,
#1608,#1609,#1610,#1611,#1612,#1613,#1614,#1615,#1616,#1617,#1618,#1619,
#1620,#1621,#1622,#1623,#1624,#1625,#1626,#1627,#1628,#1629,#1630,#1631,
#1632,#1633,#1634,#1635,#1636,#1637,#1638,#1639,#1640,#1641,#1642,#1643,
#1644,#1645,#1646,#1647),.UNSPECIFIED.,.F.,.F.,(4,3,3,3,3,3,3,3,3,3,3,3,
3,3,3,3,3,3,3,3,3,3,3,3,3,3,3,3,3,3,3,3,3,3,3,3,3,3,3,3,3,3,3,4),(-15.8069769408881,
-15.7790686656766,-15.4780420383255,-15.1843514811668,-15.1139162582124,
-15.0571750572752,-14.7969384179639,-14.5043572749765,-14.3762870932935,
-14.1137109722529,-13.8256999872632,-13.7560378432037,-13.6701142395214,
-13.4833917481768,-13.2913797647038,-13.0941007883529,-12.9320576448949,
-12.7150180189773,-12.5097413607397,-12.3036115008767,-12.1946388358709,
-12.1946144053972,-11.9790991092651,-11.7643365305813,-11.6742647403488,
-11.5100420341021,-11.324969669408,-11.1402158264241,-10.9608210899724,
-10.8250153381152,-10.6332302992586,-10.4186593998697,-10.2065525648091,
-10.0866070080114,-9.87686511557266,-9.66601971258788,-9.5923600707205,
-9.38102159503724,-9.34710621483812,-9.33211029370641,-9.06908333361007,
-8.79417129661151,-8.59209177192564,-8.58225625594455),.UNSPECIFIED.);
#71=B_SPLINE_CURVE_WITH_KNOTS('',3,(#1649,#1650,#1651,#1652,#1653,#1654,
#1655,#1656,#1657,#1658,#1659,#1660,#1661,#1662,#1663,#1664,#1665,#1666,
#1667),.UNSPECIFIED.,.F.,.F.,(4,3,3,3,3,3,4),(-0.590444410518392,-0.578584557579804,
-0.573037300126654,-0.563684778413334,-0.560058703691327,-0.551431375261222,
-0.549014789499001),.UNSPECIFIED.);
#72=B_SPLINE_CURVE_WITH_KNOTS('',3,(#1669,#1670,#1671,#1672,#1673,#1674,
#1675,#1676,#1677,#1678,#1679,#1680,#1681,#1682,#1683,#1684,#1685,#1686,
#1687,#1688,#1689,#1690,#1691,#1692,#1693,#1694,#1695,#1696,#1697,#1698,
#1699,#1700,#1701,#1702,#1703,#1704,#1705,#1706,#1707,#1708,#1709,#1710,
#1711,#1712,#1713,#1714,#1715,#1716,#1717,#1718,#1719,#1720),
 .UNSPECIFIED.,.F.,.F.,(4,3,3,3,3,3,3,3,3,3,3,3,3,3,3,3,3,4),(-0.301708025237572,
-0.279329856335166,-0.256746039651418,-0.234361600640453,-0.223653508546023,
-0.201108479227263,-0.191416829367217,-0.168477494327266,-0.145538159287314,
-0.123144301119782,-0.100695835847757,-0.0954056602491856,-0.0728042210913352,
-0.0503666328069289,-0.0278504862085869,-0.00565936503016468,0.,0.000658124290687553),
 .UNSPECIFIED.);
#73=B_SPLINE_CURVE_WITH_KNOTS('',3,(#1722,#1723,#1724,#1725,#1726,#1727,
#1728,#1729,#1730,#1731,#1732,#1733,#1734),.UNSPECIFIED.,.F.,.F.,(4,1,1,
1,1,1,1,1,1,1,4),(8.55138741963546,9.33207938455734,9.5923100395313,10.6332326594271,
11.674155279323,12.1946165892709,12.7150778992188,13.7560005191147,14.7969231390105,
15.0571537939845,15.8378457589064),.UNSPECIFIED.);
#74=B_SPLINE_CURVE_WITH_KNOTS('',3,(#1736,#1737,#1738,#1739,#1740,#1741,
#1742,#1743,#1744,#1745,#1746,#1747,#1748,#1749,#1750,#1751,#1752,#1753,
#1754,#1755,#1756,#1757,#1758,#1759,#1760,#1761,#1762,#1763,#1764,#1765,
#1766,#1767,#1768,#1769,#1770,#1771,#1772,#1773,#1774,#1775,#1776,#1777,
#1778,#1779,#1780,#1781,#1782,#1783,#1784,#1785,#1786,#1787),
 .UNSPECIFIED.,.F.,.F.,(4,3,3,3,3,3,3,3,3,3,3,3,3,3,3,3,3,4),(-0.302353760521462,
-0.301695663317604,-0.279415435302428,-0.256913410921045,-0.234534282436075,
-0.228894425199611,-0.206293912043279,-0.183859914486335,-0.161449442356347,
-0.156163467112639,-0.133225071979223,-0.110286676845807,-0.0877425762888724,
-0.0780513185189911,-0.0556152487454943,-0.033023511577658,-0.0107070283886808,
0.),.UNSPECIFIED.);
#75=B_SPLINE_CURVE_WITH_KNOTS('',3,(#1788,#1789,#1790,#1791,#1792,#1793,
#1794,#1795,#1796,#1797,#1798,#1799,#1800,#1801,#1802,#1803,#1804,#1805,
#1806),.UNSPECIFIED.,.F.,.F.,(4,3,3,3,3,3,4),(-0.0422183545986597,-0.041336542446581,
-0.0318875210641506,-0.0223763153339562,-0.0172329167629708,-0.00509314066614112,
0.),.UNSPECIFIED.);
#76=B_SPLINE_CURVE_WITH_KNOTS('',3,(#1843,#1844,#1845,#1846,#1847,#1848,
#1849),.UNSPECIFIED.,.F.,.F.,(4,1,1,1,4),(1.41214823484981,2.36809764108671,
3.00539724524465,3.32404704732362,3.64269684940259),.UNSPECIFIED.);
#77=B_SPLINE_CURVE_WITH_KNOTS('',3,(#1853,#1854,#1855,#1856,#1857,#1858,
#1859),.UNSPECIFIED.,.F.,.F.,(4,1,1,1,4),(-3.64269684940259,-3.32404704732362,
-3.00539724524465,-2.36809764108671,-1.4573525128828),.UNSPECIFIED.);
#78=B_SPLINE_CURVE_WITH_KNOTS('',3,(#1860,#1861,#1862,#1863),
 .UNSPECIFIED.,.F.,.F.,(4,4),(1.42098961262171,1.4573525128828),
 .UNSPECIFIED.);
#79=B_SPLINE_CURVE_WITH_KNOTS('',3,(#1911,#1912,#1913,#1914,#1915,#1916,
#1917,#1918),.UNSPECIFIED.,.F.,.F.,(4,1,1,1,1,4),(-2.18533808188162,-1.59324901039495,
-0.955949406236969,-0.637299604157979,-0.31864980207899,-1.00222043781246E-16),
 .UNSPECIFIED.);
#80=B_SPLINE_CURVE_WITH_KNOTS('',3,(#1919,#1920,#1921,#1922,#1923,#1924,
#1925,#1926),.UNSPECIFIED.,.F.,.F.,(4,1,1,1,1,4),(1.00222043781246E-16,
0.31864980207899,0.637299604157979,0.955949406236969,1.59324901039495,2.23054861455293),
 .UNSPECIFIED.);
#81=B_SPLINE_CURVE_WITH_KNOTS('',3,(#1927,#1928,#1929,#1930),
 .UNSPECIFIED.,.F.,.F.,(4,4),(2.18533808188162,2.22170698209568),
 .UNSPECIFIED.);
#82=B_SPLINE_CURVE_WITH_KNOTS('',3,(#1934,#1935,#1936,#1937),
 .UNSPECIFIED.,.F.,.F.,(4,4),(4.47289363596327,4.80120979554738),
 .UNSPECIFIED.);
#83=B_SPLINE_CURVE_WITH_KNOTS('',3,(#1943,#1944,#1945,#1946),
 .UNSPECIFIED.,.F.,.F.,(4,4),(4.80120979563585,5.14664117875951),
 .UNSPECIFIED.);
#84=FACE_OUTER_BOUND('',#114,.T.);
#85=FACE_OUTER_BOUND('',#115,.T.);
#86=FACE_OUTER_BOUND('',#116,.T.);
#87=FACE_OUTER_BOUND('',#117,.T.);
#88=FACE_OUTER_BOUND('',#118,.T.);
#89=FACE_OUTER_BOUND('',#119,.T.);
#90=FACE_OUTER_BOUND('',#120,.T.);
#91=FACE_OUTER_BOUND('',#122,.T.);
#92=FACE_OUTER_BOUND('',#126,.T.);
#93=FACE_OUTER_BOUND('',#128,.T.);
#94=FACE_OUTER_BOUND('',#132,.T.);
#95=FACE_OUTER_BOUND('',#133,.T.);
#96=FACE_OUTER_BOUND('',#134,.T.);
#97=FACE_OUTER_BOUND('',#136,.T.);
#98=FACE_OUTER_BOUND('',#137,.T.);
#99=FACE_OUTER_BOUND('',#138,.T.);
#100=FACE_OUTER_BOUND('',#139,.T.);
#101=FACE_OUTER_BOUND('',#140,.T.);
#102=FACE_OUTER_BOUND('',#141,.T.);
#103=FACE_OUTER_BOUND('',#142,.T.);
#104=FACE_OUTER_BOUND('',#143,.T.);
#105=FACE_OUTER_BOUND('',#144,.T.);
#106=FACE_OUTER_BOUND('',#145,.T.);
#107=FACE_OUTER_BOUND('',#146,.T.);
#108=FACE_OUTER_BOUND('',#147,.T.);
#109=FACE_OUTER_BOUND('',#149,.T.);
#110=FACE_OUTER_BOUND('',#150,.T.);
#111=FACE_OUTER_BOUND('',#151,.T.);
#112=FACE_OUTER_BOUND('',#152,.T.);
#113=FACE_OUTER_BOUND('',#153,.T.);
#114=EDGE_LOOP('',(#363,#364,#365,#366));
#115=EDGE_LOOP('',(#367,#368,#369,#370));
#116=EDGE_LOOP('',(#371,#372,#373,#374));
#117=EDGE_LOOP('',(#375,#376,#377,#378));
#118=EDGE_LOOP('',(#379,#380,#381,#382));
#119=EDGE_LOOP('',(#383,#384,#385,#386));
#120=EDGE_LOOP('',(#387,#388,#389,#390,#391));
#121=EDGE_LOOP('',(#392,#393));
#122=EDGE_LOOP('',(#394));
#123=EDGE_LOOP('',(#395));
#124=EDGE_LOOP('',(#396));
#125=EDGE_LOOP('',(#397));
#126=EDGE_LOOP('',(#398,#399,#400,#401,#402));
#127=EDGE_LOOP('',(#403,#404));
#128=EDGE_LOOP('',(#405));
#129=EDGE_LOOP('',(#406));
#130=EDGE_LOOP('',(#407));
#131=EDGE_LOOP('',(#408));
#132=EDGE_LOOP('',(#409,#410,#411,#412,#413));
#133=EDGE_LOOP('',(#414,#415,#416,#417,#418));
#134=EDGE_LOOP('',(#419,#420,#421,#422,#423,#424,#425));
#135=EDGE_LOOP('',(#426,#427));
#136=EDGE_LOOP('',(#428,#429,#430,#431,#432,#433));
#137=EDGE_LOOP('',(#434,#435,#436,#437));
#138=EDGE_LOOP('',(#438,#439,#440,#441,#442,#443));
#139=EDGE_LOOP('',(#444,#445,#446,#447,#448,#449,#450));
#140=EDGE_LOOP('',(#451,#452,#453,#454,#455,#456));
#141=EDGE_LOOP('',(#457,#458,#459,#460,#461));
#142=EDGE_LOOP('',(#462,#463,#464,#465));
#143=EDGE_LOOP('',(#466,#467,#468,#469,#470));
#144=EDGE_LOOP('',(#471,#472,#473,#474,#475,#476,#477,#478,#479,#480));
#145=EDGE_LOOP('',(#481,#482,#483,#484));
#146=EDGE_LOOP('',(#485,#486,#487,#488,#489,#490,#491,#492,#493,#494));
#147=EDGE_LOOP('',(#495,#496,#497,#498));
#148=EDGE_LOOP('',(#499,#500));
#149=EDGE_LOOP('',(#501,#502,#503,#504,#505,#506));
#150=EDGE_LOOP('',(#507,#508,#509,#510));
#151=EDGE_LOOP('',(#511,#512,#513,#514));
#152=EDGE_LOOP('',(#515,#516,#517,#518,#519,#520));
#153=EDGE_LOOP('',(#521,#522,#523,#524));
#154=EDGE_LOOP('',(#525));
#155=EDGE_LOOP('',(#526));
#156=EDGE_LOOP('',(#527));
#157=EDGE_LOOP('',(#528));
#158=EDGE_LOOP('',(#529));
#159=EDGE_LOOP('',(#530));
#160=LINE('',#766,#177);
#161=LINE('',#772,#178);
#162=LINE('',#778,#179);
#163=LINE('',#784,#180);
#164=LINE('',#790,#181);
#165=LINE('',#796,#182);
#166=LINE('',#802,#183);
#167=LINE('',#915,#184);
#168=LINE('',#1296,#185);
#169=LINE('',#1362,#186);
#170=LINE('',#1425,#187);
#171=LINE('',#1429,#188);
#172=LINE('',#1868,#189);
#173=LINE('',#1869,#190);
#174=LINE('',#1950,#191);
#175=LINE('',#1954,#192);
#176=LINE('',#1957,#193);
#177=VECTOR('',#648,3.35);
#178=VECTOR('',#655,1.5);
#179=VECTOR('',#662,1.5);
#180=VECTOR('',#669,1.5);
#181=VECTOR('',#676,3.35);
#182=VECTOR('',#683,1.5);
#183=VECTOR('',#690,18.);
#184=VECTOR('',#697,18.);
#185=VECTOR('',#704,10.);
#186=VECTOR('',#711,10.);
#187=VECTOR('',#714,10.);
#188=VECTOR('',#717,10.);
#189=VECTOR('',#724,10.);
#190=VECTOR('',#725,10.);
#191=VECTOR('',#744,5.75);
#192=VECTOR('',#749,10.);
#193=VECTOR('',#752,10.);
#194=CIRCLE('',#593,3.35);
#195=CIRCLE('',#594,3.35);
#196=CIRCLE('',#596,1.5);
#197=CIRCLE('',#597,1.5);
#198=CIRCLE('',#599,1.5);
#199=CIRCLE('',#600,1.5);
#200=CIRCLE('',#602,1.5);
#201=CIRCLE('',#603,1.5);
#202=CIRCLE('',#605,3.35);
#203=CIRCLE('',#606,3.35);
#204=CIRCLE('',#608,1.5);
#205=CIRCLE('',#609,1.5);
#206=CIRCLE('',#611,18.);
#207=CIRCLE('',#614,18.);
#208=CIRCLE('',#616,2.);
#209=CIRCLE('',#618,2.);
#210=CIRCLE('',#620,2.00000000000001);
#211=CIRCLE('',#622,21.);
#212=CIRCLE('',#623,1.99999999999999);
#213=CIRCLE('',#625,2.);
#214=CIRCLE('',#627,287.071661458483);
#215=CIRCLE('',#628,298.071661458483);
#216=CIRCLE('',#630,298.071661458484);
#217=CIRCLE('',#632,287.071661458484);
#218=CIRCLE('',#636,287.071661458484);
#219=CIRCLE('',#638,287.071661458484);
#220=CIRCLE('',#640,21.);
#221=VERTEX_POINT('',#763);
#222=VERTEX_POINT('',#765);
#223=VERTEX_POINT('',#769);
#224=VERTEX_POINT('',#771);
#225=VERTEX_POINT('',#775);
#226=VERTEX_POINT('',#777);
#227=VERTEX_POINT('',#781);
#228=VERTEX_POINT('',#783);
#229=VERTEX_POINT('',#787);
#230=VERTEX_POINT('',#789);
#231=VERTEX_POINT('',#793);
#232=VERTEX_POINT('',#795);
#233=VERTEX_POINT('',#799);
#234=VERTEX_POINT('',#801);
#235=VERTEX_POINT('',#803);
#236=VERTEX_POINT('',#872);
#237=VERTEX_POINT('',#873);
#238=VERTEX_POINT('',#912);
#239=VERTEX_POINT('',#914);
#240=VERTEX_POINT('',#916);
#241=VERTEX_POINT('',#985);
#242=VERTEX_POINT('',#986);
#243=VERTEX_POINT('',#1044);
#244=VERTEX_POINT('',#1045);
#245=VERTEX_POINT('',#1062);
#246=VERTEX_POINT('',#1067);
#247=VERTEX_POINT('',#1069);
#248=VERTEX_POINT('',#1186);
#249=VERTEX_POINT('',#1187);
#250=VERTEX_POINT('',#1250);
#251=VERTEX_POINT('',#1275);
#252=VERTEX_POINT('',#1281);
#253=VERTEX_POINT('',#1287);
#254=VERTEX_POINT('',#1295);
#255=VERTEX_POINT('',#1344);
#256=VERTEX_POINT('',#1346);
#257=VERTEX_POINT('',#1360);
#258=VERTEX_POINT('',#1403);
#259=VERTEX_POINT('',#1417);
#260=VERTEX_POINT('',#1424);
#261=VERTEX_POINT('',#1426);
#262=VERTEX_POINT('',#1428);
#263=VERTEX_POINT('',#1516);
#264=VERTEX_POINT('',#1517);
#265=VERTEX_POINT('',#1648);
#266=VERTEX_POINT('',#1668);
#267=VERTEX_POINT('',#1721);
#268=VERTEX_POINT('',#1735);
#269=VERTEX_POINT('',#1842);
#270=VERTEX_POINT('',#1850);
#271=VERTEX_POINT('',#1852);
#272=VERTEX_POINT('',#1865);
#273=VERTEX_POINT('',#1866);
#274=VERTEX_POINT('',#1910);
#275=VERTEX_POINT('',#1932);
#276=VERTEX_POINT('',#1942);
#277=VERTEX_POINT('',#1952);
#278=VERTEX_POINT('',#1956);
#279=EDGE_CURVE('',#221,#221,#194,.T.);
#280=EDGE_CURVE('',#221,#222,#160,.T.);
#281=EDGE_CURVE('',#222,#222,#195,.T.);
#282=EDGE_CURVE('',#223,#223,#196,.T.);
#283=EDGE_CURVE('',#223,#224,#161,.T.);
#284=EDGE_CURVE('',#224,#224,#197,.T.);
#285=EDGE_CURVE('',#225,#225,#198,.T.);
#286=EDGE_CURVE('',#225,#226,#162,.T.);
#287=EDGE_CURVE('',#226,#226,#199,.T.);
#288=EDGE_CURVE('',#227,#227,#200,.T.);
#289=EDGE_CURVE('',#227,#228,#163,.T.);
#290=EDGE_CURVE('',#228,#228,#201,.T.);
#291=EDGE_CURVE('',#229,#229,#202,.T.);
#292=EDGE_CURVE('',#229,#230,#164,.T.);
#293=EDGE_CURVE('',#230,#230,#203,.T.);
#294=EDGE_CURVE('',#231,#231,#204,.T.);
#295=EDGE_CURVE('',#231,#232,#165,.T.);
#296=EDGE_CURVE('',#232,#232,#205,.T.);
#297=EDGE_CURVE('',#233,#233,#206,.T.);
#298=EDGE_CURVE('',#233,#234,#166,.T.);
#299=EDGE_CURVE('',#235,#234,#44,.T.);
#300=EDGE_CURVE('',#234,#235,#45,.T.);
#301=EDGE_CURVE('',#236,#237,#46,.T.);
#302=EDGE_CURVE('',#237,#236,#47,.T.);
#303=EDGE_CURVE('',#238,#238,#207,.T.);
#304=EDGE_CURVE('',#238,#239,#167,.T.);
#305=EDGE_CURVE('',#240,#239,#48,.T.);
#306=EDGE_CURVE('',#239,#240,#49,.T.);
#307=EDGE_CURVE('',#241,#242,#50,.T.);
#308=EDGE_CURVE('',#242,#241,#51,.T.);
#309=EDGE_CURVE('',#243,#244,#52,.F.);
#310=EDGE_CURVE('',#244,#245,#53,.T.);
#311=EDGE_CURVE('',#245,#246,#208,.T.);
#312=EDGE_CURVE('',#246,#247,#54,.T.);
#313=EDGE_CURVE('',#247,#243,#55,.F.);
#314=EDGE_CURVE('',#248,#249,#56,.T.);
#315=EDGE_CURVE('',#248,#246,#57,.T.);
#316=EDGE_CURVE('',#245,#250,#58,.T.);
#317=EDGE_CURVE('',#249,#250,#59,.T.);
#318=EDGE_CURVE('',#247,#251,#60,.T.);
#319=EDGE_CURVE('',#252,#248,#61,.T.);
#320=EDGE_CURVE('',#253,#252,#62,.T.);
#321=EDGE_CURVE('',#254,#253,#168,.T.);
#322=EDGE_CURVE('',#251,#254,#63,.T.);
#323=EDGE_CURVE('',#254,#255,#209,.T.);
#324=EDGE_CURVE('',#255,#256,#64,.T.);
#325=EDGE_CURVE('',#243,#256,#65,.T.);
#326=EDGE_CURVE('',#253,#257,#210,.T.);
#327=EDGE_CURVE('',#257,#255,#169,.T.);
#328=EDGE_CURVE('',#258,#257,#66,.T.);
#329=EDGE_CURVE('',#249,#258,#67,.F.);
#330=EDGE_CURVE('',#259,#244,#68,.F.);
#331=EDGE_CURVE('',#260,#259,#170,.T.);
#332=EDGE_CURVE('',#261,#260,#211,.T.);
#333=EDGE_CURVE('',#261,#262,#171,.T.);
#334=EDGE_CURVE('',#262,#250,#69,.T.);
#335=EDGE_CURVE('',#263,#264,#70,.T.);
#336=EDGE_CURVE('',#264,#265,#71,.T.);
#337=EDGE_CURVE('',#265,#266,#72,.T.);
#338=EDGE_CURVE('',#266,#267,#73,.T.);
#339=EDGE_CURVE('',#267,#268,#74,.T.);
#340=EDGE_CURVE('',#268,#263,#75,.T.);
#341=EDGE_CURVE('',#267,#269,#76,.T.);
#342=EDGE_CURVE('',#269,#270,#212,.T.);
#343=EDGE_CURVE('',#270,#271,#77,.T.);
#344=EDGE_CURVE('',#268,#271,#78,.T.);
#345=EDGE_CURVE('',#272,#273,#213,.T.);
#346=EDGE_CURVE('',#273,#270,#172,.T.);
#347=EDGE_CURVE('',#269,#272,#173,.T.);
#348=EDGE_CURVE('',#274,#273,#79,.T.);
#349=EDGE_CURVE('',#272,#266,#80,.T.);
#350=EDGE_CURVE('',#274,#265,#81,.T.);
#351=EDGE_CURVE('',#262,#275,#214,.T.);
#352=EDGE_CURVE('',#275,#263,#82,.F.);
#353=EDGE_CURVE('',#270,#257,#215,.T.);
#354=EDGE_CURVE('',#255,#273,#216,.T.);
#355=EDGE_CURVE('',#276,#264,#83,.T.);
#356=EDGE_CURVE('',#276,#259,#217,.T.);
#357=EDGE_CURVE('',#242,#237,#174,.T.);
#358=EDGE_CURVE('',#261,#277,#218,.T.);
#359=EDGE_CURVE('',#277,#275,#175,.T.);
#360=EDGE_CURVE('',#278,#276,#176,.T.);
#361=EDGE_CURVE('',#278,#260,#219,.T.);
#362=EDGE_CURVE('',#278,#277,#220,.T.);
#363=ORIENTED_EDGE('',*,*,#279,.F.);
#364=ORIENTED_EDGE('',*,*,#280,.T.);
#365=ORIENTED_EDGE('',*,*,#281,.F.);
#366=ORIENTED_EDGE('',*,*,#280,.F.);
#367=ORIENTED_EDGE('',*,*,#282,.F.);
#368=ORIENTED_EDGE('',*,*,#283,.T.);
#369=ORIENTED_EDGE('',*,*,#284,.F.);
#370=ORIENTED_EDGE('',*,*,#283,.F.);
#371=ORIENTED_EDGE('',*,*,#285,.F.);
#372=ORIENTED_EDGE('',*,*,#286,.T.);
#373=ORIENTED_EDGE('',*,*,#287,.F.);
#374=ORIENTED_EDGE('',*,*,#286,.F.);
#375=ORIENTED_EDGE('',*,*,#288,.F.);
#376=ORIENTED_EDGE('',*,*,#289,.T.);
#377=ORIENTED_EDGE('',*,*,#290,.F.);
#378=ORIENTED_EDGE('',*,*,#289,.F.);
#379=ORIENTED_EDGE('',*,*,#291,.F.);
#380=ORIENTED_EDGE('',*,*,#292,.T.);
#381=ORIENTED_EDGE('',*,*,#293,.F.);
#382=ORIENTED_EDGE('',*,*,#292,.F.);
#383=ORIENTED_EDGE('',*,*,#294,.F.);
#384=ORIENTED_EDGE('',*,*,#295,.T.);
#385=ORIENTED_EDGE('',*,*,#296,.F.);
#386=ORIENTED_EDGE('',*,*,#295,.F.);
#387=ORIENTED_EDGE('',*,*,#297,.T.);
#388=ORIENTED_EDGE('',*,*,#298,.T.);
#389=ORIENTED_EDGE('',*,*,#299,.F.);
#390=ORIENTED_EDGE('',*,*,#300,.F.);
#391=ORIENTED_EDGE('',*,*,#298,.F.);
#392=ORIENTED_EDGE('',*,*,#301,.F.);
#393=ORIENTED_EDGE('',*,*,#302,.F.);
#394=ORIENTED_EDGE('',*,*,#297,.F.);
#395=ORIENTED_EDGE('',*,*,#279,.T.);
#396=ORIENTED_EDGE('',*,*,#285,.T.);
#397=ORIENTED_EDGE('',*,*,#294,.T.);
#398=ORIENTED_EDGE('',*,*,#303,.T.);
#399=ORIENTED_EDGE('',*,*,#304,.T.);
#400=ORIENTED_EDGE('',*,*,#305,.F.);
#401=ORIENTED_EDGE('',*,*,#306,.F.);
#402=ORIENTED_EDGE('',*,*,#304,.F.);
#403=ORIENTED_EDGE('',*,*,#307,.F.);
#404=ORIENTED_EDGE('',*,*,#308,.F.);
#405=ORIENTED_EDGE('',*,*,#303,.F.);
#406=ORIENTED_EDGE('',*,*,#282,.T.);
#407=ORIENTED_EDGE('',*,*,#288,.T.);
#408=ORIENTED_EDGE('',*,*,#291,.T.);
#409=ORIENTED_EDGE('',*,*,#309,.T.);
#410=ORIENTED_EDGE('',*,*,#310,.T.);
#411=ORIENTED_EDGE('',*,*,#311,.T.);
#412=ORIENTED_EDGE('',*,*,#312,.T.);
#413=ORIENTED_EDGE('',*,*,#313,.T.);
#414=ORIENTED_EDGE('',*,*,#314,.F.);
#415=ORIENTED_EDGE('',*,*,#315,.T.);
#416=ORIENTED_EDGE('',*,*,#311,.F.);
#417=ORIENTED_EDGE('',*,*,#316,.T.);
#418=ORIENTED_EDGE('',*,*,#317,.F.);
#419=ORIENTED_EDGE('',*,*,#318,.F.);
#420=ORIENTED_EDGE('',*,*,#312,.F.);
#421=ORIENTED_EDGE('',*,*,#315,.F.);
#422=ORIENTED_EDGE('',*,*,#319,.F.);
#423=ORIENTED_EDGE('',*,*,#320,.F.);
#424=ORIENTED_EDGE('',*,*,#321,.F.);
#425=ORIENTED_EDGE('',*,*,#322,.F.);
#426=ORIENTED_EDGE('',*,*,#305,.T.);
#427=ORIENTED_EDGE('',*,*,#306,.T.);
#428=ORIENTED_EDGE('',*,*,#322,.T.);
#429=ORIENTED_EDGE('',*,*,#323,.T.);
#430=ORIENTED_EDGE('',*,*,#324,.T.);
#431=ORIENTED_EDGE('',*,*,#325,.F.);
#432=ORIENTED_EDGE('',*,*,#313,.F.);
#433=ORIENTED_EDGE('',*,*,#318,.T.);
#434=ORIENTED_EDGE('',*,*,#326,.T.);
#435=ORIENTED_EDGE('',*,*,#327,.T.);
#436=ORIENTED_EDGE('',*,*,#323,.F.);
#437=ORIENTED_EDGE('',*,*,#321,.T.);
#438=ORIENTED_EDGE('',*,*,#328,.T.);
#439=ORIENTED_EDGE('',*,*,#326,.F.);
#440=ORIENTED_EDGE('',*,*,#320,.T.);
#441=ORIENTED_EDGE('',*,*,#319,.T.);
#442=ORIENTED_EDGE('',*,*,#314,.T.);
#443=ORIENTED_EDGE('',*,*,#329,.T.);
#444=ORIENTED_EDGE('',*,*,#310,.F.);
#445=ORIENTED_EDGE('',*,*,#330,.F.);
#446=ORIENTED_EDGE('',*,*,#331,.F.);
#447=ORIENTED_EDGE('',*,*,#332,.F.);
#448=ORIENTED_EDGE('',*,*,#333,.T.);
#449=ORIENTED_EDGE('',*,*,#334,.T.);
#450=ORIENTED_EDGE('',*,*,#316,.F.);
#451=ORIENTED_EDGE('',*,*,#335,.T.);
#452=ORIENTED_EDGE('',*,*,#336,.T.);
#453=ORIENTED_EDGE('',*,*,#337,.T.);
#454=ORIENTED_EDGE('',*,*,#338,.T.);
#455=ORIENTED_EDGE('',*,*,#339,.T.);
#456=ORIENTED_EDGE('',*,*,#340,.T.);
#457=ORIENTED_EDGE('',*,*,#341,.T.);
#458=ORIENTED_EDGE('',*,*,#342,.T.);
#459=ORIENTED_EDGE('',*,*,#343,.T.);
#460=ORIENTED_EDGE('',*,*,#344,.F.);
#461=ORIENTED_EDGE('',*,*,#339,.F.);
#462=ORIENTED_EDGE('',*,*,#345,.T.);
#463=ORIENTED_EDGE('',*,*,#346,.T.);
#464=ORIENTED_EDGE('',*,*,#342,.F.);
#465=ORIENTED_EDGE('',*,*,#347,.T.);
#466=ORIENTED_EDGE('',*,*,#348,.T.);
#467=ORIENTED_EDGE('',*,*,#345,.F.);
#468=ORIENTED_EDGE('',*,*,#349,.T.);
#469=ORIENTED_EDGE('',*,*,#337,.F.);
#470=ORIENTED_EDGE('',*,*,#350,.F.);
#471=ORIENTED_EDGE('',*,*,#328,.F.);
#472=ORIENTED_EDGE('',*,*,#329,.F.);
#473=ORIENTED_EDGE('',*,*,#317,.T.);
#474=ORIENTED_EDGE('',*,*,#334,.F.);
#475=ORIENTED_EDGE('',*,*,#351,.T.);
#476=ORIENTED_EDGE('',*,*,#352,.T.);
#477=ORIENTED_EDGE('',*,*,#340,.F.);
#478=ORIENTED_EDGE('',*,*,#344,.T.);
#479=ORIENTED_EDGE('',*,*,#343,.F.);
#480=ORIENTED_EDGE('',*,*,#353,.T.);
#481=ORIENTED_EDGE('',*,*,#327,.F.);
#482=ORIENTED_EDGE('',*,*,#353,.F.);
#483=ORIENTED_EDGE('',*,*,#346,.F.);
#484=ORIENTED_EDGE('',*,*,#354,.F.);
#485=ORIENTED_EDGE('',*,*,#324,.F.);
#486=ORIENTED_EDGE('',*,*,#354,.T.);
#487=ORIENTED_EDGE('',*,*,#348,.F.);
#488=ORIENTED_EDGE('',*,*,#350,.T.);
#489=ORIENTED_EDGE('',*,*,#336,.F.);
#490=ORIENTED_EDGE('',*,*,#355,.F.);
#491=ORIENTED_EDGE('',*,*,#356,.T.);
#492=ORIENTED_EDGE('',*,*,#330,.T.);
#493=ORIENTED_EDGE('',*,*,#309,.F.);
#494=ORIENTED_EDGE('',*,*,#325,.T.);
#495=ORIENTED_EDGE('',*,*,#338,.F.);
#496=ORIENTED_EDGE('',*,*,#349,.F.);
#497=ORIENTED_EDGE('',*,*,#347,.F.);
#498=ORIENTED_EDGE('',*,*,#341,.F.);
#499=ORIENTED_EDGE('',*,*,#299,.T.);
#500=ORIENTED_EDGE('',*,*,#300,.T.);
#501=ORIENTED_EDGE('',*,*,#307,.T.);
#502=ORIENTED_EDGE('',*,*,#357,.T.);
#503=ORIENTED_EDGE('',*,*,#302,.T.);
#504=ORIENTED_EDGE('',*,*,#301,.T.);
#505=ORIENTED_EDGE('',*,*,#357,.F.);
#506=ORIENTED_EDGE('',*,*,#308,.T.);
#507=ORIENTED_EDGE('',*,*,#351,.F.);
#508=ORIENTED_EDGE('',*,*,#333,.F.);
#509=ORIENTED_EDGE('',*,*,#358,.T.);
#510=ORIENTED_EDGE('',*,*,#359,.T.);
#511=ORIENTED_EDGE('',*,*,#356,.F.);
#512=ORIENTED_EDGE('',*,*,#360,.F.);
#513=ORIENTED_EDGE('',*,*,#361,.T.);
#514=ORIENTED_EDGE('',*,*,#331,.T.);
#515=ORIENTED_EDGE('',*,*,#335,.F.);
#516=ORIENTED_EDGE('',*,*,#352,.F.);
#517=ORIENTED_EDGE('',*,*,#359,.F.);
#518=ORIENTED_EDGE('',*,*,#362,.F.);
#519=ORIENTED_EDGE('',*,*,#360,.T.);
#520=ORIENTED_EDGE('',*,*,#355,.T.);
#521=ORIENTED_EDGE('',*,*,#362,.T.);
#522=ORIENTED_EDGE('',*,*,#358,.F.);
#523=ORIENTED_EDGE('',*,*,#332,.T.);
#524=ORIENTED_EDGE('',*,*,#361,.F.);
#525=ORIENTED_EDGE('',*,*,#296,.T.);
#526=ORIENTED_EDGE('',*,*,#293,.T.);
#527=ORIENTED_EDGE('',*,*,#290,.T.);
#528=ORIENTED_EDGE('',*,*,#287,.T.);
#529=ORIENTED_EDGE('',*,*,#284,.T.);
#530=ORIENTED_EDGE('',*,*,#281,.T.);
#531=CYLINDRICAL_SURFACE('',#592,3.35);
#532=CYLINDRICAL_SURFACE('',#595,1.5);
#533=CYLINDRICAL_SURFACE('',#598,1.5);
#534=CYLINDRICAL_SURFACE('',#601,1.5);
#535=CYLINDRICAL_SURFACE('',#604,3.35);
#536=CYLINDRICAL_SURFACE('',#607,1.5);
#537=CYLINDRICAL_SURFACE('',#610,18.);
#538=CYLINDRICAL_SURFACE('',#613,18.);
#539=CYLINDRICAL_SURFACE('',#617,61.9067124699041);
#540=CYLINDRICAL_SURFACE('',#619,2.);
#541=CYLINDRICAL_SURFACE('',#621,21.);
#542=CYLINDRICAL_SURFACE('',#624,2.);
#543=CYLINDRICAL_SURFACE('',#633,61.906712469904);
#544=CYLINDRICAL_SURFACE('',#634,5.75);
#545=CYLINDRICAL_SURFACE('',#635,287.071661458484);
#546=CYLINDRICAL_SURFACE('',#637,287.071661458484);
#547=CYLINDRICAL_SURFACE('',#639,21.);
#548=ADVANCED_FACE('',(#84),#531,.F.);
#549=ADVANCED_FACE('',(#85),#532,.F.);
#550=ADVANCED_FACE('',(#86),#533,.F.);
#551=ADVANCED_FACE('',(#87),#534,.F.);
#552=ADVANCED_FACE('',(#88),#535,.F.);
#553=ADVANCED_FACE('',(#89),#536,.F.);
#554=ADVANCED_FACE('',(#90,#28),#537,.F.);
#555=ADVANCED_FACE('',(#91,#29,#30,#31),#24,.F.);
#556=ADVANCED_FACE('',(#92,#32),#538,.F.);
#557=ADVANCED_FACE('',(#93,#33,#34,#35),#25,.F.);
#558=ADVANCED_FACE('',(#94),#17,.F.);
#559=ADVANCED_FACE('',(#95),#18,.F.);
#560=ADVANCED_FACE('',(#96,#36),#539,.F.);
#561=ADVANCED_FACE('',(#97),#19,.F.);
#562=ADVANCED_FACE('',(#98),#540,.T.);
#563=ADVANCED_FACE('',(#99),#20,.F.);
#564=ADVANCED_FACE('',(#100),#541,.T.);
#565=ADVANCED_FACE('',(#101),#21,.F.);
#566=ADVANCED_FACE('',(#102),#22,.F.);
#567=ADVANCED_FACE('',(#103),#542,.T.);
#568=ADVANCED_FACE('',(#104),#23,.F.);
#569=ADVANCED_FACE('',(#105),#15,.T.);
#570=ADVANCED_FACE('',(#106),#26,.F.);
#571=ADVANCED_FACE('',(#107),#16,.T.);
#572=ADVANCED_FACE('',(#108,#37),#543,.F.);
#573=ADVANCED_FACE('',(#109),#544,.F.);
#574=ADVANCED_FACE('',(#110),#545,.F.);
#575=ADVANCED_FACE('',(#111),#546,.F.);
#576=ADVANCED_FACE('',(#112),#547,.T.);
#577=ADVANCED_FACE('',(#113,#38,#39,#40,#41,#42,#43),#27,.T.);
#578=CLOSED_SHELL('',(#548,#549,#550,#551,#552,#553,#554,#555,#556,#557,
#558,#559,#560,#561,#562,#563,#564,#565,#566,#567,#568,#569,#570,#571,#572,
#573,#574,#575,#576,#577));
#579=DERIVED_UNIT_ELEMENT(#581,1.);
#580=DERIVED_UNIT_ELEMENT(#1967,-3.);
#581=(
MASS_UNIT()
NAMED_UNIT(*)
SI_UNIT(.KILO.,.GRAM.)
);
#582=DERIVED_UNIT((#579,#580));
#583=MEASURE_REPRESENTATION_ITEM('density measure',
POSITIVE_RATIO_MEASURE(7850.),#582);
#584=PROPERTY_DEFINITION_REPRESENTATION(#589,#586);
#585=PROPERTY_DEFINITION_REPRESENTATION(#590,#587);
#586=REPRESENTATION('material name',(#588),#1964);
#587=REPRESENTATION('density',(#583),#1964);
#588=DESCRIPTIVE_REPRESENTATION_ITEM('Steel','Steel');
#589=PROPERTY_DEFINITION('material property','material name',#1974);
#590=PROPERTY_DEFINITION('material property','density of part',#1974);
#591=AXIS2_PLACEMENT_3D('',#761,#642,#643);
#592=AXIS2_PLACEMENT_3D('',#762,#644,#645);
#593=AXIS2_PLACEMENT_3D('',#764,#646,#647);
#594=AXIS2_PLACEMENT_3D('',#767,#649,#650);
#595=AXIS2_PLACEMENT_3D('',#768,#651,#652);
#596=AXIS2_PLACEMENT_3D('',#770,#653,#654);
#597=AXIS2_PLACEMENT_3D('',#773,#656,#657);
#598=AXIS2_PLACEMENT_3D('',#774,#658,#659);
#599=AXIS2_PLACEMENT_3D('',#776,#660,#661);
#600=AXIS2_PLACEMENT_3D('',#779,#663,#664);
#601=AXIS2_PLACEMENT_3D('',#780,#665,#666);
#602=AXIS2_PLACEMENT_3D('',#782,#667,#668);
#603=AXIS2_PLACEMENT_3D('',#785,#670,#671);
#604=AXIS2_PLACEMENT_3D('',#786,#672,#673);
#605=AXIS2_PLACEMENT_3D('',#788,#674,#675);
#606=AXIS2_PLACEMENT_3D('',#791,#677,#678);
#607=AXIS2_PLACEMENT_3D('',#792,#679,#680);
#608=AXIS2_PLACEMENT_3D('',#794,#681,#682);
#609=AXIS2_PLACEMENT_3D('',#797,#684,#685);
#610=AXIS2_PLACEMENT_3D('',#798,#686,#687);
#611=AXIS2_PLACEMENT_3D('',#800,#688,#689);
#612=AXIS2_PLACEMENT_3D('',#910,#691,#692);
#613=AXIS2_PLACEMENT_3D('',#911,#693,#694);
#614=AXIS2_PLACEMENT_3D('',#913,#695,#696);
#615=AXIS2_PLACEMENT_3D('',#1023,#698,#699);
#616=AXIS2_PLACEMENT_3D('',#1068,#700,#701);
#617=AXIS2_PLACEMENT_3D('',#1274,#702,#703);
#618=AXIS2_PLACEMENT_3D('',#1345,#705,#706);
#619=AXIS2_PLACEMENT_3D('',#1359,#707,#708);
#620=AXIS2_PLACEMENT_3D('',#1361,#709,#710);
#621=AXIS2_PLACEMENT_3D('',#1416,#712,#713);
#622=AXIS2_PLACEMENT_3D('',#1427,#715,#716);
#623=AXIS2_PLACEMENT_3D('',#1851,#718,#719);
#624=AXIS2_PLACEMENT_3D('',#1864,#720,#721);
#625=AXIS2_PLACEMENT_3D('',#1867,#722,#723);
#626=AXIS2_PLACEMENT_3D('',#1931,#726,#727);
#627=AXIS2_PLACEMENT_3D('',#1933,#728,#729);
#628=AXIS2_PLACEMENT_3D('',#1938,#730,#731);
#629=AXIS2_PLACEMENT_3D('',#1939,#732,#733);
#630=AXIS2_PLACEMENT_3D('',#1940,#734,#735);
#631=AXIS2_PLACEMENT_3D('',#1941,#736,#737);
#632=AXIS2_PLACEMENT_3D('',#1947,#738,#739);
#633=AXIS2_PLACEMENT_3D('',#1948,#740,#741);
#634=AXIS2_PLACEMENT_3D('',#1949,#742,#743);
#635=AXIS2_PLACEMENT_3D('',#1951,#745,#746);
#636=AXIS2_PLACEMENT_3D('',#1953,#747,#748);
#637=AXIS2_PLACEMENT_3D('',#1955,#750,#751);
#638=AXIS2_PLACEMENT_3D('',#1958,#753,#754);
#639=AXIS2_PLACEMENT_3D('',#1959,#755,#756);
#640=AXIS2_PLACEMENT_3D('',#1960,#757,#758);
#641=AXIS2_PLACEMENT_3D('',#1961,#759,#760);
#642=DIRECTION('axis',(0.,0.,1.));
#643=DIRECTION('refdir',(1.,0.,0.));
#644=DIRECTION('center_axis',(1.,0.,-1.49880108324396E-15));
#645=DIRECTION('ref_axis',(5.12620161307766E-16,-0.939692620785908,0.342020143325669));
#646=DIRECTION('center_axis',(1.,0.,-1.49880108324396E-15));
#647=DIRECTION('ref_axis',(5.12620161307766E-16,-0.939692620785908,0.342020143325669));
#648=DIRECTION('',(1.,0.,-1.49880108324396E-15));
#649=DIRECTION('center_axis',(-1.,0.,1.49880108324396E-15));
#650=DIRECTION('ref_axis',(5.12620161307766E-16,-0.939692620785908,0.342020143325669));
#651=DIRECTION('center_axis',(1.,0.,-1.49880108324396E-15));
#652=DIRECTION('ref_axis',(5.12620161307766E-16,-0.939692620785908,0.342020143325669));
#653=DIRECTION('center_axis',(1.,0.,-1.49880108324396E-15));
#654=DIRECTION('ref_axis',(5.12620161307766E-16,-0.939692620785908,0.342020143325669));
#655=DIRECTION('',(1.,0.,-1.49880108324396E-15));
#656=DIRECTION('center_axis',(-1.,0.,1.49880108324396E-15));
#657=DIRECTION('ref_axis',(5.12620161307766E-16,-0.939692620785908,0.342020143325669));
#658=DIRECTION('center_axis',(1.,0.,-1.49880108324396E-15));
#659=DIRECTION('ref_axis',(5.12620161307766E-16,-0.939692620785908,0.342020143325669));
#660=DIRECTION('center_axis',(1.,0.,-1.49880108324396E-15));
#661=DIRECTION('ref_axis',(5.12620161307766E-16,-0.939692620785908,0.342020143325669));
#662=DIRECTION('',(1.,0.,-1.49880108324396E-15));
#663=DIRECTION('center_axis',(-1.,0.,1.49880108324396E-15));
#664=DIRECTION('ref_axis',(5.12620161307766E-16,-0.939692620785908,0.342020143325669));
#665=DIRECTION('center_axis',(1.,0.,-1.49880108324396E-15));
#666=DIRECTION('ref_axis',(5.12620161307766E-16,-0.939692620785908,0.342020143325669));
#667=DIRECTION('center_axis',(1.,0.,-1.49880108324396E-15));
#668=DIRECTION('ref_axis',(5.12620161307766E-16,-0.939692620785908,0.342020143325669));
#669=DIRECTION('',(1.,0.,-1.49880108324396E-15));
#670=DIRECTION('center_axis',(-1.,0.,1.49880108324396E-15));
#671=DIRECTION('ref_axis',(5.12620161307766E-16,-0.939692620785908,0.342020143325669));
#672=DIRECTION('center_axis',(1.,0.,-1.49880108324396E-15));
#673=DIRECTION('ref_axis',(5.12620161307766E-16,-0.939692620785908,0.342020143325669));
#674=DIRECTION('center_axis',(1.,0.,-1.49880108324396E-15));
#675=DIRECTION('ref_axis',(5.12620161307766E-16,-0.939692620785908,0.342020143325669));
#676=DIRECTION('',(1.,0.,-1.49880108324396E-15));
#677=DIRECTION('center_axis',(-1.,0.,1.49880108324396E-15));
#678=DIRECTION('ref_axis',(5.12620161307766E-16,-0.939692620785908,0.342020143325669));
#679=DIRECTION('center_axis',(1.,0.,-1.49880108324396E-15));
#680=DIRECTION('ref_axis',(5.12620161307766E-16,-0.939692620785908,0.342020143325669));
#681=DIRECTION('center_axis',(1.,0.,-1.49880108324396E-15));
#682=DIRECTION('ref_axis',(5.12620161307766E-16,-0.939692620785908,0.342020143325669));
#683=DIRECTION('',(1.,0.,-1.49880108324396E-15));
#684=DIRECTION('center_axis',(-1.,0.,1.49880108324396E-15));
#685=DIRECTION('ref_axis',(5.12620161307766E-16,-0.939692620785908,0.342020143325669));
#686=DIRECTION('center_axis',(-1.,0.,1.49880108324396E-15));
#687=DIRECTION('ref_axis',(-5.12620161307766E-16,0.939692620785908,-0.342020143325669));
#688=DIRECTION('center_axis',(1.,0.,-1.49880108324396E-15));
#689=DIRECTION('ref_axis',(-5.12620161307766E-16,0.939692620785908,-0.342020143325669));
#690=DIRECTION('',(-1.,0.,1.49880108324396E-15));
#691=DIRECTION('center_axis',(1.,0.,-1.49880108324396E-15));
#692=DIRECTION('ref_axis',(-5.12620161307765E-16,0.939692620785908,-0.342020143325669));
#693=DIRECTION('center_axis',(-1.,0.,1.49880108324396E-15));
#694=DIRECTION('ref_axis',(-5.12620161307766E-16,0.939692620785908,-0.342020143325669));
#695=DIRECTION('center_axis',(1.,0.,-1.49880108324396E-15));
#696=DIRECTION('ref_axis',(-5.12620161307766E-16,0.939692620785908,-0.342020143325669));
#697=DIRECTION('',(-1.,0.,1.49880108324396E-15));
#698=DIRECTION('center_axis',(1.,0.,-1.49880108324396E-15));
#699=DIRECTION('ref_axis',(-5.12620161307765E-16,0.939692620785908,-0.342020143325669));
#700=DIRECTION('center_axis',(-0.278353963393075,0.100126058866447,0.955245436209585));
#701=DIRECTION('ref_axis',(-1.56244034154534E-16,0.99455154175055,-0.104246010962552));
#702=DIRECTION('center_axis',(-5.12620161307766E-16,0.939692620785908,-0.342020143325669));
#703=DIRECTION('ref_axis',(0.817102976952355,0.197171787175218,0.541725033017424));
#704=DIRECTION('',(5.12620161307765E-16,-0.939692620785908,0.342020143325669));
#705=DIRECTION('center_axis',(5.59360647413054E-15,0.939692620785905,-0.342020143325677));
#706=DIRECTION('ref_axis',(-0.822826857040724,-0.194367361264049,-0.534019936151952));
#707=DIRECTION('center_axis',(5.12620161307766E-16,-0.939692620785908,0.342020143325669));
#708=DIRECTION('ref_axis',(-0.954679751812283,-0.101797152864653,-0.279685378860404));
#709=DIRECTION('center_axis',(-5.12620161307766E-16,0.939692620785908,-0.342020143325669));
#710=DIRECTION('ref_axis',(-0.822826857040725,-0.194367361264048,-0.53401993615195));
#711=DIRECTION('',(-5.12620161307765E-16,0.939692620785908,-0.342020143325669));
#712=DIRECTION('center_axis',(-1.,0.,1.49880108324396E-15));
#713=DIRECTION('ref_axis',(-1.40841231795027E-15,-0.342020143325669,-0.939692620785908));
#714=DIRECTION('',(-1.,0.,1.49880108324396E-15));
#715=DIRECTION('center_axis',(1.,0.,-1.49880108324396E-15));
#716=DIRECTION('ref_axis',(-5.12620161307766E-16,0.939692620785908,-0.342020143325669));
#717=DIRECTION('',(-1.,0.,1.49880108324396E-15));
#718=DIRECTION('center_axis',(2.17795469824549E-15,-0.939692620785908,0.34202014332567));
#719=DIRECTION('ref_axis',(-0.822826857040727,0.194367361264046,0.534019936151949));
#720=DIRECTION('center_axis',(-5.12620161307766E-16,0.939692620785908,-0.342020143325669));
#721=DIRECTION('ref_axis',(-0.954679751812282,0.101797152864653,0.279685378860407));
#722=DIRECTION('center_axis',(5.12620161307766E-16,-0.939692620785908,0.342020143325669));
#723=DIRECTION('ref_axis',(-0.822826857040722,0.194367361264049,0.534019936151955));
#724=DIRECTION('',(5.12620161307765E-16,-0.939692620785908,0.342020143325669));
#725=DIRECTION('',(-5.12620161307765E-16,0.939692620785908,-0.342020143325669));
#726=DIRECTION('center_axis',(1.,0.,-1.49880108324396E-15));
#727=DIRECTION('ref_axis',(-1.42535389395588E-15,-0.342020143325669,-0.939692620785908));
#728=DIRECTION('center_axis',(1.,0.,-1.49880108324396E-15));
#729=DIRECTION('ref_axis',(-5.10143933883045E-16,0.940292306411121,-0.340368004524593));
#730=DIRECTION('center_axis',(-1.,0.,1.49880108324396E-15));
#731=DIRECTION('ref_axis',(-5.10143933883045E-16,0.940292306411121,-0.340368004524594));
#732=DIRECTION('center_axis',(1.,0.,-1.49880108324396E-15));
#733=DIRECTION('ref_axis',(-5.12620161307765E-16,0.939692620785908,-0.342020143325669));
#734=DIRECTION('center_axis',(-1.,0.,1.49880108324396E-15));
#735=DIRECTION('ref_axis',(5.15094805153734E-16,-0.939090032275907,0.343671225563088));
#736=DIRECTION('center_axis',(1.,0.,-1.49880108324396E-15));
#737=DIRECTION('ref_axis',(-1.42535389395588E-15,-0.342020143325669,-0.939692620785908));
#738=DIRECTION('center_axis',(1.,0.,-1.49880108324396E-15));
#739=DIRECTION('ref_axis',(5.15094805153734E-16,-0.939090032275908,0.343671225563088));
#740=DIRECTION('center_axis',(-5.12620161307766E-16,0.939692620785908,-0.342020143325669));
#741=DIRECTION('ref_axis',(0.994789685891189,0.0348684140656657,0.0958001802976089));
#742=DIRECTION('center_axis',(1.40841231795027E-15,0.342020143325669,0.939692620785908));
#743=DIRECTION('ref_axis',(1.,0.,-1.49880108324396E-15));
#744=DIRECTION('',(1.40841231795027E-15,0.342020143325669,0.939692620785908));
#745=DIRECTION('center_axis',(-1.,0.,1.49880108324396E-15));
#746=DIRECTION('ref_axis',(-7.68400496677652E-16,0.85858169708209,-0.512676768964265));
#747=DIRECTION('center_axis',(1.,0.,-1.49880108324396E-15));
#748=DIRECTION('ref_axis',(-7.68400496677652E-16,0.85858169708209,-0.512676768964265));
#749=DIRECTION('',(-1.,0.,1.49880108324396E-15));
#750=DIRECTION('center_axis',(-1.,0.,1.49880108324396E-15));
#751=DIRECTION('ref_axis',(7.68400496677653E-16,-0.85858169708209,0.512676768964265));
#752=DIRECTION('',(-1.,0.,1.49880108324396E-15));
#753=DIRECTION('center_axis',(1.,0.,-1.49880108324396E-15));
#754=DIRECTION('ref_axis',(7.68400496677653E-16,-0.85858169708209,0.512676768964265));
#755=DIRECTION('center_axis',(-1.,0.,1.49880108324396E-15));
#756=DIRECTION('ref_axis',(1.40841231795027E-15,0.342020143325674,0.939692620785907));
#757=DIRECTION('center_axis',(1.,0.,-1.49880108324396E-15));
#758=DIRECTION('ref_axis',(-5.12620161307766E-16,0.939692620785908,-0.342020143325669));
#759=DIRECTION('center_axis',(1.,0.,-1.49880108324396E-15));
#760=DIRECTION('ref_axis',(-5.12620161307765E-16,0.939692620785908,-0.342020143325669));
#761=CARTESIAN_POINT('',(0.,0.,0.));
#762=CARTESIAN_POINT('Origin',(68.8454544243433,27.1324171990803,212.851258693771));
#763=CARTESIAN_POINT('',(68.8454544243433,30.2803874787131,211.70549121363));
#764=CARTESIAN_POINT('Origin',(68.8454544243433,27.1324171990803,212.851258693771));
#765=CARTESIAN_POINT('',(74.8454544243433,30.2803874787131,211.70549121363));
#766=CARTESIAN_POINT('',(68.8454544243433,30.2803874787131,211.70549121363));
#767=CARTESIAN_POINT('Origin',(74.8454544243433,27.1324171990803,212.851258693771));
#768=CARTESIAN_POINT('Origin',(68.8454544243431,-16.389646039111,93.2753726987641));
#769=CARTESIAN_POINT('',(68.8454544243431,-14.9801071079322,92.7623424837756));
#770=CARTESIAN_POINT('Origin',(68.8454544243431,-16.389646039111,93.2753726987641));
#771=CARTESIAN_POINT('',(74.8454544243431,-14.9801071079322,92.7623424837756));
#772=CARTESIAN_POINT('',(68.8454544243431,-14.9801071079322,92.7623424837756));
#773=CARTESIAN_POINT('Origin',(74.8454544243431,-16.389646039111,93.2753726987641));
#774=CARTESIAN_POINT('Origin',(68.8454544243433,24.6527711599692,206.038487193073));
#775=CARTESIAN_POINT('',(68.8454544243433,26.0623100911481,205.525456978085));
#776=CARTESIAN_POINT('Origin',(68.8454544243433,24.6527711599692,206.038487193073));
#777=CARTESIAN_POINT('',(74.8454544243433,26.0623100911481,205.525456978085));
#778=CARTESIAN_POINT('',(68.8454544243433,26.0623100911481,205.525456978085));
#779=CARTESIAN_POINT('Origin',(74.8454544243433,24.6527711599692,206.038487193073));
#780=CARTESIAN_POINT('Origin',(68.8454544243431,-11.4303539608888,106.90091570016));
#781=CARTESIAN_POINT('',(68.8454544243431,-10.02081502971,106.387885485171));
#782=CARTESIAN_POINT('Origin',(68.8454544243431,-11.4303539608888,106.90091570016));
#783=CARTESIAN_POINT('',(74.8454544243431,-10.02081502971,106.387885485171));
#784=CARTESIAN_POINT('',(68.8454544243431,-10.02081502971,106.387885485171));
#785=CARTESIAN_POINT('Origin',(74.8454544243431,-11.4303539608888,106.90091570016));
#786=CARTESIAN_POINT('Origin',(68.8454544243431,-13.9099999999999,100.088144199462));
#787=CARTESIAN_POINT('',(68.8454544243431,-10.7620297203671,98.942376719321));
#788=CARTESIAN_POINT('Origin',(68.8454544243431,-13.9099999999999,100.088144199462));
#789=CARTESIAN_POINT('',(74.8454544243431,-10.7620297203671,98.9423767193209));
#790=CARTESIAN_POINT('',(68.8454544243431,-10.7620297203671,98.942376719321));
#791=CARTESIAN_POINT('Origin',(74.8454544243431,-13.9099999999999,100.088144199462));
#792=CARTESIAN_POINT('Origin',(68.8454544243433,29.6120632381914,219.664030194469));
#793=CARTESIAN_POINT('',(68.8454544243433,31.0216021693703,219.15099997948));
#794=CARTESIAN_POINT('Origin',(68.8454544243433,29.6120632381914,219.664030194469));
#795=CARTESIAN_POINT('',(74.8454544243433,31.0216021693703,219.15099997948));
#796=CARTESIAN_POINT('',(68.8454544243433,31.0216021693703,219.15099997948));
#797=CARTESIAN_POINT('Origin',(74.8454544243433,29.6120632381914,219.664030194469));
#798=CARTESIAN_POINT('Origin',(68.8454544243433,27.1324171990803,212.851258693771));
#799=CARTESIAN_POINT('',(68.8454544243433,10.217950024934,219.007621273633));
#800=CARTESIAN_POINT('Origin',(68.8454544243433,27.1324171990803,212.851258693771));
#801=CARTESIAN_POINT('',(63.4001579921533,10.217950024934,219.007621273633));
#802=CARTESIAN_POINT('',(68.8454544243433,10.217950024934,219.007621273633));
#803=CARTESIAN_POINT('',(65.079386344387,33.2887797789424,229.765725867917));
#804=CARTESIAN_POINT('Ctrl Pts',(65.079386344387,33.2887797789424,229.765725867917));
#805=CARTESIAN_POINT('Ctrl Pts',(65.079386344387,32.2248271391104,230.152972959485));
#806=CARTESIAN_POINT('Ctrl Pts',(65.0855285648548,31.0875806234205,230.451381703909));
#807=CARTESIAN_POINT('Ctrl Pts',(65.1075130604118,28.7432267532235,230.818254554899));
#808=CARTESIAN_POINT('Ctrl Pts',(65.1232918237939,27.5361346837941,230.886820130578));
#809=CARTESIAN_POINT('Ctrl Pts',(65.1521271033129,25.1347737616531,230.780393836489));
#810=CARTESIAN_POINT('Ctrl Pts',(65.1649802718772,23.9385817548239,230.605318487398));
#811=CARTESIAN_POINT('Ctrl Pts',(65.1701083710746,21.6362123025461,230.032613580314));
#812=CARTESIAN_POINT('Ctrl Pts',(65.1620414476236,20.5300583981349,229.634886377811));
#813=CARTESIAN_POINT('Ctrl Pts',(65.1106485813006,18.472066855877,228.672075133252));
#814=CARTESIAN_POINT('Ctrl Pts',(65.0655756815859,17.4518794974237,228.073161037135));
#815=CARTESIAN_POINT('Ctrl Pts',(64.9152036935662,15.5302781484913,226.664639546191));
#816=CARTESIAN_POINT('Ctrl Pts',(64.8095824370791,14.6288201413411,225.855126616538));
#817=CARTESIAN_POINT('Ctrl Pts',(64.5254717512636,13.0130261413487,224.079941272416));
#818=CARTESIAN_POINT('Ctrl Pts',(64.3464931108969,12.2971873123523,223.112668355058));
#819=CARTESIAN_POINT('Ctrl Pts',(63.9191734884093,11.0891024392334,221.097022790502));
#820=CARTESIAN_POINT('Ctrl Pts',(63.6707482258752,10.5968593955609,220.04866621345));
#821=CARTESIAN_POINT('Ctrl Pts',(63.4001579921533,10.217950024934,219.007621273633));
#822=CARTESIAN_POINT('Ctrl Pts',(63.4001579921533,10.217950024934,219.007621273633));
#823=CARTESIAN_POINT('Ctrl Pts',(63.11313086713,9.81602396204715,217.903338491561));
#824=CARTESIAN_POINT('Ctrl Pts',(62.7816495857121,9.51394439687753,216.731913145767));
#825=CARTESIAN_POINT('Ctrl Pts',(62.0481013262543,9.15266797006204,214.334053525201));
#826=CARTESIAN_POINT('Ctrl Pts',(61.646094677662,9.09322575226469,213.107637768144));
#827=CARTESIAN_POINT('Ctrl Pts',(60.8070736490376,9.22259896398042,210.679493786322));
#828=CARTESIAN_POINT('Ctrl Pts',(60.3696653257601,9.41138871028787,209.476058433026));
#829=CARTESIAN_POINT('Ctrl Pts',(59.5053487381239,10.0127832629095,207.163995614466));
#830=CARTESIAN_POINT('Ctrl Pts',(59.0787392597685,10.4255110156162,206.055288446038));
#831=CARTESIAN_POINT('Ctrl Pts',(58.3070538223085,11.3916832816444,204.053812722047));
#832=CARTESIAN_POINT('Ctrl Pts',(57.9318674291052,11.9695987451983,203.083626838348));
#833=CARTESIAN_POINT('Ctrl Pts',(57.2382395556125,13.3332033414943,201.23663892806));
#834=CARTESIAN_POINT('Ctrl Pts',(56.9201616016693,14.1189075073882,200.359711499619));
#835=CARTESIAN_POINT('Ctrl Pts',(56.3923880210385,15.8595758074022,198.768887263534));
#836=CARTESIAN_POINT('Ctrl Pts',(56.1826444585178,16.8163333980592,198.053549262024));
#837=CARTESIAN_POINT('Ctrl Pts',(55.9033029351689,18.8375063359272,196.832886648308));
#838=CARTESIAN_POINT('Ctrl Pts',(55.8339995701589,19.9020451089208,196.327699012692));
#839=CARTESIAN_POINT('Ctrl Pts',(55.8339995701589,22.0500641295158,195.545884026557));
#840=CARTESIAN_POINT('Ctrl Pts',(55.9033029351689,23.1902764937931,195.248607874242));
#841=CARTESIAN_POINT('Ctrl Pts',(56.1826444585178,25.5232115951335,194.884504764907));
#842=CARTESIAN_POINT('Ctrl Pts',(56.3923880210385,26.7159408349766,194.817493541168));
#843=CARTESIAN_POINT('Ctrl Pts',(56.9201616016693,29.0719322216602,194.917255591377));
#844=CARTESIAN_POINT('Ctrl Pts',(57.2382395556125,30.2374946174752,195.083980072237));
#845=CARTESIAN_POINT('Ctrl Pts',(57.9318674291052,32.4692972850532,195.622346758411));
#846=CARTESIAN_POINT('Ctrl Pts',(58.3070538223084,33.5356296796359,195.994075363992));
#847=CARTESIAN_POINT('Ctrl Pts',(59.0787392597685,35.5622843715917,196.906251158967));
#848=CARTESIAN_POINT('Ctrl Pts',(59.5053487381239,36.5911154037102,197.490273838774));
#849=CARTESIAN_POINT('Ctrl Pts',(60.3696653257601,38.5379756914552,198.874847746116));
#850=CARTESIAN_POINT('Ctrl Pts',(60.8070736490376,39.456150361689,199.675381001398));
#851=CARTESIAN_POINT('Ctrl Pts',(61.646094677662,41.1160368576629,201.45228770825));
#852=CARTESIAN_POINT('Ctrl Pts',(62.0481013262543,41.8588263299932,202.42998540499));
#853=CARTESIAN_POINT('Ctrl Pts',(62.781649585712,43.1233869846684,204.499076453532));
#854=CARTESIAN_POINT('Ctrl Pts',(63.1131308671299,43.6449583103399,205.590613331837));
#855=CARTESIAN_POINT('Ctrl Pts',(63.6707482258752,44.4257937438536,207.735941053726));
#856=CARTESIAN_POINT('Ctrl Pts',(63.9191734884093,44.7225843138466,208.855436513411));
#857=CARTESIAN_POINT('Ctrl Pts',(64.3464931108968,45.0927696043941,211.176052585327));
#858=CARTESIAN_POINT('Ctrl Pts',(64.5254717512636,45.1661562937357,212.37715895846));
#859=CARTESIAN_POINT('Ctrl Pts',(64.809582437079,45.0694534229152,214.775642189832));
#860=CARTESIAN_POINT('Ctrl Pts',(64.9152036935662,44.8992414068948,215.975211108875));
#861=CARTESIAN_POINT('Ctrl Pts',(65.0655756815859,44.3325895340114,218.289382707877));
#862=CARTESIAN_POINT('Ctrl Pts',(65.1106485813006,43.9360552373783,219.403941316685));
#863=CARTESIAN_POINT('Ctrl Pts',(65.1620414476236,42.9784253909155,221.464348984555));
#864=CARTESIAN_POINT('Ctrl Pts',(65.1701083710746,42.3867164570107,222.480047722072));
#865=CARTESIAN_POINT('Ctrl Pts',(65.1649802718772,40.9911267503668,224.398699690535));
#866=CARTESIAN_POINT('Ctrl Pts',(65.1521271033129,40.187326775789,225.301712589629));
#867=CARTESIAN_POINT('Ctrl Pts',(65.1232918237939,38.4161870886452,226.926804907956));
#868=CARTESIAN_POINT('Ctrl Pts',(65.1075130604118,37.4474278140284,227.650184455698));
#869=CARTESIAN_POINT('Ctrl Pts',(65.0855285648548,35.4157272361131,228.876065167349));
#870=CARTESIAN_POINT('Ctrl Pts',(65.079386344387,34.3527324187743,229.37847877635));
#871=CARTESIAN_POINT('Ctrl Pts',(65.079386344387,33.2887797789424,229.765725867917));
#872=CARTESIAN_POINT('',(62.8454544243433,26.7018497707389,194.856409105912));
#873=CARTESIAN_POINT('',(57.0954544243433,20.9760546192183,195.936791519625));
#874=CARTESIAN_POINT('Ctrl Pts',(62.8454544243433,26.7018497707389,194.856409105912));
#875=CARTESIAN_POINT('Ctrl Pts',(62.1177887733311,26.7018497707389,194.856409105912));
#876=CARTESIAN_POINT('Ctrl Pts',(61.3454370540694,26.5466132588174,194.858159770036));
#877=CARTESIAN_POINT('Ctrl Pts',(59.9304627838749,25.9316674225644,194.88871514213));
#878=CARTESIAN_POINT('Ctrl Pts',(59.28734803465,25.4732333868034,194.920313693738));
#879=CARTESIAN_POINT('Ctrl Pts',(58.2720296528056,24.4386257278402,195.046344865144));
#880=CARTESIAN_POINT('Ctrl Pts',(57.8302833190629,23.791739646453,195.149612910628));
#881=CARTESIAN_POINT('Ctrl Pts',(57.2418599100001,22.4020114321424,195.469324071707));
#882=CARTESIAN_POINT('Ctrl Pts',(57.0954544243433,21.6595716069895,195.688011681461));
#883=CARTESIAN_POINT('Ctrl Pts',(57.0954544243433,20.9760546192183,195.936791519625));
#884=CARTESIAN_POINT('Ctrl Pts',(57.0954544243433,20.9760546192183,195.936791519625));
#885=CARTESIAN_POINT('Ctrl Pts',(57.0954544243433,20.2925376314471,196.185571357789));
#886=CARTESIAN_POINT('Ctrl Pts',(57.2418599100001,19.5832260430968,196.495278050104));
#887=CARTESIAN_POINT('Ctrl Pts',(57.8302833190629,18.3131260940586,197.143665168747));
#888=CARTESIAN_POINT('Ctrl Pts',(58.2720296528056,17.7512031859675,197.480367614347));
#889=CARTESIAN_POINT('Ctrl Pts',(59.28734803465,16.8776364625958,198.048855119899));
#890=CARTESIAN_POINT('Ctrl Pts',(59.9304627838749,16.5061444595069,198.319324943075));
#891=CARTESIAN_POINT('Ctrl Pts',(61.3454370540694,16.0154280042346,198.691197734247));
#892=CARTESIAN_POINT('Ctrl Pts',(62.1177887733311,15.8953846317009,198.789640754158));
#893=CARTESIAN_POINT('Ctrl Pts',(63.5731200753555,15.8953846317009,198.789640754158));
#894=CARTESIAN_POINT('Ctrl Pts',(64.3454717946171,16.0154280042346,198.691197734247));
#895=CARTESIAN_POINT('Ctrl Pts',(65.7604460648117,16.5061444595069,198.319324943075));
#896=CARTESIAN_POINT('Ctrl Pts',(66.4035608140366,16.8776364625958,198.048855119899));
#897=CARTESIAN_POINT('Ctrl Pts',(67.4188791958809,17.7512031859675,197.480367614347));
#898=CARTESIAN_POINT('Ctrl Pts',(67.8606255296237,18.3131260940586,197.143665168747));
#899=CARTESIAN_POINT('Ctrl Pts',(68.4490489386865,19.5832260430968,196.495278050104));
#900=CARTESIAN_POINT('Ctrl Pts',(68.5954544243433,20.2925376314471,196.185571357789));
#901=CARTESIAN_POINT('Ctrl Pts',(68.5954544243433,21.6595716069895,195.688011681461));
#902=CARTESIAN_POINT('Ctrl Pts',(68.4490489386865,22.4020114321424,195.469324071707));
#903=CARTESIAN_POINT('Ctrl Pts',(67.8606255296236,23.791739646453,195.149612910628));
#904=CARTESIAN_POINT('Ctrl Pts',(67.4188791958809,24.4386257278402,195.046344865144));
#905=CARTESIAN_POINT('Ctrl Pts',(66.4035608140366,25.4732333868034,194.920313693738));
#906=CARTESIAN_POINT('Ctrl Pts',(65.7604460648117,25.9316674225644,194.88871514213));
#907=CARTESIAN_POINT('Ctrl Pts',(64.3454717946171,26.5466132588174,194.858159770036));
#908=CARTESIAN_POINT('Ctrl Pts',(63.5731200753555,26.7018497707389,194.856409105912));
#909=CARTESIAN_POINT('Ctrl Pts',(62.8454544243433,26.7018497707389,194.856409105912));
#910=CARTESIAN_POINT('Origin',(68.8454544243433,27.1324171990803,212.851258693771));
#911=CARTESIAN_POINT('Origin',(68.8454544243431,-13.9099999999999,100.088144199462));
#912=CARTESIAN_POINT('',(68.8454544243431,-30.8244671741463,106.244506779324));
#913=CARTESIAN_POINT('Origin',(68.8454544243431,-13.9099999999999,100.088144199462));
#914=CARTESIAN_POINT('',(63.635629947783,-30.8244671741463,106.244506779324));
#915=CARTESIAN_POINT('',(68.8454544243431,-30.8244671741463,106.244506779324));
#916=CARTESIAN_POINT('',(56.442746840859,-7.75363742013788,117.002611373608));
#917=CARTESIAN_POINT('Ctrl Pts',(56.442746840859,-7.75363742013787,117.002611373608));
#918=CARTESIAN_POINT('Ctrl Pts',(56.442746840859,-8.82711869237628,117.393326603745));
#919=CARTESIAN_POINT('Ctrl Pts',(56.5091025323166,-9.96742294398008,117.690750828375));
#920=CARTESIAN_POINT('Ctrl Pts',(56.7769736502715,-12.3019421559909,118.055053341875));
#921=CARTESIAN_POINT('Ctrl Pts',(56.9782136419632,-13.4961609237588,118.122109685451));
#922=CARTESIAN_POINT('Ctrl Pts',(57.4849028109674,-15.8563882608524,118.021542989954));
#923=CARTESIAN_POINT('Ctrl Pts',(57.7903936362206,-17.0246732844488,117.853960614188));
#924=CARTESIAN_POINT('Ctrl Pts',(58.456581173704,-19.2626186993324,117.312397325413));
#925=CARTESIAN_POINT('Ctrl Pts',(58.8169167873657,-20.3323654453276,116.938329135668));
#926=CARTESIAN_POINT('Ctrl Pts',(59.5553460490559,-22.3597815340253,116.02244356709));
#927=CARTESIAN_POINT('Ctrl Pts',(59.9619612106267,-23.3863284685905,115.438127997889));
#928=CARTESIAN_POINT('Ctrl Pts',(60.7841438061738,-25.3289768822552,114.053450170964));
#929=CARTESIAN_POINT('Ctrl Pts',(61.1994121012985,-26.2452196626756,113.253108553059));
#930=CARTESIAN_POINT('Ctrl Pts',(61.9933898738996,-27.9013459116496,111.477445158856));
#931=CARTESIAN_POINT('Ctrl Pts',(62.3724701282403,-28.6423288672117,110.500782154277));
#932=CARTESIAN_POINT('Ctrl Pts',(63.0607659761446,-29.903574920137,108.43500614338));
#933=CARTESIAN_POINT('Ctrl Pts',(63.3699189963064,-30.423645655768,107.3457548503));
#934=CARTESIAN_POINT('Ctrl Pts',(63.635629947783,-30.8244671741463,106.244506779324));
#935=CARTESIAN_POINT('Ctrl Pts',(63.635629947783,-30.8244671741463,106.244506779324));
#936=CARTESIAN_POINT('Ctrl Pts',(63.8872583423873,-31.2040453384332,105.201624344028));
#937=CARTESIAN_POINT('Ctrl Pts',(64.1160400706552,-31.5009255250517,104.080814348262));
#938=CARTESIAN_POINT('Ctrl Pts',(64.5043754129444,-31.870812755816,101.758856892098));
#939=CARTESIAN_POINT('Ctrl Pts',(64.6640139720012,-31.9438217424928,100.55772394856));
#940=CARTESIAN_POINT('Ctrl Pts',(64.91120999062,-31.8466322168184,98.1603319719632));
#941=CARTESIAN_POINT('Ctrl Pts',(64.9992207663296,-31.6763183406612,96.9618883790574));
#942=CARTESIAN_POINT('Ctrl Pts',(65.1171986700452,-31.1102715628028,94.6506630713752));
#943=CARTESIAN_POINT('Ctrl Pts',(65.1474859360818,-30.7144460061555,93.5379204027259));
#944=CARTESIAN_POINT('Ctrl Pts',(65.1729483766981,-29.7580301051837,91.4786901596938));
#945=CARTESIAN_POINT('Ctrl Pts',(65.1688963077671,-29.1662774589677,90.4624388976156));
#946=CARTESIAN_POINT('Ctrl Pts',(65.142372158062,-27.7705476157809,88.5428670591428));
#947=CARTESIAN_POINT('Ctrl Pts',(65.1202404484688,-26.9666501900103,87.6394837939955));
#948=CARTESIAN_POINT('Ctrl Pts',(65.0764752878125,-25.1952197608158,86.013732247129));
#949=CARTESIAN_POINT('Ctrl Pts',(65.0550344063624,-24.2262644387653,85.290064179289));
#950=CARTESIAN_POINT('Ctrl Pts',(65.0256147328214,-22.1940391259264,84.0636885143866));
#951=CARTESIAN_POINT('Ctrl Pts',(65.0177021185148,-21.1307147106071,83.5610695196846));
#952=CARTESIAN_POINT('Ctrl Pts',(65.0177021185148,-19.0020104491168,82.7862845309466));
#953=CARTESIAN_POINT('Ctrl Pts',(65.0256147328214,-17.8643794273412,82.4878212595996));
#954=CARTESIAN_POINT('Ctrl Pts',(65.0550344063624,-15.5193054370548,82.1209902716902));
#955=CARTESIAN_POINT('Ctrl Pts',(65.0764752878124,-14.3118777294341,82.0525196983678));
#956=CARTESIAN_POINT('Ctrl Pts',(65.1202404484688,-11.9098703420233,82.1592641054291));
#957=CARTESIAN_POINT('Ctrl Pts',(65.142372158062,-10.7133656165392,82.3345605309576));
#958=CARTESIAN_POINT('Ctrl Pts',(65.1688963077671,-8.41029753239717,82.9078800213171));
#959=CARTESIAN_POINT('Ctrl Pts',(65.1729483766981,-7.30375498647028,83.306002384458));
#960=CARTESIAN_POINT('Ctrl Pts',(65.1474859360818,-5.24745021450734,84.2686919783833));
#961=CARTESIAN_POINT('Ctrl Pts',(65.1171986700452,-4.22897304621589,84.8666705529134));
#962=CARTESIAN_POINT('Ctrl Pts',(64.9992207663296,-2.30972906652003,86.2733240013489));
#963=CARTESIAN_POINT('Ctrl Pts',(64.91120999062,-1.40891637567567,87.0819094067344));
#964=CARTESIAN_POINT('Ctrl Pts',(64.6640139720012,0.206548978515215,88.8559459854899));
#965=CARTESIAN_POINT('Ctrl Pts',(64.5043754129444,0.922694223665879,89.8229964743656));
#966=CARTESIAN_POINT('Ctrl Pts',(64.1160400706552,2.13186964899993,91.8394780097354));
#967=CARTESIAN_POINT('Ctrl Pts',(63.8872583423873,2.62488900985954,92.8888991843036));
#968=CARTESIAN_POINT('Ctrl Pts',(63.3699189963064,3.40528869252477,95.0330296905758));
#969=CARTESIAN_POINT('Ctrl Pts',(63.0607659761446,3.70704863049305,96.2017396158244));
#970=CARTESIAN_POINT('Ctrl Pts',(62.3724701282403,4.06873332443581,98.5949291852866));
#971=CARTESIAN_POINT('Ctrl Pts',(61.9933898738995,4.12889432706429,99.8193911155686));
#972=CARTESIAN_POINT('Ctrl Pts',(61.1994121012984,4.00160244570181,102.244165624465));
#973=CARTESIAN_POINT('Ctrl Pts',(60.7841438061738,3.81416943071898,103.446212380177));
#974=CARTESIAN_POINT('Ctrl Pts',(59.9619612106266,3.21606815905191,105.755647465283));
#975=CARTESIAN_POINT('Ctrl Pts',(59.5553460490559,2.80527839225666,106.863110810398));
#976=CARTESIAN_POINT('Ctrl Pts',(58.8169167873657,1.84090745899255,108.867917802234));
#977=CARTESIAN_POINT('Ctrl Pts',(58.456581173704,1.26188030622441,109.842090614164));
#978=CARTESIAN_POINT('Ctrl Pts',(57.7903936362206,-0.104375170965234,111.695475745969));
#979=CARTESIAN_POINT('Ctrl Pts',(57.4849028109674,-0.891613546525782,112.57481043144));
#980=CARTESIAN_POINT('Ctrl Pts',(56.9782136419632,-2.63500955679138,114.168973878015));
#981=CARTESIAN_POINT('Ctrl Pts',(56.7769736502715,-3.5929371945101,114.885234765819));
#982=CARTESIAN_POINT('Ctrl Pts',(56.5091025323166,-5.615451806081,116.106762873794));
#983=CARTESIAN_POINT('Ctrl Pts',(56.442746840859,-6.68015614789944,116.611896143471));
#984=CARTESIAN_POINT('Ctrl Pts',(56.442746840859,-7.75363742013788,117.002611373608));
#985=CARTESIAN_POINT('',(62.8454544243432,-2.67296743262055,114.149762139075));
#986=CARTESIAN_POINT('',(57.0954544243432,-7.75363742013786,117.002611373608));
#987=CARTESIAN_POINT('Ctrl Pts',(62.8454544243432,-2.67296743262052,114.149762139075));
#988=CARTESIAN_POINT('Ctrl Pts',(63.5731200753553,-2.67296743262052,114.149762139075));
#989=CARTESIAN_POINT('Ctrl Pts',(64.345471794617,-2.79301080515417,114.248205158986));
#990=CARTESIAN_POINT('Ctrl Pts',(65.7604460648116,-3.28372726042648,114.620077950158));
#991=CARTESIAN_POINT('Ctrl Pts',(66.4035608140365,-3.65521926351537,114.890547773334));
#992=CARTESIAN_POINT('Ctrl Pts',(67.4188791958808,-4.52878598688706,115.459035278886));
#993=CARTESIAN_POINT('Ctrl Pts',(67.8606255296235,-5.09070889497817,115.795737724486));
#994=CARTESIAN_POINT('Ctrl Pts',(68.4490489386863,-6.36080884401636,116.444124843129));
#995=CARTESIAN_POINT('Ctrl Pts',(68.5954544243432,-7.07012043236666,116.753831535444));
#996=CARTESIAN_POINT('Ctrl Pts',(68.5954544243432,-8.43715440790906,117.251391211772));
#997=CARTESIAN_POINT('Ctrl Pts',(68.4490489386863,-9.1795942330619,117.470078821526));
#998=CARTESIAN_POINT('Ctrl Pts',(67.8606255296235,-10.5693224473725,117.789789982605));
#999=CARTESIAN_POINT('Ctrl Pts',(67.4188791958808,-11.2162085287597,117.893058028089));
#1000=CARTESIAN_POINT('Ctrl Pts',(66.4035608140365,-12.2508161877229,118.019089199495));
#1001=CARTESIAN_POINT('Ctrl Pts',(65.7604460648116,-12.7092502234839,118.050687751103));
#1002=CARTESIAN_POINT('Ctrl Pts',(64.345471794617,-13.324196059737,118.081243123197));
#1003=CARTESIAN_POINT('Ctrl Pts',(63.5731200753553,-13.4794325716585,118.08299378732));
#1004=CARTESIAN_POINT('Ctrl Pts',(62.117788773331,-13.4794325716585,118.08299378732));
#1005=CARTESIAN_POINT('Ctrl Pts',(61.3454370540693,-13.324196059737,118.081243123197));
#1006=CARTESIAN_POINT('Ctrl Pts',(59.9304627838747,-12.7092502234839,118.050687751103));
#1007=CARTESIAN_POINT('Ctrl Pts',(59.2873480346498,-12.2508161877229,118.019089199495));
#1008=CARTESIAN_POINT('Ctrl Pts',(58.2720296528055,-11.2162085287597,117.893058028089));
#1009=CARTESIAN_POINT('Ctrl Pts',(57.8302833190628,-10.5693224473725,117.789789982605));
#1010=CARTESIAN_POINT('Ctrl Pts',(57.24185991,-9.1795942330619,117.470078821526));
#1011=CARTESIAN_POINT('Ctrl Pts',(57.0954544243432,-8.43715440790905,117.251391211772));
#1012=CARTESIAN_POINT('Ctrl Pts',(57.0954544243432,-7.75363742013785,117.002611373608));
#1013=CARTESIAN_POINT('Ctrl Pts',(57.0954544243432,-7.75363742013786,117.002611373608));
#1014=CARTESIAN_POINT('Ctrl Pts',(57.0954544243432,-7.07012043236666,116.753831535444));
#1015=CARTESIAN_POINT('Ctrl Pts',(57.24185991,-6.36080884401636,116.444124843129));
#1016=CARTESIAN_POINT('Ctrl Pts',(57.8302833190628,-5.09070889497817,115.795737724486));
#1017=CARTESIAN_POINT('Ctrl Pts',(58.2720296528055,-4.52878598688706,115.459035278886));
#1018=CARTESIAN_POINT('Ctrl Pts',(59.2873480346498,-3.65521926351537,114.890547773334));
#1019=CARTESIAN_POINT('Ctrl Pts',(59.9304627838747,-3.28372726042648,114.620077950158));
#1020=CARTESIAN_POINT('Ctrl Pts',(61.3454370540693,-2.79301080515417,114.248205158986));
#1021=CARTESIAN_POINT('Ctrl Pts',(62.117788773331,-2.67296743262052,114.149762139075));
#1022=CARTESIAN_POINT('Ctrl Pts',(62.8454544243432,-2.67296743262052,114.149762139075));
#1023=CARTESIAN_POINT('Origin',(68.8454544243431,-13.9099999999999,100.088144199462));
#1024=CARTESIAN_POINT('Ctrl Pts',(62.5783398156764,4.79070312236986,97.5695793823841));
#1025=CARTESIAN_POINT('Ctrl Pts',(62.4653699503738,4.82847309012316,97.9583086284138));
#1026=CARTESIAN_POINT('Ctrl Pts',(62.3495899247621,4.85348016998946,98.3476436388301));
#1027=CARTESIAN_POINT('Ctrl Pts',(62.2313832703705,4.86583113976761,98.7368725513829));
#1028=CARTESIAN_POINT('Ctrl Pts',(62.5367396541904,5.40937396809024,97.4926100082756));
#1029=CARTESIAN_POINT('Ctrl Pts',(62.4190829027118,5.45113590146504,97.8926306749102));
#1030=CARTESIAN_POINT('Ctrl Pts',(62.2988232607213,5.4797085781759,98.2933796279855));
#1031=CARTESIAN_POINT('Ctrl Pts',(62.1754540281573,5.49549889226185,98.6939820964451));
#1032=CARTESIAN_POINT('Ctrl Pts',(62.9932658499559,6.53186726436724,97.5079830690276));
#1033=CARTESIAN_POINT('Ctrl Pts',(62.8719905235423,6.58178777481725,97.9321931203612));
#1034=CARTESIAN_POINT('Ctrl Pts',(62.7474311535655,6.61827672544759,98.3572544032226));
#1035=CARTESIAN_POINT('Ctrl Pts',(62.6200764993705,6.64131496759352,98.7824280177554));
#1036=CARTESIAN_POINT('Ctrl Pts',(64.0445767363476,6.96198429225734,97.7692464257223));
#1037=CARTESIAN_POINT('Ctrl Pts',(63.926582916233,7.01085242234844,98.2086139005117));
#1038=CARTESIAN_POINT('Ctrl Pts',(63.8055121346301,7.04562470783523,98.6485230189856));
#1039=CARTESIAN_POINT('Ctrl Pts',(63.681912907171,7.0666516177269,99.0885228231956));
#1040=CARTESIAN_POINT('Ctrl Pts',(64.4946762641863,6.97558237676164,97.8989779692484));
#1041=CARTESIAN_POINT('Ctrl Pts',(64.3780567182337,7.02194700185879,98.341316327784));
#1042=CARTESIAN_POINT('Ctrl Pts',(64.2585362250381,7.05415891882176,98.7841968468192));
#1043=CARTESIAN_POINT('Ctrl Pts',(64.1365107067568,7.07232842180177,99.2268115113247));
#1044=CARTESIAN_POINT('',(63.9469089562413,7.05297413312969,99.0730968464344));
#1045=CARTESIAN_POINT('',(64.1910222432472,7.06324642736259,99.0284582567766));
#1046=CARTESIAN_POINT('Ctrl Pts',(64.1910220963089,7.06324628808639,99.0284580829074));
#1047=CARTESIAN_POINT('Ctrl Pts',(64.1623911993304,7.06403012433434,99.0439824110002));
#1048=CARTESIAN_POINT('Ctrl Pts',(64.1318429815841,7.06427242838198,99.0577041170425));
#1049=CARTESIAN_POINT('Ctrl Pts',(64.1004360129803,7.06363973930796,99.0673747411271));
#1050=CARTESIAN_POINT('Ctrl Pts',(64.0892946146353,7.06341529736672,99.0708053261203));
#1051=CARTESIAN_POINT('Ctrl Pts',(64.0780454184354,7.06308110051091,99.0737262714947));
#1052=CARTESIAN_POINT('Ctrl Pts',(64.0667365526414,7.06262347694159,99.076037790344));
#1053=CARTESIAN_POINT('Ctrl Pts',(64.0367252516918,7.06140904227496,99.0821720649122));
#1054=CARTESIAN_POINT('Ctrl Pts',(64.0061463145568,7.05931579774736,99.0840378643632));
#1055=CARTESIAN_POINT('Ctrl Pts',(63.9760842960036,7.05609555408877,99.0795684971393));
#1056=CARTESIAN_POINT('Ctrl Pts',(63.9738290029243,7.05585396707677,99.0792331991968));
#1057=CARTESIAN_POINT('Ctrl Pts',(63.9715766272549,7.05560605709907,99.0788622563594));
#1058=CARTESIAN_POINT('Ctrl Pts',(63.969327630525,7.05535172871876,99.0784548013495));
#1059=CARTESIAN_POINT('Ctrl Pts',(63.9616791695665,7.05448680052141,99.0770691151479));
#1060=CARTESIAN_POINT('Ctrl Pts',(63.954191099069,7.0535613296566,99.0752827007973));
#1061=CARTESIAN_POINT('Ctrl Pts',(63.9468658052089,7.05257720534363,99.0730986609333));
#1062=CARTESIAN_POINT('',(64.4946762641863,6.97558237676162,97.8989779692483));
#1063=CARTESIAN_POINT('Ctrl Pts',(64.1910220618786,7.06324629443679,99.0284582085914));
#1064=CARTESIAN_POINT('Ctrl Pts',(64.2941767200369,7.04422026003086,98.651904054934));
#1065=CARTESIAN_POINT('Ctrl Pts',(64.3954760167857,7.01502158262294,98.2752448655315));
#1066=CARTESIAN_POINT('Ctrl Pts',(64.4946762641863,6.97558237676164,97.8989779692484));
#1067=CARTESIAN_POINT('',(62.5783398156764,4.79070312236988,97.569579382384));
#1068=CARTESIAN_POINT('Origin',(64.4946762641863,4.98647929326054,98.1074699911735));
#1069=CARTESIAN_POINT('',(62.2313832703705,4.8658311397676,98.7368725513829));
#1070=CARTESIAN_POINT('Ctrl Pts',(62.5783398156764,4.79070312236986,97.5695793823841));
#1071=CARTESIAN_POINT('Ctrl Pts',(62.4653699503738,4.82847309012316,97.9583086284138));
#1072=CARTESIAN_POINT('Ctrl Pts',(62.3495899247621,4.85348016998946,98.3476436388301));
#1073=CARTESIAN_POINT('Ctrl Pts',(62.2313832703705,4.86583113976761,98.7368725513829));
#1074=CARTESIAN_POINT('Ctrl Pts',(63.9468658052089,7.05257720534364,99.0730986609335));
#1075=CARTESIAN_POINT('Ctrl Pts',(63.87611270739,7.04307180714922,99.0520036061532));
#1076=CARTESIAN_POINT('Ctrl Pts',(63.8059270397375,7.02944938830083,99.0314541929754));
#1077=CARTESIAN_POINT('Ctrl Pts',(63.7366280560172,7.01190518717075,99.0115365460907));
#1078=CARTESIAN_POINT('Ctrl Pts',(63.6665953080059,6.9941752212919,98.9914080035007));
#1079=CARTESIAN_POINT('Ctrl Pts',(63.5974671929408,6.97243969852344,98.9719244025599));
#1080=CARTESIAN_POINT('Ctrl Pts',(63.5295782338561,6.94684692156573,98.9531774488702));
#1081=CARTESIAN_POINT('Ctrl Pts',(63.4622797362721,6.92147673675989,98.9345935460589));
#1082=CARTESIAN_POINT('Ctrl Pts',(63.3961980515001,6.89231569039071,98.9167332765112));
#1083=CARTESIAN_POINT('Ctrl Pts',(63.3316774523518,6.85946170551371,98.8996926726341));
#1084=CARTESIAN_POINT('Ctrl Pts',(63.3004291538445,6.84355002552094,98.8914396513708));
#1085=CARTESIAN_POINT('Ctrl Pts',(63.2695473838191,6.82677146463858,98.8833790162336));
#1086=CARTESIAN_POINT('Ctrl Pts',(63.2390737665846,6.80913359548859,98.8755225221467));
#1087=CARTESIAN_POINT('Ctrl Pts',(63.1757799048011,6.77249964935926,98.8592045429908));
#1088=CARTESIAN_POINT('Ctrl Pts',(63.1145907822615,6.73236151766129,98.8438561924504));
#1089=CARTESIAN_POINT('Ctrl Pts',(63.0558320174839,6.68887051114922,98.8295602362428));
#1090=CARTESIAN_POINT('Ctrl Pts',(63.0040150395197,6.6505175516443,98.8169532107108));
#1091=CARTESIAN_POINT('Ctrl Pts',(62.9540878420706,6.60955623841512,98.805164560282));
#1092=CARTESIAN_POINT('Ctrl Pts',(62.9062889561723,6.56606084956301,98.7942566577383));
#1093=CARTESIAN_POINT('Ctrl Pts',(62.8519064716291,6.51657460595108,98.7818463508801));
#1094=CARTESIAN_POINT('Ctrl Pts',(62.800277821222,6.46380829874165,98.7705757528565));
#1095=CARTESIAN_POINT('Ctrl Pts',(62.7515216862417,6.40809037297924,98.7604559960136));
#1096=CARTESIAN_POINT('Ctrl Pts',(62.7229521765527,6.3754414802694,98.7545261475691));
#1097=CARTESIAN_POINT('Ctrl Pts',(62.6953696703936,6.34177843330403,98.748991690011));
#1098=CARTESIAN_POINT('Ctrl Pts',(62.6688045898643,6.30716272639415,98.7438570378834));
#1099=CARTESIAN_POINT('Ctrl Pts',(62.6238122419211,6.24853531407116,98.7351606571275));
#1100=CARTESIAN_POINT('Ctrl Pts',(62.5819796941499,6.18749473653356,98.7276579151593));
#1101=CARTESIAN_POINT('Ctrl Pts',(62.5433860658848,6.12439607711591,98.7213421400921));
#1102=CARTESIAN_POINT('Ctrl Pts',(62.5043137292943,6.06051475343614,98.7149480253029));
#1103=CARTESIAN_POINT('Ctrl Pts',(62.4685607203798,5.9945231217496,98.7097703994025));
#1104=CARTESIAN_POINT('Ctrl Pts',(62.4362483236853,5.92675555079493,98.7058163453042));
#1105=CARTESIAN_POINT('Ctrl Pts',(62.4040778659737,5.85928566311597,98.7018796602181));
#1106=CARTESIAN_POINT('Ctrl Pts',(62.3753175103435,5.79005448220592,98.6991557464981));
#1107=CARTESIAN_POINT('Ctrl Pts',(62.3501313108493,5.71937187116335,98.6976666902256));
#1108=CARTESIAN_POINT('Ctrl Pts',(62.3383423362467,5.68628726438841,98.6969697035055));
#1109=CARTESIAN_POINT('Ctrl Pts',(62.327337097532,5.65288445847328,98.6965434869973));
#1110=CARTESIAN_POINT('Ctrl Pts',(62.3171361210831,5.61919457471405,98.6963915237096));
#1111=CARTESIAN_POINT('Ctrl Pts',(62.2952441329497,5.54689379653244,98.6960654001754));
#1112=CARTESIAN_POINT('Ctrl Pts',(62.277170970152,5.47366077257877,98.6970033167219));
#1113=CARTESIAN_POINT('Ctrl Pts',(62.2630333949014,5.39982654181126,98.6992079150795));
#1114=CARTESIAN_POINT('Ctrl Pts',(62.2490170920594,5.32662566258003,98.7013936023474));
#1115=CARTESIAN_POINT('Ctrl Pts',(62.2388688602407,5.25283292320943,98.7048242832226));
#1116=CARTESIAN_POINT('Ctrl Pts',(62.2327485697629,5.17875692601422,98.7095185187165));
#1117=CARTESIAN_POINT('Ctrl Pts',(62.2268076732943,5.10685219669828,98.7140751598055));
#1118=CARTESIAN_POINT('Ctrl Pts',(62.2246619464721,5.03467977135461,98.7198223727387));
#1119=CARTESIAN_POINT('Ctrl Pts',(62.226503805255,4.96252126066183,98.7267925046734));
#1120=CARTESIAN_POINT('Ctrl Pts',(62.2272711996875,4.93245704516687,98.7296965494839));
#1121=CARTESIAN_POINT('Ctrl Pts',(62.2287313713734,4.90239530444842,98.7328130679422));
#1122=CARTESIAN_POINT('Ctrl Pts',(62.2309007800306,4.87235686327973,98.7361452218424));
#1123=CARTESIAN_POINT('Ctrl Pts',(62.2310578994587,4.87018132909415,98.7363865530979));
#1124=CARTESIAN_POINT('Ctrl Pts',(62.2312187279473,4.86800608531632,98.7366289960354));
#1125=CARTESIAN_POINT('Ctrl Pts',(62.2313832703705,4.86583113976761,98.7368725513829));
#1126=CARTESIAN_POINT('Ctrl Pts',(62.2313832703705,-29.161701782265,111.121881680516));
#1127=CARTESIAN_POINT('Ctrl Pts',(63.1820391204001,-31.097730748387,108.660081437242));
#1128=CARTESIAN_POINT('Ctrl Pts',(64.7445168518284,-33.7235181221185,102.616565996144));
#1129=CARTESIAN_POINT('Ctrl Pts',(65.3176581905304,-32.3323406998353,92.4919638735415));
#1130=CARTESIAN_POINT('Ctrl Pts',(64.9595552668547,-25.87784542507,84.3619528976812));
#1131=CARTESIAN_POINT('Ctrl Pts',(64.9237829243706,-16.1575170181249,80.4750847075661));
#1132=CARTESIAN_POINT('Ctrl Pts',(65.2967074915882,-5.8563568963011,81.8748691653338));
#1133=CARTESIAN_POINT('Ctrl Pts',(64.9057579595978,2.17802707616385,88.2396796539823));
#1134=CARTESIAN_POINT('Ctrl Pts',(63.4868218421934,4.48696427348224,94.4434932154791));
#1135=CARTESIAN_POINT('Ctrl Pts',(62.5783398156764,4.79070312236987,97.5695793823841));
#1136=CARTESIAN_POINT('Ctrl Pts',(62.2034186492639,-29.4166632501736,111.307824997943));
#1137=CARTESIAN_POINT('Ctrl Pts',(63.1742460918701,-31.3717207286018,108.802154808848));
#1138=CARTESIAN_POINT('Ctrl Pts',(64.7619311167287,-34.0208350058398,102.660726640415));
#1139=CARTESIAN_POINT('Ctrl Pts',(65.324007749384,-32.6201000024337,92.3763314355778));
#1140=CARTESIAN_POINT('Ctrl Pts',(64.9336323681509,-26.0798189632964,84.1012201029477));
#1141=CARTESIAN_POINT('Ctrl Pts',(64.8951596846412,-16.1929839521783,80.1459610399289));
#1142=CARTESIAN_POINT('Ctrl Pts',(65.299365265547,-5.72709255770068,81.5899906936375));
#1143=CARTESIAN_POINT('Ctrl Pts',(64.9241687716703,2.4228987174184,88.0663107141418));
#1144=CARTESIAN_POINT('Ctrl Pts',(63.4843500787944,4.78044142749231,94.3595095670722));
#1145=CARTESIAN_POINT('Ctrl Pts',(62.5575397349334,5.10003854523005,97.5310946953299));
#1146=CARTESIAN_POINT('Ctrl Pts',(62.2940749509974,-29.9095585467312,111.722941610418));
#1147=CARTESIAN_POINT('Ctrl Pts',(63.2959414493548,-31.9065224810931,109.119277305275));
#1148=CARTESIAN_POINT('Ctrl Pts',(64.9220396839885,-34.6082427282687,102.766493390237));
#1149=CARTESIAN_POINT('Ctrl Pts',(65.4702903643389,-33.1942589993989,92.1466287661268));
#1150=CARTESIAN_POINT('Ctrl Pts',(65.0333876727132,-26.4873163274532,83.5688520855596));
#1151=CARTESIAN_POINT('Ctrl Pts',(64.9909024648078,-16.2684539995115,79.4761696007287));
#1152=CARTESIAN_POINT('Ctrl Pts',(65.4404736680854,-5.46922537227738,81.0205064951306));
#1153=CARTESIAN_POINT('Ctrl Pts',(65.0860578242872,2.91751556937603,87.7353521307712));
#1154=CARTESIAN_POINT('Ctrl Pts',(63.6141936135344,5.37739006947767,94.2220859493422));
#1155=CARTESIAN_POINT('Ctrl Pts',(62.6592367104627,5.73215838119034,97.4944717392013));
#1156=CARTESIAN_POINT('Ctrl Pts',(62.9278593620963,-30.5277601318887,112.44357743008));
#1157=CARTESIAN_POINT('Ctrl Pts',(63.9429588680951,-32.6093935080247,109.682007283667));
#1158=CARTESIAN_POINT('Ctrl Pts',(65.5882473328275,-35.4284787976532,102.98094536921));
#1159=CARTESIAN_POINT('Ctrl Pts',(66.1419224915576,-34.0047029398341,91.820500050279));
#1160=CARTESIAN_POINT('Ctrl Pts',(65.6970616225934,-27.0576399711811,82.7955603446721));
#1161=CARTESIAN_POINT('Ctrl Pts',(65.6537522104793,-16.3909299896271,78.5162453733744));
#1162=CARTESIAN_POINT('Ctrl Pts',(66.1115327436248,-5.1112070433243,80.2117826801873));
#1163=CARTESIAN_POINT('Ctrl Pts',(65.7541245990359,3.64749204280587,87.3139467126045));
#1164=CARTESIAN_POINT('Ctrl Pts',(64.2650893093872,6.25497032449171,94.137615190139));
#1165=CARTESIAN_POINT('Ctrl Pts',(63.2977944434906,6.65383629000007,97.5839368086491));
#1166=CARTESIAN_POINT('Ctrl Pts',(63.681912907171,-30.621591642044,112.805921551536));
#1167=CARTESIAN_POINT('Ctrl Pts',(64.6762815929384,-32.7664984641335,109.986448329852));
#1168=CARTESIAN_POINT('Ctrl Pts',(66.3015480512191,-35.6892005141971,103.127012457626));
#1169=CARTESIAN_POINT('Ctrl Pts',(66.8788301122229,-34.2632829767085,91.7098581859862));
#1170=CARTESIAN_POINT('Ctrl Pts',(66.4804854202804,-27.2188607653589,82.5403051616051));
#1171=CARTESIAN_POINT('Ctrl Pts',(66.4411445605923,-16.4466942766207,78.2186277870865));
#1172=CARTESIAN_POINT('Ctrl Pts',(66.8538845986978,-5.00817425234089,79.9465002555739));
#1173=CARTESIAN_POINT('Ctrl Pts',(66.4677632481092,3.92525062428223,87.2269145359592));
#1174=CARTESIAN_POINT('Ctrl Pts',(64.9937630863039,6.56888151046859,94.2359926123593));
#1175=CARTESIAN_POINT('Ctrl Pts',(64.0445767363476,6.96198429225733,97.7692464257223));
#1176=CARTESIAN_POINT('Ctrl Pts',(64.1365107067568,-30.5370500709711,112.915505811946));
#1177=CARTESIAN_POINT('Ctrl Pts',(65.1178790857546,-32.7132102329847,110.094729017048));
#1178=CARTESIAN_POINT('Ctrl Pts',(66.7308352764352,-35.6957202789537,103.194365675972));
#1179=CARTESIAN_POINT('Ctrl Pts',(67.3224929057246,-34.2684834695757,91.7007484655107));
#1180=CARTESIAN_POINT('Ctrl Pts',(66.952820867509,-27.2009084695098,82.5326769283702));
#1181=CARTESIAN_POINT('Ctrl Pts',(66.9158928396055,-16.4613922857548,78.2256619309215));
#1182=CARTESIAN_POINT('Ctrl Pts',(67.3008653593742,-5.01680777856299,79.9351453450646));
#1183=CARTESIAN_POINT('Ctrl Pts',(66.8972855481655,3.96990359125737,87.2628245849356));
#1184=CARTESIAN_POINT('Ctrl Pts',(65.4325083236891,6.60272693912661,94.3417775840633));
#1185=CARTESIAN_POINT('Ctrl Pts',(64.4946762641863,6.97558237676164,97.8989779692484));
#1186=CARTESIAN_POINT('',(62.2313832703705,-29.1617017822649,111.121881680516));
#1187=CARTESIAN_POINT('',(63.9470311969282,-30.6206653114528,112.785070500308));
#1188=CARTESIAN_POINT('Ctrl Pts',(62.2313832703706,-29.161701782265,111.121881680516));
#1189=CARTESIAN_POINT('Ctrl Pts',(62.2312187286983,-29.1635244332579,111.123093128817));
#1190=CARTESIAN_POINT('Ctrl Pts',(62.2310576992151,-29.1653466790139,111.124305606182));
#1191=CARTESIAN_POINT('Ctrl Pts',(62.2309001797476,-29.1671685128738,111.125519107227));
#1192=CARTESIAN_POINT('Ctrl Pts',(62.2255685389137,-29.2288330420527,111.166593088929));
#1193=CARTESIAN_POINT('Ctrl Pts',(62.2242675843812,-29.2898638140673,111.208731607643));
#1194=CARTESIAN_POINT('Ctrl Pts',(62.2268769776403,-29.3500126324472,111.251715922408));
#1195=CARTESIAN_POINT('Ctrl Pts',(62.2295125322982,-29.4107644941676,111.295131191686));
#1196=CARTESIAN_POINT('Ctrl Pts',(62.2361373128928,-29.4706173484004,111.339409888061));
#1197=CARTESIAN_POINT('Ctrl Pts',(62.2466777700633,-29.5293088223052,111.384342762361));
#1198=CARTESIAN_POINT('Ctrl Pts',(62.2571553526935,-29.587650197597,111.429007609026));
#1199=CARTESIAN_POINT('Ctrl Pts',(62.2715022170774,-29.6448446992176,111.474319461793));
#1200=CARTESIAN_POINT('Ctrl Pts',(62.2896935967013,-29.7006175516722,111.520079642511));
#1201=CARTESIAN_POINT('Ctrl Pts',(62.296923840802,-29.7227847179771,111.538267228253));
#1202=CARTESIAN_POINT('Ctrl Pts',(62.3047619169776,-29.7447270595384,111.55652566276));
#1203=CARTESIAN_POINT('Ctrl Pts',(62.313208280181,-29.7664261943606,111.574842448156));
#1204=CARTESIAN_POINT('Ctrl Pts',(62.3309297891633,-29.8119536484143,111.613273317054));
#1205=CARTESIAN_POINT('Ctrl Pts',(62.3512492740998,-29.8562097288203,111.651790783308));
#1206=CARTESIAN_POINT('Ctrl Pts',(62.3741184379625,-29.8990500371718,111.690275413755));
#1207=CARTESIAN_POINT('Ctrl Pts',(62.4016073446702,-29.9505444095361,111.736534228567));
#1208=CARTESIAN_POINT('Ctrl Pts',(62.4327789207304,-29.999994304158,111.782745957554));
#1209=CARTESIAN_POINT('Ctrl Pts',(62.4674087581951,-30.0472044499834,111.828692812238));
#1210=CARTESIAN_POINT('Ctrl Pts',(62.5020217675422,-30.0943916543817,111.874617339382));
#1211=CARTESIAN_POINT('Ctrl Pts',(62.5400902039896,-30.1393418392244,111.920277885862));
#1212=CARTESIAN_POINT('Ctrl Pts',(62.5814326927374,-30.1818317389811,111.965452446662));
#1213=CARTESIAN_POINT('Ctrl Pts',(62.6085376084998,-30.2096889190527,111.995069741174));
#1214=CARTESIAN_POINT('Ctrl Pts',(62.6370506845127,-30.2364879874847,112.024478030437));
#1215=CARTESIAN_POINT('Ctrl Pts',(62.6669291534169,-30.2621576627605,112.053611686643));
#1216=CARTESIAN_POINT('Ctrl Pts',(62.7126472410813,-30.3014357284586,112.098190110413));
#1217=CARTESIAN_POINT('Ctrl Pts',(62.7613117123068,-30.3378576029906,112.141883035395));
#1218=CARTESIAN_POINT('Ctrl Pts',(62.8127024031994,-30.371230802287,112.184471732727));
#1219=CARTESIAN_POINT('Ctrl Pts',(62.8430894984446,-30.3909642319811,112.209654246908));
#1220=CARTESIAN_POINT('Ctrl Pts',(62.8744306187798,-30.4096312398702,112.234450623194));
#1221=CARTESIAN_POINT('Ctrl Pts',(62.9066868256407,-30.4271867534199,112.258814083911));
#1222=CARTESIAN_POINT('Ctrl Pts',(62.9613809183534,-30.4569541371004,112.30012512166));
#1223=CARTESIAN_POINT('Ctrl Pts',(63.0187045626308,-30.4835281023288,112.340192698751));
#1224=CARTESIAN_POINT('Ctrl Pts',(63.0783383387553,-30.5068703301372,112.37887789328));
#1225=CARTESIAN_POINT('Ctrl Pts',(63.130638963922,-30.5273421698647,112.412805978839));
#1226=CARTESIAN_POINT('Ctrl Pts',(63.1847173812269,-30.5453277025378,112.445670699797));
#1227=CARTESIAN_POINT('Ctrl Pts',(63.2403723182647,-30.560775233904,112.477363575032));
#1228=CARTESIAN_POINT('Ctrl Pts',(63.303678324805,-30.5783463888411,112.51341337535));
#1229=CARTESIAN_POINT('Ctrl Pts',(63.3686776443416,-30.5925388460002,112.547750104659));
#1230=CARTESIAN_POINT('Ctrl Pts',(63.4350355713842,-30.6033467429503,112.580247309321));
#1231=CARTESIAN_POINT('Ctrl Pts',(63.5016725918035,-30.6142000966015,112.612881193275));
#1232=CARTESIAN_POINT('Ctrl Pts',(63.5696805393839,-30.6216404982708,112.643660490284));
#1233=CARTESIAN_POINT('Ctrl Pts',(63.6387453769709,-30.6256216383763,112.672434529696));
#1234=CARTESIAN_POINT('Ctrl Pts',(63.7067109976987,-30.6295394157566,112.700750609452));
#1235=CARTESIAN_POINT('Ctrl Pts',(63.7757009932239,-30.6301071853888,112.727125099514));
#1236=CARTESIAN_POINT('Ctrl Pts',(63.8454272432078,-30.6272408584083,112.751386826541));
#1237=CARTESIAN_POINT('Ctrl Pts',(63.8791343264007,-30.6258552178208,112.763115437379));
#1238=CARTESIAN_POINT('Ctrl Pts',(63.9130135572575,-30.6236664425626,112.774349858662));
#1239=CARTESIAN_POINT('Ctrl Pts',(63.947032448122,-30.6206615732206,112.785068013746));
#1240=CARTESIAN_POINT('Ctrl Pts',(62.2313832703705,-29.161701782265,111.121881680516));
#1241=CARTESIAN_POINT('Ctrl Pts',(63.1820391204001,-31.097730748387,108.660081437242));
#1242=CARTESIAN_POINT('Ctrl Pts',(64.7445168518284,-33.7235181221185,102.616565996144));
#1243=CARTESIAN_POINT('Ctrl Pts',(65.3176581905304,-32.3323406998353,92.4919638735415));
#1244=CARTESIAN_POINT('Ctrl Pts',(64.9595552668547,-25.87784542507,84.3619528976812));
#1245=CARTESIAN_POINT('Ctrl Pts',(64.9237829243706,-16.1575170181249,80.4750847075661));
#1246=CARTESIAN_POINT('Ctrl Pts',(65.2967074915882,-5.8563568963011,81.8748691653338));
#1247=CARTESIAN_POINT('Ctrl Pts',(64.9057579595978,2.17802707616385,88.2396796539823));
#1248=CARTESIAN_POINT('Ctrl Pts',(63.4868218421934,4.48696427348224,94.4434932154791));
#1249=CARTESIAN_POINT('Ctrl Pts',(62.5783398156764,4.79070312236987,97.5695793823841));
#1250=CARTESIAN_POINT('',(64.1910090329645,-30.6575912532215,112.757688506965));
#1251=CARTESIAN_POINT('Ctrl Pts',(64.4946762641863,6.97558237676164,97.8989779692484));
#1252=CARTESIAN_POINT('Ctrl Pts',(65.4325083236891,6.60272693912661,94.3417775840633));
#1253=CARTESIAN_POINT('Ctrl Pts',(66.8972855481655,3.96990359125737,87.2628245849356));
#1254=CARTESIAN_POINT('Ctrl Pts',(67.3008653593742,-5.01680777856299,79.9351453450646));
#1255=CARTESIAN_POINT('Ctrl Pts',(66.9158928396055,-16.4613922857548,78.2256619309215));
#1256=CARTESIAN_POINT('Ctrl Pts',(66.952820867509,-27.2009084695098,82.5326769283702));
#1257=CARTESIAN_POINT('Ctrl Pts',(67.3224929057246,-34.2684834695757,91.7007484655107));
#1258=CARTESIAN_POINT('Ctrl Pts',(66.734497809457,-35.6868852674781,103.123216838384));
#1259=CARTESIAN_POINT('Ctrl Pts',(65.1477280315479,-32.7682588631687,109.966517538157));
#1260=CARTESIAN_POINT('Ctrl Pts',(64.1910035331802,-30.6575791198642,112.757704552272));
#1261=CARTESIAN_POINT('Ctrl Pts',(63.9470324480918,-30.6206615732234,112.785068013737));
#1262=CARTESIAN_POINT('Ctrl Pts',(63.955461959481,-30.6199169957242,112.78772386103));
#1263=CARTESIAN_POINT('Ctrl Pts',(63.9640981890539,-30.6194528911651,112.789921969054));
#1264=CARTESIAN_POINT('Ctrl Pts',(63.9729359365384,-30.6192680958118,112.791660057788));
#1265=CARTESIAN_POINT('Ctrl Pts',(64.0016417077667,-30.6186678644584,112.797305520916));
#1266=CARTESIAN_POINT('Ctrl Pts',(64.0308627343526,-30.6210441365168,112.797781609017));
#1267=CARTESIAN_POINT('Ctrl Pts',(64.0596417383196,-30.6253947455677,112.79461852484));
#1268=CARTESIAN_POINT('Ctrl Pts',(64.0914781072058,-30.6302075457182,112.7911194074));
#1269=CARTESIAN_POINT('Ctrl Pts',(64.1229182093226,-30.6374541692021,112.783157306879));
#1270=CARTESIAN_POINT('Ctrl Pts',(64.1528876580127,-30.645937492657,112.772651366132));
#1271=CARTESIAN_POINT('Ctrl Pts',(64.1659004683256,-30.6496209731269,112.768089660125));
#1272=CARTESIAN_POINT('Ctrl Pts',(64.1786363638793,-30.6535378579415,112.763048906917));
#1273=CARTESIAN_POINT('Ctrl Pts',(64.1910090329645,-30.6575912532215,112.757688506965));
#1274=CARTESIAN_POINT('Origin',(3.26129505892667,-18.5918139826686,87.224965999993));
#1275=CARTESIAN_POINT('',(58.3090471292175,5.24811460012366,108.688530526151));
#1276=CARTESIAN_POINT('Ctrl Pts',(62.2313832703705,4.86583113976761,98.7368725513829));
#1277=CARTESIAN_POINT('Ctrl Pts',(61.5791506862094,5.13489778424723,100.811405275061));
#1278=CARTESIAN_POINT('Ctrl Pts',(60.3492292489618,5.46913332130926,104.154878619085));
#1279=CARTESIAN_POINT('Ctrl Pts',(58.8883228322566,5.38870650775318,107.437707458128));
#1280=CARTESIAN_POINT('Ctrl Pts',(58.3086360286825,5.24890143687264,108.688427940719));
#1281=CARTESIAN_POINT('',(58.3090471293299,-23.0577454609242,118.991021043444));
#1282=CARTESIAN_POINT('Ctrl Pts',(58.3084415571386,-23.0586267749621,118.991541346056));
#1283=CARTESIAN_POINT('Ctrl Pts',(58.8881351754136,-23.9695369699124,118.123292695798));
#1284=CARTESIAN_POINT('Ctrl Pts',(60.3487128338092,-26.1411069130944,115.66059516002));
#1285=CARTESIAN_POINT('Ctrl Pts',(61.5791506862095,-28.034334859428,112.884018650809));
#1286=CARTESIAN_POINT('Ctrl Pts',(62.2313832703706,-29.161701782265,111.121881680516));
#1287=CARTESIAN_POINT('',(54.1998007102617,-12.5280913770827,122.456894485199));
#1288=CARTESIAN_POINT('Ctrl Pts',(54.1998007102617,-12.5280913770827,122.456894485199));
#1289=CARTESIAN_POINT('Ctrl Pts',(54.1998007102617,-13.5896285441955,122.843262416596));
#1290=CARTESIAN_POINT('Ctrl Pts',(54.6278790293004,-15.8737178926508,123.023261183612));
#1291=CARTESIAN_POINT('Ctrl Pts',(55.8678232212092,-18.8751312906667,122.092907092839));
#1292=CARTESIAN_POINT('Ctrl Pts',(57.1568747050742,-21.210468900737,120.630310240954));
#1293=CARTESIAN_POINT('Ctrl Pts',(57.9685891523131,-22.5245946404442,119.500562633292));
#1294=CARTESIAN_POINT('Ctrl Pts',(58.3084415571386,-23.0586267749621,118.991541346056));
#1295=CARTESIAN_POINT('',(54.1998007102617,-0.59024789363967,118.111874795897));
#1296=CARTESIAN_POINT('',(54.1998007102617,-6.55916963536118,120.284384640548));
#1297=CARTESIAN_POINT('Ctrl Pts',(58.3086360286825,5.24890143687264,108.688427940719));
#1298=CARTESIAN_POINT('Ctrl Pts',(57.9689373436175,5.16697513037278,109.421354929397));
#1299=CARTESIAN_POINT('Ctrl Pts',(57.157619425784,4.88633893492346,111.130962068514));
#1300=CARTESIAN_POINT('Ctrl Pts',(55.8702659733112,4.03676536179725,113.750580285543));
#1301=CARTESIAN_POINT('Ctrl Pts',(54.6259317748441,2.33794354426605,116.397189022968));
#1302=CARTESIAN_POINT('Ctrl Pts',(54.1998007102617,0.471289273473116,117.725506864501));
#1303=CARTESIAN_POINT('Ctrl Pts',(54.1998007102617,-0.590247893639674,118.111874795897));
#1304=CARTESIAN_POINT('Ctrl Pts',(62.2313832703705,4.86583113976761,98.7368725513829));
#1305=CARTESIAN_POINT('Ctrl Pts',(61.5791506862094,5.13489778424723,100.811405275061));
#1306=CARTESIAN_POINT('Ctrl Pts',(60.0705217462373,5.54487307917933,104.912529537199));
#1307=CARTESIAN_POINT('Ctrl Pts',(57.7503215052158,5.27748561065185,109.924880582837));
#1308=CARTESIAN_POINT('Ctrl Pts',(55.8702659733112,4.03676536179725,113.750580285543));
#1309=CARTESIAN_POINT('Ctrl Pts',(54.6259317748441,2.33794354426605,116.397189022968));
#1310=CARTESIAN_POINT('Ctrl Pts',(54.1998007102617,0.471289273473116,117.725506864501));
#1311=CARTESIAN_POINT('Ctrl Pts',(54.1998007102617,-0.590247893639674,118.111874795897));
#1312=CARTESIAN_POINT('Ctrl Pts',(62.194990121574,5.44913904342222,98.6457846214874));
#1313=CARTESIAN_POINT('Ctrl Pts',(61.5386197959198,5.69339120953279,100.732201923593));
#1314=CARTESIAN_POINT('Ctrl Pts',(60.0153064537518,6.04815612144747,104.867292319192));
#1315=CARTESIAN_POINT('Ctrl Pts',(57.6657977602347,5.68726471331712,109.945592722573));
#1316=CARTESIAN_POINT('Ctrl Pts',(55.7576394552385,4.34205692608682,113.833931909238));
#1317=CARTESIAN_POINT('Ctrl Pts',(54.4952029608831,2.54162967851792,116.531023716562));
#1318=CARTESIAN_POINT('Ctrl Pts',(54.0655520553579,0.584804415891235,117.891014160324));
#1319=CARTESIAN_POINT('Ctrl Pts',(54.0689465680838,-0.525447750688073,118.289911725434));
#1320=CARTESIAN_POINT('Ctrl Pts',(62.5986634891573,6.51048599291923,98.6281301016489));
#1321=CARTESIAN_POINT('Ctrl Pts',(61.8841669713978,6.71594377346242,100.736600936966));
#1322=CARTESIAN_POINT('Ctrl Pts',(60.2374418359237,6.97485042323506,104.924912659458));
#1323=CARTESIAN_POINT('Ctrl Pts',(57.7176125133668,6.44222815332787,110.086209714462));
#1324=CARTESIAN_POINT('Ctrl Pts',(55.6839426310186,4.90307347221108,114.052724997982));
#1325=CARTESIAN_POINT('Ctrl Pts',(54.3431463108879,2.91665366763843,116.814488067061));
#1326=CARTESIAN_POINT('Ctrl Pts',(53.8916111223257,0.797781558356555,118.2201167266));
#1327=CARTESIAN_POINT('Ctrl Pts',(53.8978742476476,-0.398404691430276,118.638959662044));
#1328=CARTESIAN_POINT('Ctrl Pts',(63.5569519337043,6.98813137248412,98.8649309165485));
#1329=CARTESIAN_POINT('Ctrl Pts',(62.7590034871707,7.23357747627843,100.984934271667));
#1330=CARTESIAN_POINT('Ctrl Pts',(60.9198737518084,7.56032034888415,105.186599060492));
#1331=CARTESIAN_POINT('Ctrl Pts',(58.1107277577125,7.02897235230632,110.360808527518));
#1332=CARTESIAN_POINT('Ctrl Pts',(55.8452165147608,5.39676496230637,114.352053378079));
#1333=CARTESIAN_POINT('Ctrl Pts',(54.3506167015094,3.27584700494294,117.145027785959));
#1334=CARTESIAN_POINT('Ctrl Pts',(53.842756654146,1.01327820638524,118.582474141972));
#1335=CARTESIAN_POINT('Ctrl Pts',(53.8454544243432,-0.260577975326276,119.017635452337));
#1336=CARTESIAN_POINT('Ctrl Pts',(63.9789676584043,7.04222503299705,98.9905423980186));
#1337=CARTESIAN_POINT('Ctrl Pts',(63.1560404863535,7.31980419762234,101.114261683893));
#1338=CARTESIAN_POINT('Ctrl Pts',(61.2525910460868,7.70887534924442,105.317870841972));
#1339=CARTESIAN_POINT('Ctrl Pts',(58.3251754748591,7.22388791611219,110.4900855022));
#1340=CARTESIAN_POINT('Ctrl Pts',(55.9530940736232,5.58209071743387,114.486031431183));
#1341=CARTESIAN_POINT('Ctrl Pts',(54.3831074647089,3.42080542095895,117.288744946203));
#1342=CARTESIAN_POINT('Ctrl Pts',(53.8454544243432,1.10289282751966,118.738379295466));
#1343=CARTESIAN_POINT('Ctrl Pts',(53.8454544243432,-0.201513171111583,119.179914668201));
#1344=CARTESIAN_POINT('',(53.8454544243432,-0.201513171111571,119.179914668201));
#1345=CARTESIAN_POINT('Origin',(55.8454544243432,-0.201513171111571,119.179914668201));
#1346=CARTESIAN_POINT('',(63.8888285309207,7.07212041438847,99.2217592295402));
#1347=CARTESIAN_POINT('Ctrl Pts',(53.8454544243432,-0.201513171111583,119.179914668201));
#1348=CARTESIAN_POINT('Ctrl Pts',(53.8454544243432,1.10289282751966,118.738379295466));
#1349=CARTESIAN_POINT('Ctrl Pts',(54.3831074647089,3.42080542095895,117.288744946203));
#1350=CARTESIAN_POINT('Ctrl Pts',(55.9530940736232,5.58209071743387,114.486031431183));
#1351=CARTESIAN_POINT('Ctrl Pts',(58.3251754748591,7.22388791611219,110.4900855022));
#1352=CARTESIAN_POINT('Ctrl Pts',(61.210079375045,7.70183240446427,105.392981287634));
#1353=CARTESIAN_POINT('Ctrl Pts',(63.0867916894104,7.33367329127002,101.266851094567));
#1354=CARTESIAN_POINT('Ctrl Pts',(63.8888307269785,7.07212369866694,99.2217594887689));
#1355=CARTESIAN_POINT('Ctrl Pts',(63.946909224449,7.05297461381259,99.0730968660745));
#1356=CARTESIAN_POINT('Ctrl Pts',(63.9276197048843,7.05940415922275,99.1226629557766));
#1357=CARTESIAN_POINT('Ctrl Pts',(63.9082601243947,7.06578765922158,99.1722171402041));
#1358=CARTESIAN_POINT('Ctrl Pts',(63.8888307269785,7.07212369866694,99.2217594887689));
#1359=CARTESIAN_POINT('Origin',(55.8454544243432,-6.17043491283308,121.352424512852));
#1360=CARTESIAN_POINT('',(53.8454544243432,-12.1393566545546,123.524934357503));
#1361=CARTESIAN_POINT('Origin',(55.8454544243432,-12.1393566545546,123.524934357503));
#1362=CARTESIAN_POINT('',(53.8454544243432,-6.17043491283308,121.352424512852));
#1363=CARTESIAN_POINT('Ctrl Pts',(54.1998007102617,-12.5280913770827,122.456894485199));
#1364=CARTESIAN_POINT('Ctrl Pts',(54.1998007102617,-13.5896285441955,122.843262416596));
#1365=CARTESIAN_POINT('Ctrl Pts',(54.6278790293004,-15.8737178926508,123.023261183612));
#1366=CARTESIAN_POINT('Ctrl Pts',(55.8678232212092,-18.8751312906667,122.092907092839));
#1367=CARTESIAN_POINT('Ctrl Pts',(57.750217448923,-22.2854109358043,119.957085594689));
#1368=CARTESIAN_POINT('Ctrl Pts',(60.0697932724622,-25.7119439876438,116.289998344004));
#1369=CARTESIAN_POINT('Ctrl Pts',(61.5791506862095,-28.034334859428,112.884018650809));
#1370=CARTESIAN_POINT('Ctrl Pts',(62.2313832703706,-29.161701782265,111.121881680516));
#1371=CARTESIAN_POINT('Ctrl Pts',(54.0689465680838,-12.4632912341311,122.634931414736));
#1372=CARTESIAN_POINT('Ctrl Pts',(54.0655520553579,-13.5702001491871,123.043014487915));
#1373=CARTESIAN_POINT('Ctrl Pts',(54.4973273582836,-15.9436467803328,123.256674492151));
#1374=CARTESIAN_POINT('Ctrl Pts',(55.7552344151461,-19.055381866399,122.353056892712));
#1375=CARTESIAN_POINT('Ctrl Pts',(57.6657356831479,-22.5859784446173,120.236344388703));
#1376=CARTESIAN_POINT('Ctrl Pts',(60.0146565965169,-26.1265097317716,116.578850327467));
#1377=CARTESIAN_POINT('Ctrl Pts',(61.5386197959198,-28.5130765773554,113.182338017406));
#1378=CARTESIAN_POINT('Ctrl Pts',(62.194990121574,-29.6670917532158,111.427047371086));
#1379=CARTESIAN_POINT('Ctrl Pts',(53.8978749466887,-12.3362480915385,122.983979580306));
#1380=CARTESIAN_POINT('Ctrl Pts',(53.8916118213668,-13.5218069704307,123.432020977311));
#1381=CARTESIAN_POINT('Ctrl Pts',(54.3452412666682,-16.0487577184867,123.714819377664));
#1382=CARTESIAN_POINT('Ctrl Pts',(55.6812590263333,-19.3445966688959,122.88132396431));
#1383=CARTESIAN_POINT('Ctrl Pts',(57.717497657011,-23.0739502252352,120.829357193701));
#1384=CARTESIAN_POINT('Ctrl Pts',(60.2366377760661,-26.7994247984427,117.218693149779));
#1385=CARTESIAN_POINT('Ctrl Pts',(61.8841899874652,-29.2935511944952,113.84298883321));
#1386=CARTESIAN_POINT('Ctrl Pts',(62.5986865052247,-30.4914603317419,112.09574075069));
#1387=CARTESIAN_POINT('Ctrl Pts',(53.8454544243432,-12.1984214587693,123.362655141639));
#1388=CARTESIAN_POINT('Ctrl Pts',(53.842756654146,-13.4539682066196,123.8481212081));
#1389=CARTESIAN_POINT('Ctrl Pts',(54.3529372324088,-16.1113647797196,124.198859182083));
#1390=CARTESIAN_POINT('Ctrl Pts',(55.8422686394325,-19.5303680660219,123.427965368462));
#1391=CARTESIAN_POINT('Ctrl Pts',(58.1105869118399,-23.3468945531237,121.416849972422));
#1392=CARTESIAN_POINT('Ctrl Pts',(60.9189707779076,-27.0796852057451,117.795470831382));
#1393=CARTESIAN_POINT('Ctrl Pts',(62.7590034871707,-29.5304744864551,114.365954877118));
#1394=CARTESIAN_POINT('Ctrl Pts',(63.5569519337043,-30.7051637517224,112.584168373171));
#1395=CARTESIAN_POINT('Ctrl Pts',(53.8454544243432,-12.1393566545546,123.524934357503));
#1396=CARTESIAN_POINT('Ctrl Pts',(53.8454544243432,-13.4224030882101,124.0251546527));
#1397=CARTESIAN_POINT('Ctrl Pts',(54.3855643315412,-16.130036225884,124.402139835235));
#1398=CARTESIAN_POINT('Ctrl Pts',(55.9500120333693,-19.5862413867448,123.649748618417));
#1399=CARTESIAN_POINT('Ctrl Pts',(58.3250441861857,-23.4131189766225,121.641177736049));
#1400=CARTESIAN_POINT('Ctrl Pts',(61.2516719247822,-27.1091260235305,117.991537191136));
#1401=CARTESIAN_POINT('Ctrl Pts',(63.1560404863535,-29.5133979290174,114.5204508907));
#1402=CARTESIAN_POINT('Ctrl Pts',(63.9789676584043,-30.665860395843,112.715163085283));
#1403=CARTESIAN_POINT('',(63.8888297267169,-30.5401411388158,112.911504097965));
#1404=CARTESIAN_POINT('Ctrl Pts',(63.8888297267169,-30.5401411388158,112.911504097965));
#1405=CARTESIAN_POINT('Ctrl Pts',(63.0867594260571,-29.4259300527016,114.646285155423));
#1406=CARTESIAN_POINT('Ctrl Pts',(61.2091720585758,-27.055453394477,118.044536495699));
#1407=CARTESIAN_POINT('Ctrl Pts',(58.3250441861857,-23.4131189766225,121.641177736049));
#1408=CARTESIAN_POINT('Ctrl Pts',(55.9500120333693,-19.5862413867448,123.649748618417));
#1409=CARTESIAN_POINT('Ctrl Pts',(54.3855643315412,-16.130036225884,124.402139835235));
#1410=CARTESIAN_POINT('Ctrl Pts',(53.8454544243432,-13.4224030882101,124.0251546527));
#1411=CARTESIAN_POINT('Ctrl Pts',(53.8454544243432,-12.1393566545546,123.524934357503));
#1412=CARTESIAN_POINT('Ctrl Pts',(63.8888297267169,-30.5401411388158,112.911504097965));
#1413=CARTESIAN_POINT('Ctrl Pts',(63.9082596498553,-30.5671325830137,112.869479524083));
#1414=CARTESIAN_POINT('Ctrl Pts',(63.9276195239792,-30.594095204867,112.827415591922));
#1415=CARTESIAN_POINT('Ctrl Pts',(63.9469090943238,-30.621030129867,112.785313167915));
#1416=CARTESIAN_POINT('Origin',(74.8454544243431,-13.9099999999999,100.088144199462));
#1417=CARTESIAN_POINT('',(64.8454544243431,7.05307006224405,98.8432773128236));
#1418=CARTESIAN_POINT('Ctrl Pts',(64.1910222432472,7.06324642736262,99.0284582567765));
#1419=CARTESIAN_POINT('Ctrl Pts',(64.3249298598651,7.05957765812338,98.9558461759325));
#1420=CARTESIAN_POINT('Ctrl Pts',(64.4509496241943,7.0567328620055,98.906201983017));
#1421=CARTESIAN_POINT('Ctrl Pts',(64.6639149102715,7.05374490111804,98.8544936369558));
#1422=CARTESIAN_POINT('Ctrl Pts',(64.7545298458026,7.0530700622441,98.8432773128235));
#1423=CARTESIAN_POINT('Ctrl Pts',(64.8454544243431,7.0530700622441,98.8432773128235));
#1424=CARTESIAN_POINT('',(74.8454544243431,7.05307006224405,98.8432773128236));
#1425=CARTESIAN_POINT('',(74.8454544243431,7.05307006224405,98.8432773128236));
#1426=CARTESIAN_POINT('',(74.8454544243432,-30.7688283423359,112.609322535531));
#1427=CARTESIAN_POINT('Origin',(74.8454544243431,-13.9099999999999,100.088144199462));
#1428=CARTESIAN_POINT('',(64.8454544243432,-30.7688283423359,112.609322535531));
#1429=CARTESIAN_POINT('',(74.8454544243432,-30.7688283423359,112.609322535531));
#1430=CARTESIAN_POINT('Ctrl Pts',(64.8454544243431,-30.7688283423361,112.609322535531));
#1431=CARTESIAN_POINT('Ctrl Pts',(64.7865349177315,-30.7688283423361,112.609322535531));
#1432=CARTESIAN_POINT('Ctrl Pts',(64.7274853889873,-30.7660162789853,112.613111477939));
#1433=CARTESIAN_POINT('Ctrl Pts',(64.5103373974257,-30.7453304745493,112.640924021544));
#1434=CARTESIAN_POINT('Ctrl Pts',(64.3615012009571,-30.711327303779,112.686582953154));
#1435=CARTESIAN_POINT('Ctrl Pts',(64.2119306258724,-30.6643696781281,112.748757370259));
#1436=CARTESIAN_POINT('Ctrl Pts',(64.2015056621689,-30.6610258952143,112.753181264391));
#1437=CARTESIAN_POINT('Ctrl Pts',(64.1910222432472,-30.6575918739631,112.757720610028));
#1438=CARTESIAN_POINT('Ctrl Pts',(61.8004927693569,42.1766012716337,201.574910816868));
#1439=CARTESIAN_POINT('Ctrl Pts',(62.5814143265039,43.6995976274474,203.436144080238));
#1440=CARTESIAN_POINT('Ctrl Pts',(63.496253474002,45.2434926306659,206.356413730376));
#1441=CARTESIAN_POINT('Ctrl Pts',(64.7710154508933,46.6304584959247,212.8365250076));
#1442=CARTESIAN_POINT('Ctrl Pts',(65.3142048218304,45.5481956282622,220.662021147279));
#1443=CARTESIAN_POINT('Ctrl Pts',(65.0698236340721,39.8711665940778,227.559952527359));
#1444=CARTESIAN_POINT('Ctrl Pts',(65.012969887853,33.6624915721991,230.793616928635));
#1445=CARTESIAN_POINT('Ctrl Pts',(65.0708962524119,26.828380439656,232.305612638438));
#1446=CARTESIAN_POINT('Ctrl Pts',(65.3167719723229,18.0419275138717,230.676015147735));
#1447=CARTESIAN_POINT('Ctrl Pts',(64.7693386102157,12.1882155016265,225.371747822553));
#1448=CARTESIAN_POINT('Ctrl Pts',(63.4948694839808,9.08483499369654,219.516650307646));
#1449=CARTESIAN_POINT('Ctrl Pts',(62.5814163351261,8.38930175280086,216.288046954843));
#1450=CARTESIAN_POINT('Ctrl Pts',(61.8004927693565,8.35960689125334,213.883290183673));
#1451=CARTESIAN_POINT('Ctrl Pts',(61.7687923685,42.4306542221051,201.384386936161));
#1452=CARTESIAN_POINT('Ctrl Pts',(62.5662419828924,43.9682049932597,203.278948653894));
#1453=CARTESIAN_POINT('Ctrl Pts',(63.4971362093849,45.5256046219487,206.247628167126));
#1454=CARTESIAN_POINT('Ctrl Pts',(64.7873856070462,46.9244724101209,212.831087636033));
#1455=CARTESIAN_POINT('Ctrl Pts',(65.3232149132711,45.8341053244208,220.780024208247));
#1456=CARTESIAN_POINT('Ctrl Pts',(65.0532605990162,40.0804985770095,227.799909598069));
#1457=CARTESIAN_POINT('Ctrl Pts',(64.9904008735678,33.7705826468127,231.090680551153));
#1458=CARTESIAN_POINT('Ctrl Pts',(65.0543540772432,26.8223716390757,232.623935074304));
#1459=CARTESIAN_POINT('Ctrl Pts',(65.3258579535763,17.8986814848058,230.950161805556));
#1460=CARTESIAN_POINT('Ctrl Pts',(64.785660642367,11.9594795918917,225.556608040359));
#1461=CARTESIAN_POINT('Ctrl Pts',(63.4957190322368,8.79876388483091,219.614681911993));
#1462=CARTESIAN_POINT('Ctrl Pts',(62.5662440340267,8.0824933269118,216.340285848355));
#1463=CARTESIAN_POINT('Ctrl Pts',(61.7687923684996,8.04252465041924,213.900642512343));
#1464=CARTESIAN_POINT('Ctrl Pts',(61.8531246967873,42.9203340813246,200.956415089453));
#1465=CARTESIAN_POINT('Ctrl Pts',(62.6760871533625,44.4901099914646,202.925929341716));
#1466=CARTESIAN_POINT('Ctrl Pts',(63.6316163580298,46.077982641094,206.000450971218));
#1467=CARTESIAN_POINT('Ctrl Pts',(64.9462053918453,47.5060687166136,212.804962296054));
#1468=CARTESIAN_POINT('Ctrl Pts',(65.4731646491949,46.4040318239708,221.012943345023));
#1469=CARTESIAN_POINT('Ctrl Pts',(65.1666242389582,40.5012031131227,228.286654780036));
#1470=CARTESIAN_POINT('Ctrl Pts',(65.0949768892084,33.990022655689,231.693742677515));
#1471=CARTESIAN_POINT('Ctrl Pts',(65.1677379484553,26.8131596831788,233.267116064367));
#1472=CARTESIAN_POINT('Ctrl Pts',(65.4759039336052,17.6116526162935,231.494857922869));
#1473=CARTESIAN_POINT('Ctrl Pts',(64.9444253423614,11.4971493053909,225.910542227182));
#1474=CARTESIAN_POINT('Ctrl Pts',(63.6301587751781,8.21665498523379,219.780437220642));
#1475=CARTESIAN_POINT('Ctrl Pts',(62.6760892701188,7.45577452377869,216.405331633189));
#1476=CARTESIAN_POINT('Ctrl Pts',(61.8531246967869,7.39231311499798,213.88755720358));
#1477=CARTESIAN_POINT('Ctrl Pts',(62.4816907636072,43.5267130363427,200.207537734895));
#1478=CARTESIAN_POINT('Ctrl Pts',(63.3156002368914,45.1625987823847,202.298024176155));
#1479=CARTESIAN_POINT('Ctrl Pts',(64.2828343523456,46.8180114798415,205.546662614467));
#1480=CARTESIAN_POINT('Ctrl Pts',(65.6127108203054,48.3194723590425,212.713019141233));
#1481=CARTESIAN_POINT('Ctrl Pts',(66.1449620097067,47.2085558992991,221.338782245899));
#1482=CARTESIAN_POINT('Ctrl Pts',(65.8327800295402,41.091652517957,228.988405421129));
#1483=CARTESIAN_POINT('Ctrl Pts',(65.759597621152,34.3046660517567,232.558417739319));
#1484=CARTESIAN_POINT('Ctrl Pts',(65.8338987081634,26.8121423171998,234.184117121386));
#1485=CARTESIAN_POINT('Ctrl Pts',(66.1477283777905,17.2045797305931,232.261592050391));
#1486=CARTESIAN_POINT('Ctrl Pts',(65.6109156793214,10.8149351168616,226.362981658559));
#1487=CARTESIAN_POINT('Ctrl Pts',(64.281365282925,7.35807240591015,219.908552189289));
#1488=CARTESIAN_POINT('Ctrl Pts',(63.3156023818047,6.53700863170042,216.356596180422));
#1489=CARTESIAN_POINT('Ctrl Pts',(62.4816907636068,6.44643080139716,213.703656746603));
#1490=CARTESIAN_POINT('Ctrl Pts',(63.2365461576993,43.6070260016542,199.827846840482));
#1491=CARTESIAN_POINT('Ctrl Pts',(64.0533999861437,45.2931347765157,201.961577476524));
#1492=CARTESIAN_POINT('Ctrl Pts',(65.0064682697184,47.0069180749955,205.284395524096));
#1493=CARTESIAN_POINT('Ctrl Pts',(66.3278258400744,48.5782111156166,212.620332292052));
#1494=CARTESIAN_POINT('Ctrl Pts',(66.8777371268442,47.4669795060993,221.444114777856));
#1495=CARTESIAN_POINT('Ctrl Pts',(66.6026732616626,41.2657837955861,229.218422989151));
#1496=CARTESIAN_POINT('Ctrl Pts',(66.5384516864172,34.4041148724309,232.831346336018));
#1497=CARTESIAN_POINT('Ctrl Pts',(66.6037888809176,26.8261393911112,234.472224683034));
#1498=CARTESIAN_POINT('Ctrl Pts',(66.8804429144396,17.0743626614342,232.508712074325));
#1499=CARTESIAN_POINT('Ctrl Pts',(66.3260589523923,10.557368706489,226.458246564763));
#1500=CARTESIAN_POINT('Ctrl Pts',(65.0050199336955,7.04479636438005,219.828887435223));
#1501=CARTESIAN_POINT('Ctrl Pts',(64.053402087188,6.22074846146592,216.18277014365));
#1502=CARTESIAN_POINT('Ctrl Pts',(63.2365461576989,6.14084689817084,213.464420825835));
#1503=CARTESIAN_POINT('Ctrl Pts',(63.6916995666452,43.5142418995201,199.712163615187));
#1504=CARTESIAN_POINT('Ctrl Pts',(64.4978501022339,45.2252749251114,201.845479716049));
#1505=CARTESIAN_POINT('Ctrl Pts',(65.4422446601552,46.9716473877058,205.182941402275));
#1506=CARTESIAN_POINT('Ctrl Pts',(66.7581899571109,48.584769571794,212.565407204105));
#1507=CARTESIAN_POINT('Ctrl Pts',(67.3189279701665,47.4738701267689,221.448960671003));
#1508=CARTESIAN_POINT('Ctrl Pts',(67.0666516389576,41.2547078665193,229.225334355301));
#1509=CARTESIAN_POINT('Ctrl Pts',(67.0079611372735,34.4036646106799,232.83009167865));
#1510=CARTESIAN_POINT('Ctrl Pts',(67.0677589100287,26.8389793432174,234.470489526209));
#1511=CARTESIAN_POINT('Ctrl Pts',(67.321578056754,17.0722344165763,232.517139111311));
#1512=CARTESIAN_POINT('Ctrl Pts',(66.7564589432876,10.5170189553082,226.42010418958));
#1513=CARTESIAN_POINT('Ctrl Pts',(65.440815958019,7.0068102301953,219.728452213798));
#1514=CARTESIAN_POINT('Ctrl Pts',(64.4978521757481,6.19810587180443,216.050214668093));
#1515=CARTESIAN_POINT('Ctrl Pts',(63.6916995666448,6.13756390015225,213.316161862708));
#1516=CARTESIAN_POINT('',(63.7869001101532,6.14725579535175,213.64056272864));
#1517=CARTESIAN_POINT('',(63.7869001101531,43.7153383342507,199.966898926025));
#1518=CARTESIAN_POINT('Ctrl Pts',(63.7868567755124,6.14730524453716,213.640574847183));
#1519=CARTESIAN_POINT('Ctrl Pts',(63.8153911823341,6.15101209221049,213.738366695375));
#1520=CARTESIAN_POINT('Ctrl Pts',(63.8437956846513,6.15541588552843,213.836178008679));
#1521=CARTESIAN_POINT('Ctrl Pts',(63.8720675715996,6.1605159655537,213.933999420842));
#1522=CARTESIAN_POINT('Ctrl Pts',(64.1770162189947,6.21552688534696,214.989129111329));
#1523=CARTESIAN_POINT('Ctrl Pts',(64.466599675916,6.35156220203786,216.045660081034));
#1524=CARTESIAN_POINT('Ctrl Pts',(64.7372029769235,6.56786393385299,217.091386910295));
#1525=CARTESIAN_POINT('Ctrl Pts',(65.0012116293847,6.7788943556139,218.111629198574));
#1526=CARTESIAN_POINT('Ctrl Pts',(65.2471539216547,7.06632698816507,219.12158634529));
#1527=CARTESIAN_POINT('Ctrl Pts',(65.4716849984234,7.42941167222441,220.109912792026));
#1528=CARTESIAN_POINT('Ctrl Pts',(65.5255338405701,7.51648955079315,220.346941160595));
#1529=CARTESIAN_POINT('Ctrl Pts',(65.5781512215556,7.60791851806585,220.582725383774));
#1530=CARTESIAN_POINT('Ctrl Pts',(65.6294911140567,7.70368778431714,220.817108991515));
#1531=CARTESIAN_POINT('Ctrl Pts',(65.6708495003059,7.78083758170595,221.005923718371));
#1532=CARTESIAN_POINT('Ctrl Pts',(65.7113971134667,7.86080401557459,221.193829448711));
#1533=CARTESIAN_POINT('Ctrl Pts',(65.7511085195525,7.9435816388752,221.380745033386));
#1534=CARTESIAN_POINT('Ctrl Pts',(65.9332400693155,8.32323117293765,222.238010702551));
#1535=CARTESIAN_POINT('Ctrl Pts',(66.0977805250419,8.76201522982606,223.074450232536));
#1536=CARTESIAN_POINT('Ctrl Pts',(66.2420537253616,9.25866994627171,223.879034204183));
#1537=CARTESIAN_POINT('Ctrl Pts',(66.404258470872,9.81705328918721,224.783618964718));
#1538=CARTESIAN_POINT('Ctrl Pts',(66.5408458366156,10.4485883170545,225.647935902781));
#1539=CARTESIAN_POINT('Ctrl Pts',(66.6549099621154,11.1436447250444,226.46185348658));
#1540=CARTESIAN_POINT('Ctrl Pts',(66.704838720774,11.447888530856,226.81812584155));
#1541=CARTESIAN_POINT('Ctrl Pts',(66.7504520970385,11.7643026016837,227.164741522402));
#1542=CARTESIAN_POINT('Ctrl Pts',(66.7920099057405,12.0920761796906,227.500851801029));
#1543=CARTESIAN_POINT('Ctrl Pts',(66.8772138780042,12.7640945493194,228.189962506142));
#1544=CARTESIAN_POINT('Ctrl Pts',(66.9455880132761,13.4841800880674,228.835239053472));
#1545=CARTESIAN_POINT('Ctrl Pts',(66.99936383273,14.2455073590337,229.429286200055));
#1546=CARTESIAN_POINT('Ctrl Pts',(67.0583487345868,15.0805818370233,230.080876691756));
#1547=CARTESIAN_POINT('Ctrl Pts',(67.0997704088899,15.9652751162719,230.670831450576));
#1548=CARTESIAN_POINT('Ctrl Pts',(67.1265777830452,16.8905279479916,231.189353576154));
#1549=CARTESIAN_POINT('Ctrl Pts',(67.1330617689263,17.1143218288294,231.314770191813));
#1550=CARTESIAN_POINT('Ctrl Pts',(67.1386907876706,17.3404883345892,231.436007687032));
#1551=CARTESIAN_POINT('Ctrl Pts',(67.1435065784356,17.5688989027918,231.552927245428));
#1552=CARTESIAN_POINT('Ctrl Pts',(67.1494465348163,17.8506280887656,231.697139714539));
#1553=CARTESIAN_POINT('Ctrl Pts',(67.1541492758809,18.1357713128331,231.834783046921));
#1554=CARTESIAN_POINT('Ctrl Pts',(67.1577355216179,18.4240026908574,231.965795168355));
#1555=CARTESIAN_POINT('Ctrl Pts',(67.165528871872,19.0503646994546,232.250500518945));
#1556=CARTESIAN_POINT('Ctrl Pts',(67.1685209626487,19.6908593249975,232.503691146574));
#1557=CARTESIAN_POINT('Ctrl Pts',(67.167945632622,20.3422152796337,232.724899057745));
#1558=CARTESIAN_POINT('Ctrl Pts',(67.1673540045927,21.0120229064285,232.952373367229));
#1559=CARTESIAN_POINT('Ctrl Pts',(67.1629898270542,21.6933165233609,233.146027206961));
#1560=CARTESIAN_POINT('Ctrl Pts',(67.1561805866141,22.3825631415891,233.305301808043));
#1561=CARTESIAN_POINT('Ctrl Pts',(67.1491845650145,23.0907161684882,233.468945397843));
#1562=CARTESIAN_POINT('Ctrl Pts',(67.1396072390722,23.8072651605762,233.596297861853));
#1563=CARTESIAN_POINT('Ctrl Pts',(67.1288767294099,24.5283938852714,233.686701400054));
#1564=CARTESIAN_POINT('Ctrl Pts',(67.1200627870995,25.1207224118531,233.760958037942));
#1565=CARTESIAN_POINT('Ctrl Pts',(67.110470486929,25.7161412694207,233.81028493324));
#1566=CARTESIAN_POINT('Ctrl Pts',(67.1008878798933,26.3125382435804,233.834291666884));
#1567=CARTESIAN_POINT('Ctrl Pts',(67.0880529928257,27.1113488159241,233.866446143639));
#1568=CARTESIAN_POINT('Ctrl Pts',(67.0750693343892,27.9121048910325,233.853175813183));
#1569=CARTESIAN_POINT('Ctrl Pts',(67.0640421321144,28.7094134990671,233.793468116289));
#1570=CARTESIAN_POINT('Ctrl Pts',(67.0536125747324,29.4635101113763,233.736996416995));
#1571=CARTESIAN_POINT('Ctrl Pts',(67.044933760906,30.2145219052843,233.638984686566));
#1572=CARTESIAN_POINT('Ctrl Pts',(67.0382476946695,30.9581248553576,233.500734291903));
#1573=CARTESIAN_POINT('Ctrl Pts',(67.0315338388019,31.7048184795051,233.361909280221));
#1574=CARTESIAN_POINT('Ctrl Pts',(67.0268294651476,32.4440407950566,233.182510590467));
#1575=CARTESIAN_POINT('Ctrl Pts',(67.0243786619471,33.1714208870431,232.963907519262));
#1576=CARTESIAN_POINT('Ctrl Pts',(67.0230830196935,33.5559578345221,232.848340763124));
#1577=CARTESIAN_POINT('Ctrl Pts',(67.0224171812758,33.9371852845475,232.721817950073));
#1578=CARTESIAN_POINT('Ctrl Pts',(67.0224168944962,34.314459436846,232.584546936182));
#1579=CARTESIAN_POINT('Ctrl Pts',(67.0224168944319,34.314544017564,232.584516161529));
#1580=CARTESIAN_POINT('Ctrl Pts',(67.022416894401,34.3146285980834,232.584485386337));
#1581=CARTESIAN_POINT('Ctrl Pts',(67.0224168944036,34.3147131784041,232.584454610604));
#1582=CARTESIAN_POINT('Ctrl Pts',(67.0224169173982,35.0608449596467,232.31296412445));
#1583=CARTESIAN_POINT('Ctrl Pts',(67.02495617642,35.7918331405561,231.999315039299));
#1584=CARTESIAN_POINT('Ctrl Pts',(67.0298125154754,36.5027919889671,231.645474634167));
#1585=CARTESIAN_POINT('Ctrl Pts',(67.0346518930845,37.2112677137211,231.292870066359));
#1586=CARTESIAN_POINT('Ctrl Pts',(67.0417921228199,37.8998529198866,230.900354823077));
#1587=CARTESIAN_POINT('Ctrl Pts',(67.0510110822409,38.5637328640562,230.469922723385));
#1588=CARTESIAN_POINT('Ctrl Pts',(67.0548775294787,38.8421652401121,230.289398769769));
#1589=CARTESIAN_POINT('Ctrl Pts',(67.0591095990589,39.1162523307031,230.102205861942));
#1590=CARTESIAN_POINT('Ctrl Pts',(67.0636908281834,39.3856405355146,229.908493325014));
#1591=CARTESIAN_POINT('Ctrl Pts',(67.0720435193293,39.8768005303465,229.555308415886));
#1592=CARTESIAN_POINT('Ctrl Pts',(67.0815567722753,40.3523396436658,229.180450280237));
#1593=CARTESIAN_POINT('Ctrl Pts',(67.0913468459518,40.8107731517984,228.785749272245));
#1594=CARTESIAN_POINT('Ctrl Pts',(67.1023798640236,41.3274092208548,228.340937159682));
#1595=CARTESIAN_POINT('Ctrl Pts',(67.1136546507673,41.8222973231613,227.870952129932));
#1596=CARTESIAN_POINT('Ctrl Pts',(67.1240469945685,42.293471644379,227.378271080365));
#1597=CARTESIAN_POINT('Ctrl Pts',(67.1344214524626,42.7638350436048,226.886437967284));
#1598=CARTESIAN_POINT('Ctrl Pts',(67.1439169151317,43.2105665965178,226.371986396188));
#1599=CARTESIAN_POINT('Ctrl Pts',(67.1514107398735,43.6316762965828,225.837342113321));
#1600=CARTESIAN_POINT('Ctrl Pts',(67.1586871931957,44.0405709774206,225.31820611771));
#1601=CARTESIAN_POINT('Ctrl Pts',(67.164076708505,44.4253089760435,224.78003140844));
#1602=CARTESIAN_POINT('Ctrl Pts',(67.1665426708934,44.7840312210628,224.225009678987));
#1603=CARTESIAN_POINT('Ctrl Pts',(67.1684094585307,45.0555918317937,223.804846051245));
#1604=CARTESIAN_POINT('Ctrl Pts',(67.1686006476914,45.3122426114728,223.375027103346));
#1605=CARTESIAN_POINT('Ctrl Pts',(67.1666617726789,45.5531601149806,222.93649415864));
#1606=CARTESIAN_POINT('Ctrl Pts',(67.1639236911577,45.893384090325,222.317197430113));
#1607=CARTESIAN_POINT('Ctrl Pts',(67.1565265921009,46.202087192884,221.680771213714));
#1608=CARTESIAN_POINT('Ctrl Pts',(67.1431013878737,46.4768985314041,221.030126162372));
#1609=CARTESIAN_POINT('Ctrl Pts',(67.1280811435279,46.7843600331983,220.302178379365));
#1610=CARTESIAN_POINT('Ctrl Pts',(67.1055149664655,47.0493969981281,219.556432919371));
#1611=CARTESIAN_POINT('Ctrl Pts',(67.0741140804241,47.2716174945596,218.798485493412));
#1612=CARTESIAN_POINT('Ctrl Pts',(67.0430737922242,47.4912860811103,218.049242095913));
#1613=CARTESIAN_POINT('Ctrl Pts',(67.0034003001115,47.6691159749159,217.28807656483));
#1614=CARTESIAN_POINT('Ctrl Pts',(66.9538594904987,47.8047774201605,216.520395727779));
#1615=CARTESIAN_POINT('Ctrl Pts',(66.925844363162,47.8814934184036,216.086275321349));
#1616=CARTESIAN_POINT('Ctrl Pts',(66.8946740240891,47.9447254377625,215.650071342765));
#1617=CARTESIAN_POINT('Ctrl Pts',(66.8601273037243,47.9944207650708,215.212759673834));
#1618=CARTESIAN_POINT('Ctrl Pts',(66.7997174419476,48.081320124024,214.448057925176));
#1619=CARTESIAN_POINT('Ctrl Pts',(66.728611110814,48.1268818456809,213.679469488457));
#1620=CARTESIAN_POINT('Ctrl Pts',(66.6458044633377,48.1306977627591,212.91221017654));
#1621=CARTESIAN_POINT('Ctrl Pts',(66.5625621470128,48.1345337564405,212.140914099566));
#1622=CARTESIAN_POINT('Ctrl Pts',(66.4674953860695,48.0961844551566,211.370962522056));
#1623=CARTESIAN_POINT('Ctrl Pts',(66.3595919471459,48.0152797898709,210.60762823639));
#1624=CARTESIAN_POINT('Ctrl Pts',(66.3218954711742,47.9870154379525,210.340954506201));
#1625=CARTESIAN_POINT('Ctrl Pts',(66.2826324203543,47.9535576100649,210.07508808405));
#1626=CARTESIAN_POINT('Ctrl Pts',(66.2417601086291,47.9148913949975,209.810252654378));
#1627=CARTESIAN_POINT('Ctrl Pts',(66.124492472802,47.8039533189275,209.050407580538));
#1628=CARTESIAN_POINT('Ctrl Pts',(65.9939758655493,47.650140603576,208.29905292662));
#1629=CARTESIAN_POINT('Ctrl Pts',(65.8518485568582,47.456829887463,207.561173791315));
#1630=CARTESIAN_POINT('Ctrl Pts',(65.8290401132213,47.4258075834914,207.442759710141));
#1631=CARTESIAN_POINT('Ctrl Pts',(65.8059327047589,47.3937680612801,207.324692574249));
#1632=CARTESIAN_POINT('Ctrl Pts',(65.7825331627759,47.3607252596501,207.206992878424));
#1633=CARTESIAN_POINT('Ctrl Pts',(65.7721868926167,47.3461151551989,207.154951139677));
#1634=CARTESIAN_POINT('Ctrl Pts',(65.7617797945817,47.3313087251038,207.102980612422));
#1635=CARTESIAN_POINT('Ctrl Pts',(65.7513123702795,47.3163071659292,207.051083089213));
#1636=CARTESIAN_POINT('Ctrl Pts',(65.5677147926396,47.0531813151232,206.140805711356));
#1637=CARTESIAN_POINT('Ctrl Pts',(65.3655569120992,46.7300205366774,205.252990273288));
#1638=CARTESIAN_POINT('Ctrl Pts',(65.1473522439029,46.3517001232957,204.394267881084));
#1639=CARTESIAN_POINT('Ctrl Pts',(64.919287828778,45.956285009032,203.496743452522));
#1640=CARTESIAN_POINT('Ctrl Pts',(64.6736935714514,45.5006140337691,202.631001488673));
#1641=CARTESIAN_POINT('Ctrl Pts',(64.4134539629356,44.9902926258729,201.804573727833));
#1642=CARTESIAN_POINT('Ctrl Pts',(64.2221596967134,44.615170791738,201.197091673132));
#1643=CARTESIAN_POINT('Ctrl Pts',(64.0229524386575,44.2105206705715,200.610851268496));
#1644=CARTESIAN_POINT('Ctrl Pts',(63.8169832025229,43.7785756152014,200.048828383614));
#1645=CARTESIAN_POINT('Ctrl Pts',(63.8069583684049,43.7575521963189,200.02147388011));
#1646=CARTESIAN_POINT('Ctrl Pts',(63.7969174075366,43.7364638898515,199.994176445459));
#1647=CARTESIAN_POINT('Ctrl Pts',(63.7868604400917,43.7153109358401,199.966936408622));
#1648=CARTESIAN_POINT('',(63.4009261842881,43.6124492655772,199.880375668141));
#1649=CARTESIAN_POINT('Ctrl Pts',(63.7868631183642,43.7153165690857,199.966943662923));
#1650=CARTESIAN_POINT('Ctrl Pts',(63.755149340767,43.7000844404587,199.947328193338));
#1651=CARTESIAN_POINT('Ctrl Pts',(63.7212409911106,43.6849798394281,199.928655867076));
#1652=CARTESIAN_POINT('Ctrl Pts',(63.6861027522281,43.6711630872182,199.912787868618));
#1653=CARTESIAN_POINT('Ctrl Pts',(63.6696674002435,43.6647005212765,199.905365864892));
#1654=CARTESIAN_POINT('Ctrl Pts',(63.6529634295886,43.6585199616166,199.89855688909));
#1655=CARTESIAN_POINT('Ctrl Pts',(63.636091980559,43.6527414767761,199.892548504079));
#1656=CARTESIAN_POINT('Ctrl Pts',(63.6076471869439,43.6429991121216,199.882418534133));
#1657=CARTESIAN_POINT('Ctrl Pts',(63.5774620313495,43.6339667070899,199.874118540455));
#1658=CARTESIAN_POINT('Ctrl Pts',(63.5466242740005,43.6268156888862,199.869431575698));
#1659=CARTESIAN_POINT('Ctrl Pts',(63.5346681389778,43.6240431610975,199.867614388317));
#1660=CARTESIAN_POINT('Ctrl Pts',(63.5226141718958,43.6215536491488,199.8663398748));
#1661=CARTESIAN_POINT('Ctrl Pts',(63.5105267249149,43.6194161961416,199.86571019876));
#1662=CARTESIAN_POINT('Ctrl Pts',(63.4817676995276,43.6143306668818,199.864212043752));
#1663=CARTESIAN_POINT('Ctrl Pts',(63.4527339029829,43.6112249065577,199.866366682251));
#1664=CARTESIAN_POINT('Ctrl Pts',(63.4244170832242,43.6111237293849,199.873631012153));
#1665=CARTESIAN_POINT('Ctrl Pts',(63.4164853555286,43.6110953889925,199.875665798798));
#1666=CARTESIAN_POINT('Ctrl Pts',(63.4087359366541,43.6113035287108,199.878069177021));
#1667=CARTESIAN_POINT('Ctrl Pts',(63.4011718642275,43.6117487001219,199.880838614666));
#1668=CARTESIAN_POINT('',(61.8004927693568,42.1766012716337,201.574910816868));
#1669=CARTESIAN_POINT('Ctrl Pts',(63.4011718642275,43.6117487001219,199.880838614666));
#1670=CARTESIAN_POINT('Ctrl Pts',(63.3312748152984,43.6158623645376,199.906430035497));
#1671=CARTESIAN_POINT('Ctrl Pts',(63.2621773697254,43.6165081613148,199.934204085575));
#1672=CARTESIAN_POINT('Ctrl Pts',(63.1941692772421,43.6137811267487,199.963968663249));
#1673=CARTESIAN_POINT('Ctrl Pts',(63.1255362134578,43.6110290316599,199.994006767295));
#1674=CARTESIAN_POINT('Ctrl Pts',(63.0580117463962,43.6048417702118,200.026072567531));
#1675=CARTESIAN_POINT('Ctrl Pts',(62.9919018017748,43.5952748246711,200.06000016691));
#1676=CARTESIAN_POINT('Ctrl Pts',(62.9263754983992,43.5857923394041,200.093628241814));
#1677=CARTESIAN_POINT('Ctrl Pts',(62.8622380343067,43.5729894214517,200.129085862154));
#1678=CARTESIAN_POINT('Ctrl Pts',(62.7998078022206,43.5568806574563,200.16623554841));
#1679=CARTESIAN_POINT('Ctrl Pts',(62.7699429182123,43.5491746734776,200.184006923494));
#1680=CARTESIAN_POINT('Ctrl Pts',(62.7404690957517,43.5407116119931,200.202165822338));
#1681=CARTESIAN_POINT('Ctrl Pts',(62.7114237080368,43.5314899869155,200.220698692551));
#1682=CARTESIAN_POINT('Ctrl Pts',(62.6502709730926,43.5120745947142,200.259718164799));
#1683=CARTESIAN_POINT('Ctrl Pts',(62.5913502778238,43.4894050863386,200.300180180386));
#1684=CARTESIAN_POINT('Ctrl Pts',(62.5349599823399,43.4635451842345,200.341923310659));
#1685=CARTESIAN_POINT('Ctrl Pts',(62.5107189404851,43.4524285379413,200.359867833904));
#1686=CARTESIAN_POINT('Ctrl Pts',(62.48694574822,43.4407218010053,200.378049422029));
#1687=CARTESIAN_POINT('Ctrl Pts',(62.4636654560513,43.4284277364141,200.396456553675));
#1688=CARTESIAN_POINT('Ctrl Pts',(62.4085629265958,43.3993287005704,200.440024714519));
#1689=CARTESIAN_POINT('Ctrl Pts',(62.3562190594717,43.366941979738,200.48485540433));
#1690=CARTESIAN_POINT('Ctrl Pts',(62.3068261997646,43.3314991402944,200.53069884399));
#1691=CARTESIAN_POINT('Ctrl Pts',(62.2574333400575,43.2960563008508,200.576542283651));
#1692=CARTESIAN_POINT('Ctrl Pts',(62.2109908898852,43.2575567502372,200.623399207419));
#1693=CARTESIAN_POINT('Ctrl Pts',(62.1677346454597,43.216197432751,200.671029442725));
#1694=CARTESIAN_POINT('Ctrl Pts',(62.1255069958422,43.1758216028467,200.717527073631));
#1695=CARTESIAN_POINT('Ctrl Pts',(62.08653695053,43.132931511757,200.764517883523));
#1696=CARTESIAN_POINT('Ctrl Pts',(62.0509856515238,43.0877607820794,200.811768413492));
#1697=CARTESIAN_POINT('Ctrl Pts',(62.0153476611809,43.0424799042203,200.859134163205));
#1698=CARTESIAN_POINT('Ctrl Pts',(61.9831445882291,42.9949067101968,200.906761561066));
#1699=CARTESIAN_POINT('Ctrl Pts',(61.9545784897488,42.9452444528269,200.954423671129));
#1700=CARTESIAN_POINT('Ctrl Pts',(61.9478466408097,42.9335411110204,200.96565566087));
#1701=CARTESIAN_POINT('Ctrl Pts',(61.9413169642899,42.9217216333048,200.976889589575));
#1702=CARTESIAN_POINT('Ctrl Pts',(61.9349924742702,42.9097884713329,200.988122492006));
#1703=CARTESIAN_POINT('Ctrl Pts',(61.9079720902169,42.8588059227874,201.036113292332));
#1704=CARTESIAN_POINT('Ctrl Pts',(61.8846930555701,42.8057496513504,201.084086004265));
#1705=CARTESIAN_POINT('Ctrl Pts',(61.8652311496193,42.7508758216578,201.131823157121));
#1706=CARTESIAN_POINT('Ctrl Pts',(61.8459103342543,42.6963998040187,201.179214235811));
#1707=CARTESIAN_POINT('Ctrl Pts',(61.8304486089893,42.6404065966226,201.226134456183));
#1708=CARTESIAN_POINT('Ctrl Pts',(61.8188538444713,42.5831773948857,201.272379257485));
#1709=CARTESIAN_POINT('Ctrl Pts',(61.8072184844517,42.5257478227018,201.318785970735));
#1710=CARTESIAN_POINT('Ctrl Pts',(61.7994770655,42.467072880653,201.364513158126));
#1711=CARTESIAN_POINT('Ctrl Pts',(61.795685307232,42.4074158952348,201.409349036191));
#1712=CARTESIAN_POINT('Ctrl Pts',(61.7919482838104,42.3486200712347,201.453537698711));
#1713=CARTESIAN_POINT('Ctrl Pts',(61.7920476953163,42.2888696520159,201.496861168131));
#1714=CARTESIAN_POINT('Ctrl Pts',(61.7960842061437,42.2284070294793,201.539102914484));
#1715=CARTESIAN_POINT('Ctrl Pts',(61.7971136308419,42.2129873465861,201.54987575738));
#1716=CARTESIAN_POINT('Ctrl Pts',(61.79839936637,42.1975213222006,201.560578150613));
#1717=CARTESIAN_POINT('Ctrl Pts',(61.7999435886701,42.1820129572914,201.571206287715));
#1718=CARTESIAN_POINT('Ctrl Pts',(61.8001231653895,42.1802094984932,201.57244222764));
#1719=CARTESIAN_POINT('Ctrl Pts',(61.8003062249216,42.178405601086,201.57367707253));
#1720=CARTESIAN_POINT('Ctrl Pts',(61.8004927693569,42.1766012716337,201.574910816868));
#1721=CARTESIAN_POINT('',(61.8004927693565,8.35960689125329,213.883290183673));
#1722=CARTESIAN_POINT('Ctrl Pts',(61.8004927693569,42.1766012716337,201.574910816868));
#1723=CARTESIAN_POINT('Ctrl Pts',(62.5814143265039,43.6995976274474,203.436144080238));
#1724=CARTESIAN_POINT('Ctrl Pts',(63.496253474002,45.2434926306659,206.356413730376));
#1725=CARTESIAN_POINT('Ctrl Pts',(64.7710154508933,46.6304584959247,212.8365250076));
#1726=CARTESIAN_POINT('Ctrl Pts',(65.3142048218304,45.5481956282622,220.662021147279));
#1727=CARTESIAN_POINT('Ctrl Pts',(65.0698236340721,39.8711665940778,227.559952527359));
#1728=CARTESIAN_POINT('Ctrl Pts',(65.012969887853,33.6624915721991,230.793616928635));
#1729=CARTESIAN_POINT('Ctrl Pts',(65.0708962524119,26.828380439656,232.305612638438));
#1730=CARTESIAN_POINT('Ctrl Pts',(65.3167719723229,18.0419275138717,230.676015147735));
#1731=CARTESIAN_POINT('Ctrl Pts',(64.7693386102157,12.1882155016265,225.371747822553));
#1732=CARTESIAN_POINT('Ctrl Pts',(63.4948694839808,9.08483499369654,219.516650307646));
#1733=CARTESIAN_POINT('Ctrl Pts',(62.5814163351261,8.38930175280086,216.288046954843));
#1734=CARTESIAN_POINT('Ctrl Pts',(61.8004927693565,8.35960689125334,213.883290183673));
#1735=CARTESIAN_POINT('',(63.4011472820218,6.17120952057072,213.508059902228));
#1736=CARTESIAN_POINT('Ctrl Pts',(61.8004927693565,8.35960689125328,213.883290183673));
#1737=CARTESIAN_POINT('Ctrl Pts',(61.8003062249558,8.35743165953233,213.883504881255));
#1738=CARTESIAN_POINT('Ctrl Pts',(61.8001231654586,8.35525605133919,213.883718458067));
#1739=CARTESIAN_POINT('Ctrl Pts',(61.799943588767,8.35308007528407,213.883930914081));
#1740=CARTESIAN_POINT('Ctrl Pts',(61.7938639251355,8.27941125800409,213.891123724529));
#1741=CARTESIAN_POINT('Ctrl Pts',(61.7917870127078,8.20550634389113,213.897014320286));
#1742=CARTESIAN_POINT('Ctrl Pts',(61.793598588344,8.13169668639932,213.901617230135));
#1743=CARTESIAN_POINT('Ctrl Pts',(61.795428197947,8.05715226471157,213.906265961269));
#1744=CARTESIAN_POINT('Ctrl Pts',(61.8012241645545,7.98270407654969,213.909601239353));
#1745=CARTESIAN_POINT('Ctrl Pts',(61.8109187518026,7.90868843942866,213.911620378057));
#1746=CARTESIAN_POINT('Ctrl Pts',(61.8205603915928,7.83507704229592,213.913628489137));
#1747=CARTESIAN_POINT('Ctrl Pts',(61.8340583477558,7.76189255841015,213.914334760584));
#1748=CARTESIAN_POINT('Ctrl Pts',(61.8513932601193,7.68947478678183,213.913719538524));
#1749=CARTESIAN_POINT('Ctrl Pts',(61.8557619034739,7.6712244829936,213.913564493854));
#1750=CARTESIAN_POINT('Ctrl Pts',(61.8603744650511,7.65302295747034,213.913325436387));
#1751=CARTESIAN_POINT('Ctrl Pts',(61.8652310942103,7.63487584733325,213.913001883746));
#1752=CARTESIAN_POINT('Ctrl Pts',(61.8846929895397,7.56215521200387,213.911705316223));
#1753=CARTESIAN_POINT('Ctrl Pts',(61.9079720123844,7.49067549335349,213.909059995631));
#1754=CARTESIAN_POINT('Ctrl Pts',(61.9349923838139,7.42077271214017,213.905067854901));
#1755=CARTESIAN_POINT('Ctrl Pts',(61.9618136751025,7.35138495921102,213.901105127384));
#1756=CARTESIAN_POINT('Ctrl Pts',(61.9923216118862,7.28355006695447,213.895815288639));
#1757=CARTESIAN_POINT('Ctrl Pts',(62.0263040157128,7.21756386883569,213.889245166264));
#1758=CARTESIAN_POINT('Ctrl Pts',(62.0602507838682,7.15164686718891,213.882681933652));
#1759=CARTESIAN_POINT('Ctrl Pts',(62.0976652518939,7.08757384583709,213.874840945846));
#1760=CARTESIAN_POINT('Ctrl Pts',(62.1383772428855,7.0256664386384,213.865754100415));
#1761=CARTESIAN_POINT('Ctrl Pts',(62.1479800114152,7.01106429103721,213.863610779217));
#1762=CARTESIAN_POINT('Ctrl Pts',(62.1577663996477,6.99658277612903,213.861398085689));
#1763=CARTESIAN_POINT('Ctrl Pts',(62.1677344622689,6.98222641096905,213.859116332721));
#1764=CARTESIAN_POINT('Ctrl Pts',(62.210990691929,6.91992722084112,213.849214706478));
#1765=CARTESIAN_POINT('Ctrl Pts',(62.2574331274223,6.86031581432241,213.838067248477));
#1766=CARTESIAN_POINT('Ctrl Pts',(62.306825972909,6.80369743921338,213.825731348189));
#1767=CARTESIAN_POINT('Ctrl Pts',(62.3562188183957,6.74707906410435,213.8133954479));
#1768=CARTESIAN_POINT('Ctrl Pts',(62.4085626717585,6.69345279450671,213.799870923738));
#1769=CARTESIAN_POINT('Ctrl Pts',(62.463665188239,6.6431565752333,213.785200269512));
#1770=CARTESIAN_POINT('Ctrl Pts',(62.5178205319434,6.59372491193085,213.770781793321));
#1771=CARTESIAN_POINT('Ctrl Pts',(62.5746413905856,6.54750939205143,213.755255954669));
#1772=CARTESIAN_POINT('Ctrl Pts',(62.6338198237711,6.5046426329791,213.738708887676));
#1773=CARTESIAN_POINT('Ctrl Pts',(62.6592594481629,6.48621507092666,213.731595634647));
#1774=CARTESIAN_POINT('Ctrl Pts',(62.6851350639107,6.4684069135011,213.724293549055));
#1775=CARTESIAN_POINT('Ctrl Pts',(62.7114233909696,6.4512313723189,213.716809046476));
#1776=CARTESIAN_POINT('Ctrl Pts',(62.7722830599751,6.41146856242245,213.699481798963));
#1777=CARTESIAN_POINT('Ctrl Pts',(62.8350215688361,6.37530976259633,213.681272282998));
#1778=CARTESIAN_POINT('Ctrl Pts',(62.8993039647144,6.34283522252563,213.662281865252));
#1779=CARTESIAN_POINT('Ctrl Pts',(62.9640323688806,6.31013536549496,213.643159686959));
#1780=CARTESIAN_POINT('Ctrl Pts',(63.0303270034447,6.28117066235641,213.623245463514));
#1781=CARTESIAN_POINT('Ctrl Pts',(63.097873219183,6.25606749215755,213.602633575095));
#1782=CARTESIAN_POINT('Ctrl Pts',(63.164596463031,6.23127017482108,213.582272818507));
#1783=CARTESIAN_POINT('Ctrl Pts',(63.2325418386926,6.21024059717794,213.561231016415));
#1784=CARTESIAN_POINT('Ctrl Pts',(63.3014197910356,6.19314862161049,213.539594393644));
#1785=CARTESIAN_POINT('Ctrl Pts',(63.3344661355177,6.18494821359505,213.529213549481));
#1786=CARTESIAN_POINT('Ctrl Pts',(63.3677272740476,6.17765494125194,213.518695738666));
#1787=CARTESIAN_POINT('Ctrl Pts',(63.4011714916246,6.17129185397424,213.508050372008));
#1788=CARTESIAN_POINT('Ctrl Pts',(63.4011714916246,6.17129185397424,213.508050372008));
#1789=CARTESIAN_POINT('Ctrl Pts',(63.4039014035501,6.17077246215149,213.507181440649));
#1790=CARTESIAN_POINT('Ctrl Pts',(63.4066594199357,6.1702593133716,213.506367606444));
#1791=CARTESIAN_POINT('Ctrl Pts',(63.4094456161057,6.16975256510964,213.505609450481));
#1792=CARTESIAN_POINT('Ctrl Pts',(63.4393011373864,6.1643224975208,213.497485420407));
#1793=CARTESIAN_POINT('Ctrl Pts',(63.4703000428378,6.16001086086845,213.496319433302));
#1794=CARTESIAN_POINT('Ctrl Pts',(63.5013144740931,6.15666105540917,213.500117536562));
#1795=CARTESIAN_POINT('Ctrl Pts',(63.5325330124302,6.15328920476031,213.503940635275));
#1796=CARTESIAN_POINT('Ctrl Pts',(63.5636402369233,6.15090465637854,213.512769343403));
#1797=CARTESIAN_POINT('Ctrl Pts',(63.5935366252323,6.14927932947522,213.52449415682));
#1798=CARTESIAN_POINT('Ctrl Pts',(63.6097037700999,6.14840039737039,213.53083461357));
#1799=CARTESIAN_POINT('Ctrl Pts',(63.625517215006,6.14774271182766,213.538021594016));
#1800=CARTESIAN_POINT('Ctrl Pts',(63.6408060528106,6.14726516097146,213.545719102416));
#1801=CARTESIAN_POINT('Ctrl Pts',(63.6768917391844,6.14613801509913,213.563887250808));
#1802=CARTESIAN_POINT('Ctrl Pts',(63.7121775510767,6.14594991078,213.585971419892));
#1803=CARTESIAN_POINT('Ctrl Pts',(63.7456879790542,6.14640962749307,213.609810438183));
#1804=CARTESIAN_POINT('Ctrl Pts',(63.759746996462,6.14660249776247,213.619811897232));
#1805=CARTESIAN_POINT('Ctrl Pts',(63.7734939171326,6.14690891439804,213.630122007977));
#1806=CARTESIAN_POINT('Ctrl Pts',(63.7868583763615,6.14730545250102,213.640580333543));
#1807=CARTESIAN_POINT('Ctrl Pts',(61.8004927693565,8.35960689125325,213.883290183673));
#1808=CARTESIAN_POINT('Ctrl Pts',(60.8201782187811,8.0345902992476,210.969262462752));
#1809=CARTESIAN_POINT('Ctrl Pts',(58.8431210297506,7.73114792339917,206.189094655199));
#1810=CARTESIAN_POINT('Ctrl Pts',(56.0923179218437,9.0147999839373,200.6644224954));
#1811=CARTESIAN_POINT('Ctrl Pts',(54.5723068005038,11.2593934568457,197.389635451056));
#1812=CARTESIAN_POINT('Ctrl Pts',(54.1998007102618,13.0362093323284,196.174314890724));
#1813=CARTESIAN_POINT('Ctrl Pts',(54.1998007102618,14.0343188910901,195.811032720798));
#1814=CARTESIAN_POINT('Ctrl Pts',(61.7599073449568,7.79169566207844,213.964453506144));
#1815=CARTESIAN_POINT('Ctrl Pts',(60.7726135669729,7.50378055386023,211.030594742152));
#1816=CARTESIAN_POINT('Ctrl Pts',(58.7732986328378,7.27129626644907,206.200928477437));
#1817=CARTESIAN_POINT('Ctrl Pts',(55.9827029796368,8.6882795669265,200.589998881183));
#1818=CARTESIAN_POINT('Ctrl Pts',(54.4404781173567,11.0633603476419,197.252455067344));
#1819=CARTESIAN_POINT('Ctrl Pts',(54.0656708938161,12.9256018978206,196.007931363686));
#1820=CARTESIAN_POINT('Ctrl Pts',(54.0689465680839,13.9695187481385,195.632995791261));
#1821=CARTESIAN_POINT('Ctrl Pts',(62.1261614142091,6.75560538903007,213.964028328379));
#1822=CARTESIAN_POINT('Ctrl Pts',(61.0537622293948,6.52757538544441,210.997002719769));
#1823=CARTESIAN_POINT('Ctrl Pts',(58.9005976442871,6.42338703369721,206.098370491665));
#1824=CARTESIAN_POINT('Ctrl Pts',(55.9218075630037,8.08812044875738,200.382522955809));
#1825=CARTESIAN_POINT('Ctrl Pts',(54.2854448879464,10.7022739617595,196.963911894738));
#1826=CARTESIAN_POINT('Ctrl Pts',(53.8918321712447,12.7177360710939,195.67736449377));
#1827=CARTESIAN_POINT('Ctrl Pts',(53.8978760308822,13.8424754762958,195.28394727058));
#1828=CARTESIAN_POINT('Ctrl Pts',(63.0300570037141,6.25332664946136,213.718849912436));
#1829=CARTESIAN_POINT('Ctrl Pts',(61.832570369501,5.97344515784784,210.737964236446));
#1830=CARTESIAN_POINT('Ctrl Pts',(59.4290925702344,5.80846080528517,205.830475631337));
#1831=CARTESIAN_POINT('Ctrl Pts',(56.1111355185335,7.56411316645532,200.088570383584));
#1832=CARTESIAN_POINT('Ctrl Pts',(54.2863442196121,10.3551463134068,196.629816421346));
#1833=CARTESIAN_POINT('Ctrl Pts',(53.8428511003527,12.5068455599963,195.313749641428));
#1834=CARTESIAN_POINT('Ctrl Pts',(53.8454544243433,13.7046489727767,194.905272064359));
#1835=CARTESIAN_POINT('Ctrl Pts',(63.4353095982674,6.17940684431418,213.590953571465));
#1836=CARTESIAN_POINT('Ctrl Pts',(62.1984387328494,5.85492682663181,210.606183960132));
#1837=CARTESIAN_POINT('Ctrl Pts',(59.7039695495227,5.62108465312451,205.700673382612));
#1838=CARTESIAN_POINT('Ctrl Pts',(56.2332588284847,7.36860252532982,199.956368632053));
#1839=CARTESIAN_POINT('Ctrl Pts',(54.3154483971357,10.2148151421925,196.484745767484));
#1840=CARTESIAN_POINT('Ctrl Pts',(53.8454544243433,12.4190422164326,195.157351360124));
#1841=CARTESIAN_POINT('Ctrl Pts',(53.8454544243433,13.645584168562,194.742992848494));
#1842=CARTESIAN_POINT('',(54.1998007102618,14.0343188910901,195.811032720798));
#1843=CARTESIAN_POINT('Ctrl Pts',(61.8004927693565,8.35960689125325,213.883290183673));
#1844=CARTESIAN_POINT('Ctrl Pts',(60.8201782187811,8.0345902992476,210.969262462752));
#1845=CARTESIAN_POINT('Ctrl Pts',(58.8431210297506,7.73114792339917,206.189094655199));
#1846=CARTESIAN_POINT('Ctrl Pts',(56.0923179218437,9.0147999839373,200.6644224954));
#1847=CARTESIAN_POINT('Ctrl Pts',(54.5723068005038,11.2593934568457,197.389635451056));
#1848=CARTESIAN_POINT('Ctrl Pts',(54.1998007102618,13.0362093323284,196.174314890724));
#1849=CARTESIAN_POINT('Ctrl Pts',(54.1998007102618,14.0343188910901,195.811032720798));
#1850=CARTESIAN_POINT('',(53.8454544243433,13.645584168562,194.742992848494));
#1851=CARTESIAN_POINT('Origin',(55.8454544243433,13.645584168562,194.742992848494));
#1852=CARTESIAN_POINT('',(63.2581141518532,6.13465583535112,213.167806650704));
#1853=CARTESIAN_POINT('Ctrl Pts',(53.8454544243433,13.645584168562,194.742992848494));
#1854=CARTESIAN_POINT('Ctrl Pts',(53.8454544243433,12.4190422164326,195.157351360124));
#1855=CARTESIAN_POINT('Ctrl Pts',(54.3154483971357,10.2148151421925,196.484745767484));
#1856=CARTESIAN_POINT('Ctrl Pts',(56.2332588284847,7.36860252532982,199.956368632053));
#1857=CARTESIAN_POINT('Ctrl Pts',(59.6219092587885,5.66240236473529,205.564857016517));
#1858=CARTESIAN_POINT('Ctrl Pts',(62.0565704234434,5.84301802847211,210.327917331843));
#1859=CARTESIAN_POINT('Ctrl Pts',(63.2581141518532,6.13465583535112,213.167806650704));
#1860=CARTESIAN_POINT('Ctrl Pts',(63.4009243315497,6.17045129783705,213.50814766769));
#1861=CARTESIAN_POINT('Ctrl Pts',(63.3536931661011,6.1582395279425,213.39464062863));
#1862=CARTESIAN_POINT('Ctrl Pts',(63.3060876335689,6.14629992342307,213.281193600419));
#1863=CARTESIAN_POINT('Ctrl Pts',(63.2581141518532,6.13465583535113,213.167806650704));
#1864=CARTESIAN_POINT('Origin',(55.8454544243433,19.7348729738453,192.526672975521));
#1865=CARTESIAN_POINT('',(54.1998007102618,26.2128965016566,191.378392974851));
#1866=CARTESIAN_POINT('',(53.8454544243433,25.8241617791285,190.310353102547));
#1867=CARTESIAN_POINT('Origin',(55.8454544243433,25.8241617791285,190.310353102547));
#1868=CARTESIAN_POINT('',(53.8454544243433,19.7348729738453,192.526672975521));
#1869=CARTESIAN_POINT('',(54.1998007102618,20.1236076963734,193.594712847825));
#1870=CARTESIAN_POINT('Ctrl Pts',(54.1998007102618,26.2128965016566,191.378392974851));
#1871=CARTESIAN_POINT('Ctrl Pts',(54.1998007102618,27.2110060604184,191.015110804925));
#1872=CARTESIAN_POINT('Ctrl Pts',(54.5756385621587,29.3533800887037,190.807992986517));
#1873=CARTESIAN_POINT('Ctrl Pts',(55.7080137022796,32.2208717069581,191.598422533468));
#1874=CARTESIAN_POINT('Ctrl Pts',(57.4561752710705,35.5110400167079,193.490796163446));
#1875=CARTESIAN_POINT('Ctrl Pts',(59.6655736438391,38.8471720943412,196.819218748388));
#1876=CARTESIAN_POINT('Ctrl Pts',(61.1469497356399,41.0938520989249,199.947449896208));
#1877=CARTESIAN_POINT('Ctrl Pts',(61.8004927693569,42.1766012716337,201.574910816868));
#1878=CARTESIAN_POINT('Ctrl Pts',(54.0689465680839,26.148096358705,191.200356045314));
#1879=CARTESIAN_POINT('Ctrl Pts',(54.0656708938161,27.1887870013548,190.81655654017));
#1880=CARTESIAN_POINT('Ctrl Pts',(54.4441719788715,29.4151996735132,190.576953270309));
#1881=CARTESIAN_POINT('Ctrl Pts',(55.5926134727699,32.388179517381,191.340392708171));
#1882=CARTESIAN_POINT('Ctrl Pts',(57.3669237431156,35.7946106521148,193.21254520611));
#1883=CARTESIAN_POINT('Ctrl Pts',(59.6051504034205,39.2424125943191,196.530527025647));
#1884=CARTESIAN_POINT('Ctrl Pts',(61.1017114929679,41.5536224287578,199.650349582679));
#1885=CARTESIAN_POINT('Ctrl Pts',(61.7599073449572,42.6638172909738,201.272039227517));
#1886=CARTESIAN_POINT('Ctrl Pts',(53.8978762542927,26.0210530602289,190.851307451458));
#1887=CARTESIAN_POINT('Ctrl Pts',(53.8918323946552,27.135537148045,190.42971397532));
#1888=CARTESIAN_POINT('Ctrl Pts',(54.2890082563424,29.5063978353293,190.123938245979));
#1889=CARTESIAN_POINT('Ctrl Pts',(55.508053755377,32.6557612803633,190.818463015421));
#1890=CARTESIAN_POINT('Ctrl Pts',(57.3978954195725,36.2546642705435,192.62562616911));
#1891=CARTESIAN_POINT('Ctrl Pts',(59.7958621240621,39.8838311588123,195.895057136626));
#1892=CARTESIAN_POINT('Ctrl Pts',(61.411235323124,42.3022391846846,198.992762706053));
#1893=CARTESIAN_POINT('Ctrl Pts',(62.1261681130002,43.4572299725022,200.605728266726));
#1894=CARTESIAN_POINT('Ctrl Pts',(53.8454544243433,25.8832265833432,190.472632318412));
#1895=CARTESIAN_POINT('Ctrl Pts',(53.8428511003527,27.0633615570277,190.015611103889));
#1896=CARTESIAN_POINT('Ctrl Pts',(54.2903041263389,29.5573653297008,189.644992929765));
#1897=CARTESIAN_POINT('Ctrl Pts',(55.6497890268029,32.8280338996029,190.277092162565));
#1898=CARTESIAN_POINT('Ctrl Pts',(57.7553025542307,36.5182997681065,192.040005739065));
#1899=CARTESIAN_POINT('Ctrl Pts',(60.4281375828255,40.166310148504,195.311348902333));
#1900=CARTESIAN_POINT('Ctrl Pts',(62.2317325809059,42.549955566268,198.452787910474));
#1901=CARTESIAN_POINT('Ctrl Pts',(63.0300570037146,43.6844053776253,200.095051418911));
#1902=CARTESIAN_POINT('Ctrl Pts',(53.8454544243433,25.8241617791285,190.310353102547));
#1903=CARTESIAN_POINT('Ctrl Pts',(53.8454544243433,27.0300919430536,189.839364168251));
#1904=CARTESIAN_POINT('Ctrl Pts',(54.3196521079946,29.571615590251,189.443640943816));
#1905=CARTESIAN_POINT('Ctrl Pts',(55.7483790596828,32.8801961831872,190.056545157242));
#1906=CARTESIAN_POINT('Ctrl Pts',(57.9540487717278,36.5850320276965,191.814138917388));
#1907=CARTESIAN_POINT('Ctrl Pts',(60.7416647219098,40.2040046826524,195.108228756403));
#1908=CARTESIAN_POINT('Ctrl Pts',(62.6107290213225,42.5454831773045,198.286203796283));
#1909=CARTESIAN_POINT('Ctrl Pts',(63.4353095982679,43.6588210502946,199.949562402756));
#1910=CARTESIAN_POINT('',(63.2581587721105,43.4209744638033,199.596715991971));
#1911=CARTESIAN_POINT('Ctrl Pts',(63.2581674300801,43.4209823100017,199.596707244247));
#1912=CARTESIAN_POINT('Ctrl Pts',(62.4776819097138,42.3786802240005,198.061438561126));
#1913=CARTESIAN_POINT('Ctrl Pts',(60.6625624590692,40.1013115817084,195.014754631945));
#1914=CARTESIAN_POINT('Ctrl Pts',(57.9540487717278,36.5850320276965,191.814138917388));
#1915=CARTESIAN_POINT('Ctrl Pts',(55.7483790596828,32.8801961831872,190.056545157242));
#1916=CARTESIAN_POINT('Ctrl Pts',(54.3196521079946,29.571615590251,189.443640943816));
#1917=CARTESIAN_POINT('Ctrl Pts',(53.8454544243433,27.0300919430536,189.839364168251));
#1918=CARTESIAN_POINT('Ctrl Pts',(53.8454544243433,25.8241617791285,190.310353102547));
#1919=CARTESIAN_POINT('Ctrl Pts',(54.1998007102618,26.2128965016566,191.378392974851));
#1920=CARTESIAN_POINT('Ctrl Pts',(54.1998007102618,27.2110060604184,191.015110804925));
#1921=CARTESIAN_POINT('Ctrl Pts',(54.5756385621587,29.3533800887037,190.807992986517));
#1922=CARTESIAN_POINT('Ctrl Pts',(55.7080137022796,32.2208717069581,191.598422533468));
#1923=CARTESIAN_POINT('Ctrl Pts',(57.4561752710705,35.5110400167079,193.490796163446));
#1924=CARTESIAN_POINT('Ctrl Pts',(59.6655736438391,38.8471720943412,196.819218748388));
#1925=CARTESIAN_POINT('Ctrl Pts',(61.1469497356399,41.0938520989249,199.947449896208));
#1926=CARTESIAN_POINT('Ctrl Pts',(61.8004927693569,42.1766012716337,201.574910816868));
#1927=CARTESIAN_POINT('Ctrl Pts',(63.2581674300801,43.4209823100017,199.596707244247));
#1928=CARTESIAN_POINT('Ctrl Pts',(63.3061085277556,43.4850054146057,199.691010679704));
#1929=CARTESIAN_POINT('Ctrl Pts',(63.3536961000487,43.5488228632891,199.785570480097));
#1930=CARTESIAN_POINT('Ctrl Pts',(63.4009264867701,43.6124497141715,199.880375252024));
#1931=CARTESIAN_POINT('Origin',(64.8454544243434,-277.243302621536,259.78429439327));
#1932=CARTESIAN_POINT('',(64.847485032802,6.16846184243656,214.096752601574));
#1933=CARTESIAN_POINT('Origin',(64.8454544243434,-277.243302621536,259.78429439327));
#1934=CARTESIAN_POINT('Ctrl Pts',(63.7869001101532,6.14725579535176,213.64056272864));
#1935=CARTESIAN_POINT('Ctrl Pts',(64.1913547890338,6.15915639724266,213.956963051519));
#1936=CARTESIAN_POINT('Ctrl Pts',(64.5258696067397,6.16737429522505,214.097997981172));
#1937=CARTESIAN_POINT('Ctrl Pts',(64.8480593628318,6.16821144893657,214.096929945997));
#1938=CARTESIAN_POINT('Origin',(53.8454544243434,-277.243302621536,259.78429439327));
#1939=CARTESIAN_POINT('Origin',(53.8454544243432,6.61120859954021,156.469701446616));
#1940=CARTESIAN_POINT('Origin',(53.8454544243431,290.465719820616,53.155108499963));
#1941=CARTESIAN_POINT('Origin',(64.8454544243431,290.465719820616,53.155108499963));
#1942=CARTESIAN_POINT('',(64.8454544243433,43.9912455414163,200.330080357702));
#1943=CARTESIAN_POINT('Ctrl Pts',(64.8454544243429,43.9912455414165,200.330080357702));
#1944=CARTESIAN_POINT('Ctrl Pts',(64.5064782559532,43.9912455414165,200.330080357702));
#1945=CARTESIAN_POINT('Ctrl Pts',(64.1958991240201,43.9117828207559,200.219734416951));
#1946=CARTESIAN_POINT('Ctrl Pts',(63.7869001101531,43.7153383342507,199.966898926025));
#1947=CARTESIAN_POINT('Origin',(64.8454544243431,290.465719820616,53.155108499963));
#1948=CARTESIAN_POINT('Origin',(3.26129505892703,32.1562520436808,226.65413148838));
#1949=CARTESIAN_POINT('Origin',(62.8454544243431,-13.9099999999999,100.088144199462));
#1950=CARTESIAN_POINT('',(57.0954544243431,-13.9099999999999,100.088144199462));
#1951=CARTESIAN_POINT('Origin',(74.8454544243434,-277.243302621536,259.78429439327));
#1952=CARTESIAN_POINT('',(74.8454544243433,6.16934713683634,214.096125580409));
#1953=CARTESIAN_POINT('Origin',(74.8454544243434,-277.243302621536,259.78429439327));
#1954=CARTESIAN_POINT('',(74.8454544243433,6.16934713683634,214.096125580409));
#1955=CARTESIAN_POINT('Origin',(74.8454544243431,290.465719820616,53.155108499963));
#1956=CARTESIAN_POINT('',(74.8454544243433,43.9912455414163,200.330080357702));
#1957=CARTESIAN_POINT('',(74.8454544243433,43.9912455414163,200.330080357702));
#1958=CARTESIAN_POINT('Origin',(74.8454544243431,290.465719820616,53.155108499963));
#1959=CARTESIAN_POINT('Origin',(74.8454544243433,27.1324171990803,212.851258693771));
#1960=CARTESIAN_POINT('Origin',(74.8454544243433,27.1324171990803,212.851258693771));
#1961=CARTESIAN_POINT('Origin',(74.8454544243432,6.61120859954021,156.469701446616));
#1962=UNCERTAINTY_MEASURE_WITH_UNIT(LENGTH_MEASURE(0.01),#1966,
'DISTANCE_ACCURACY_VALUE',
'Maximum model space distance between geometric entities at asserted c
onnectivities');
#1963=UNCERTAINTY_MEASURE_WITH_UNIT(LENGTH_MEASURE(0.01),#1966,
'DISTANCE_ACCURACY_VALUE',
'Maximum model space distance between geometric entities at asserted c
onnectivities');
#1964=(
GEOMETRIC_REPRESENTATION_CONTEXT(3)
GLOBAL_UNCERTAINTY_ASSIGNED_CONTEXT((#1962))
GLOBAL_UNIT_ASSIGNED_CONTEXT((#1966,#1968,#1969))
REPRESENTATION_CONTEXT('','3D')
);
#1965=(
GEOMETRIC_REPRESENTATION_CONTEXT(3)
GLOBAL_UNCERTAINTY_ASSIGNED_CONTEXT((#1963))
GLOBAL_UNIT_ASSIGNED_CONTEXT((#1966,#1968,#1969))
REPRESENTATION_CONTEXT('','3D')
);
#1966=(
LENGTH_UNIT()
NAMED_UNIT(*)
SI_UNIT(.MILLI.,.METRE.)
);
#1967=(
LENGTH_UNIT()
NAMED_UNIT(*)
SI_UNIT($,.METRE.)
);
#1968=(
NAMED_UNIT(*)
PLANE_ANGLE_UNIT()
SI_UNIT($,.RADIAN.)
);
#1969=(
NAMED_UNIT(*)
SI_UNIT($,.STERADIAN.)
SOLID_ANGLE_UNIT()
);
#1970=SHAPE_DEFINITION_REPRESENTATION(#1971,#1972);
#1971=PRODUCT_DEFINITION_SHAPE('',$,#1974);
#1972=SHAPE_REPRESENTATION('',(#591),#1964);
#1973=PRODUCT_DEFINITION_CONTEXT('part definition',#1978,'design');
#1974=PRODUCT_DEFINITION('Robot Arm 1','Robot Arm 1 v1',#1975,#1973);
#1975=PRODUCT_DEFINITION_FORMATION('',$,#1980);
#1976=PRODUCT_RELATED_PRODUCT_CATEGORY('Robot Arm 1 v1',
'Robot Arm 1 v1',(#1980));
#1977=APPLICATION_PROTOCOL_DEFINITION('international standard',
'automotive_design',2009,#1978);
#1978=APPLICATION_CONTEXT(
'Core Data for Automotive Mechanical Design Process');
#1979=PRODUCT_CONTEXT('part definition',#1978,'mechanical');
#1980=PRODUCT('Robot Arm 1','Robot Arm 1 v1',$,(#1979));
#1981=PRESENTATION_STYLE_ASSIGNMENT((#1982));
#1982=SURFACE_STYLE_USAGE(.BOTH.,#1983);
#1983=SURFACE_SIDE_STYLE('',(#1984));
#1984=SURFACE_STYLE_FILL_AREA(#1985);
#1985=FILL_AREA_STYLE('Steel - Satin',(#1986));
#1986=FILL_AREA_STYLE_COLOUR('Steel - Satin',#1987);
#1987=COLOUR_RGB('Steel - Satin',0.627450980392157,0.627450980392157,0.627450980392157);
ENDSEC;
END-ISO-10303-21;
