ISO-10303-21;
HEADER;
/* Generated by software containing ST-Developer
 * from STEP Tools, Inc. (www.steptools.com) 
 */

FILE_DESCRIPTION(
/* description */ (''),
/* implementation_level */ '2;1');

FILE_NAME(
/* name */ '50ab7f01-2b33-4669-be66-23f4bb6eecf4.stp',
/* time_stamp */ '2026-08-07T02:21:09Z',
/* author */ (''),
/* organization */ (''),
/* preprocessor_version */ 'ST-DEVELOPER v20.2',
/* originating_system */ 'Autodesk Translation Framework v15.15.0.0',
/* authorisation */ '');

FILE_SCHEMA (('AUTOMOTIVE_DESIGN { 1 0 10303 214 3 1 1 }'));
ENDSEC;

DATA;
#10=MECHANICAL_DESIGN_GEOMETRIC_PRESENTATION_REPRESENTATION('',(#13),#3036);
#11=SHAPE_REPRESENTATION_RELATIONSHIP('SRR','None',#3043,#12);
#12=ADVANCED_BREP_SHAPE_REPRESENTATION('',(#14),#3035);
#13=STYLED_ITEM('',(#3052),#14);
#14=MANIFOLD_SOLID_BREP('link 2 ',#1431);
#15=B_SPLINE_SURFACE_WITH_KNOTS('',3,3,((#2417,#2418,#2419,#2420,#2421,
#2422,#2423,#2424,#2425,#2426,#2427,#2428,#2429),(#2430,#2431,#2432,#2433,
#2434,#2435,#2436,#2437,#2438,#2439,#2440,#2441,#2442),(#2443,#2444,#2445,
#2446,#2447,#2448,#2449,#2450,#2451,#2452,#2453,#2454,#2455),(#2456,#2457,
#2458,#2459,#2460,#2461,#2462,#2463,#2464,#2465,#2466,#2467,#2468),(#2469,
#2470,#2471,#2472,#2473,#2474,#2475,#2476,#2477,#2478,#2479,#2480,#2481)),
 .UNSPECIFIED.,.F.,.F.,.F.,(4,1,4),(4,1,1,1,1,1,1,1,1,1,4),(0.,0.571428571428571,
1.),(-4.45552102806144,-3.98443588876407,-3.82740750899827,-3.1992939899351,
-2.57118047087193,-2.41415209110614,-1.94306695180876,-1.31495343274559,
-0.686839913682423,-0.52981153391663,-0.0587263946192521),.UNSPECIFIED.);
#16=B_SPLINE_SURFACE_WITH_KNOTS('',3,3,((#2707,#2708,#2709,#2710),(#2711,
#2712,#2713,#2714),(#2715,#2716,#2717,#2718),(#2719,#2720,#2721,#2722),
(#2723,#2724,#2725,#2726)),.UNSPECIFIED.,.F.,.F.,.F.,(4,1,4),(4,4),(0.,
0.571428571428571,1.),(-3.64027797808299,-3.58156281968314),
 .UNSPECIFIED.);
#17=B_SPLINE_SURFACE_WITH_KNOTS('',3,3,((#2733,#2734,#2735,#2736),(#2737,
#2738,#2739,#2740),(#2741,#2742,#2743,#2744),(#2745,#2746,#2747,#2748),
(#2749,#2750,#2751,#2752)),.UNSPECIFIED.,.F.,.F.,.F.,(4,1,4),(4,4),(0.,
0.571428571428571,1.),(-0.058715158401051,7.50837814696237E-15),
 .UNSPECIFIED.);
#18=B_SPLINE_SURFACE_WITH_KNOTS('',3,3,((#2759,#2760,#2761,#2762),(#2763,
#2764,#2765,#2766),(#2767,#2768,#2769,#2770),(#2771,#2772,#2773,#2774),
(#2775,#2776,#2777,#2778)),.UNSPECIFIED.,.F.,.F.,.F.,(4,1,4),(4,4),(0.,
0.571428571428571,1.),(-0.757581819560419,0.),.UNSPECIFIED.);
#19=B_SPLINE_SURFACE_WITH_KNOTS('',3,3,((#2785,#2786,#2787,#2788),(#2789,
#2790,#2791,#2792),(#2793,#2794,#2795,#2796),(#2797,#2798,#2799,#2800),
(#2801,#2802,#2803,#2804)),.UNSPECIFIED.,.F.,.F.,.F.,(4,1,4),(4,4),(0.,
0.571428571428571,1.),(-1.32478839615661,-0.568655331980435),
 .UNSPECIFIED.);
#20=B_SPLINE_SURFACE_WITH_KNOTS('',3,3,((#2811,#2812,#2813,#2814,#2815,
#2816,#2817,#2818,#2819,#2820),(#2821,#2822,#2823,#2824,#2825,#2826,#2827,
#2828,#2829,#2830),(#2831,#2832,#2833,#2834,#2835,#2836,#2837,#2838,#2839,
#2840),(#2841,#2842,#2843,#2844,#2845,#2846,#2847,#2848,#2849,#2850),(#2851,
#2852,#2853,#2854,#2855,#2856,#2857,#2858,#2859,#2860)),.UNSPECIFIED.,.F.,
 .F.,.F.,(4,1,4),(4,1,1,1,1,1,1,4),(0.,0.571428571428571,1.),(-1.31369761893745,
-1.30378712907029,-1.29387663920314,-1.27405565946882,-1.23441370000018,
-1.15512978106292,-1.07584586212565,-0.758710186376578),.UNSPECIFIED.);
#21=B_SPLINE_SURFACE_WITH_KNOTS('',3,3,((#2885,#2886,#2887,#2888,#2889,
#2890,#2891,#2892,#2893,#2894,#2895),(#2896,#2897,#2898,#2899,#2900,#2901,
#2902,#2903,#2904,#2905,#2906),(#2907,#2908,#2909,#2910,#2911,#2912,#2913,
#2914,#2915,#2916,#2917),(#2918,#2919,#2920,#2921,#2922,#2923,#2924,#2925,
#2926,#2927,#2928),(#2929,#2930,#2931,#2932,#2933,#2934,#2935,#2936,#2937,
#2938,#2939)),.UNSPECIFIED.,.F.,.F.,.F.,(4,1,4),(4,1,1,1,1,1,1,1,4),(0.,
0.571428571428571,1.),(-1.88014911826544,-1.72158128039091,-1.56301344251638,
-1.48372952357911,-1.40444560464185,-1.36480364517322,-1.3449826654389,
-1.33507217557174,-1.32516168570458),.UNSPECIFIED.);
#22=TOROIDAL_SURFACE('',#1493,12.,6.);
#23=TOROIDAL_SURFACE('',#1497,12.,6.);
#24=TOROIDAL_SURFACE('',#1526,13.,6.);
#25=TOROIDAL_SURFACE('',#1535,12.,6.);
#26=TOROIDAL_SURFACE('',#1538,12.,6.);
#27=SPHERICAL_SURFACE('',#1479,6.);
#28=SPHERICAL_SURFACE('',#1542,6.);
#29=B_SPLINE_CURVE_WITH_KNOTS('',3,(#2037,#2038,#2039,#2040),
 .UNSPECIFIED.,.F.,.F.,(4,4),(7.74767383510521,7.828315519924),
 .UNSPECIFIED.);
#30=B_SPLINE_CURVE_WITH_KNOTS('',3,(#2042,#2043,#2044,#2045,#2046,#2047,
#2048,#2049,#2050,#2051,#2052,#2053),.UNSPECIFIED.,.F.,.F.,(4,2,2,2,2,4),
(3.05973774670238,3.06181514495117,3.20738866182667,3.35296217870217,3.56080873138847,
3.68036560018659),.UNSPECIFIED.);
#31=B_SPLINE_CURVE_WITH_KNOTS('',3,(#2111,#2112,#2113,#2114,#2115,#2116,
#2117,#2118,#2119,#2120,#2121,#2122),.UNSPECIFIED.,.F.,.F.,(4,2,2,2,2,4),
(4.45425086965066,4.57380773844879,4.78165429113508,4.92722780801058,5.07280132488608,
5.07487872313488),.UNSPECIFIED.);
#32=B_SPLINE_CURVE_WITH_KNOTS('',3,(#2124,#2125,#2126,#2127),
 .UNSPECIFIED.,.F.,.F.,(4,4),(4.37360918483188,4.45425086965066),
 .UNSPECIFIED.);
#33=B_SPLINE_CURVE_WITH_KNOTS('',3,(#2149,#2150,#2151,#2152,#2153,#2154,
#2155,#2156,#2157,#2158,#2159),.UNSPECIFIED.,.F.,.F.,(4,1,1,1,1,1,1,1,4),
(1.32537781113536,1.33507217557174,1.3449826654389,1.36480364517322,1.40444560464185,
1.48372952357911,1.56301344251638,1.72158128039091,1.88014911826544),
 .UNSPECIFIED.);
#34=B_SPLINE_CURVE_WITH_KNOTS('',3,(#2175,#2176,#2177,#2178),
 .UNSPECIFIED.,.F.,.F.,(4,4),(-7.50837814696237E-15,0.058715158401051),
 .UNSPECIFIED.);
#35=B_SPLINE_CURVE_WITH_KNOTS('',3,(#2179,#2180,#2181,#2182),
 .UNSPECIFIED.,.F.,.F.,(4,4),(0.568655331980435,1.32478839615661),
 .UNSPECIFIED.);
#36=B_SPLINE_CURVE_WITH_KNOTS('',3,(#2187,#2188,#2189,#2190,#2191,#2192,
#2193,#2194,#2195,#2196),.UNSPECIFIED.,.F.,.F.,(4,2,2,2,4),(0.42624712832049,
0.514211527620955,0.60217592692142,0.676549491055104,0.750923055188788),
 .UNSPECIFIED.);
#37=B_SPLINE_CURVE_WITH_KNOTS('',3,(#2208,#2209,#2210,#2211,#2212,#2213),
 .UNSPECIFIED.,.F.,.F.,(4,2,4),(3.11017485402182,3.29481552369915,3.40859635934827),
 .UNSPECIFIED.);
#38=B_SPLINE_CURVE_WITH_KNOTS('',3,(#2215,#2216,#2217,#2218),
 .UNSPECIFIED.,.F.,.F.,(4,4),(-2.27773572608035,-2.12958347902239),
 .UNSPECIFIED.);
#39=B_SPLINE_CURVE_WITH_KNOTS('',3,(#2240,#2241,#2242,#2243,#2244,#2245,
#2246,#2247,#2248,#2249),.UNSPECIFIED.,.F.,.F.,(4,2,2,2,4),(0.426247128320488,
0.514211527620952,0.602175926921417,0.676549491055101,0.750923055188786),
 .UNSPECIFIED.);
#40=B_SPLINE_CURVE_WITH_KNOTS('',3,(#2271,#2272,#2273,#2274,#2275,#2276,
#2277,#2278,#2279,#2280,#2281,#2282),.UNSPECIFIED.,.F.,.F.,(4,2,2,2,2,4),
(0.73695893996015,0.78562195769375,0.83428497542735,0.93161101089455,1.12626308182895,
1.52870865322222),.UNSPECIFIED.);
#41=B_SPLINE_CURVE_WITH_KNOTS('',3,(#2292,#2293,#2294,#2295,#2296,#2297,
#2298,#2299,#2300,#2301),.UNSPECIFIED.,.F.,.F.,(4,2,2,2,4),(0.,0.0743735641336842,
0.148747128267368,0.236711527567833,0.324675926868298),.UNSPECIFIED.);
#42=B_SPLINE_CURVE_WITH_KNOTS('',3,(#2306,#2307,#2308,#2309,#2310,#2311,
#2312,#2313,#2314,#2315),.UNSPECIFIED.,.F.,.F.,(4,2,2,2,4),(0.,0.0743735641336841,
0.148747128267368,0.236711527567833,0.324675926868298),.UNSPECIFIED.);
#43=B_SPLINE_CURVE_WITH_KNOTS('',3,(#2319,#2320,#2321,#2322,#2323,#2324),
 .UNSPECIFIED.,.F.,.F.,(4,2,4),(-1.98684600023726,-1.96968815170303,-1.7905702888003),
 .UNSPECIFIED.);
#44=B_SPLINE_CURVE_WITH_KNOTS('',3,(#2326,#2327,#2328,#2329,#2330,#2331,
#2332,#2333,#2334,#2335,#2336,#2337),.UNSPECIFIED.,.F.,.F.,(4,2,2,2,2,4),
(0.158317748306555,0.347824778429314,0.695649556858629,0.814080565578895,
0.873296069939029,0.932511574299162),.UNSPECIFIED.);
#45=B_SPLINE_CURVE_WITH_KNOTS('',3,(#2371,#2372,#2373,#2374,#2375,#2376),
 .UNSPECIFIED.,.F.,.F.,(4,2,4),(3.6830881164865,3.79686895213561,3.98150962181295),
 .UNSPECIFIED.);
#46=B_SPLINE_CURVE_WITH_KNOTS('',3,(#2392,#2393,#2394,#2395),
 .UNSPECIFIED.,.F.,.F.,(4,4),(0.,0.757581819560419),.UNSPECIFIED.);
#47=B_SPLINE_CURVE_WITH_KNOTS('',3,(#2397,#2398,#2399,#2400),
 .UNSPECIFIED.,.F.,.F.,(4,4),(3.58156281968314,3.64027797808299),
 .UNSPECIFIED.);
#48=B_SPLINE_CURVE_WITH_KNOTS('',3,(#2485,#2486,#2487,#2488,#2489,#2490,
#2491,#2492,#2493,#2494,#2495,#2496,#2497,#2498,#2499,#2500,#2501,#2502,
#2503,#2504,#2505,#2506,#2507,#2508,#2509,#2510,#2511,#2512,#2513,#2514,
#2515),.UNSPECIFIED.,.F.,.F.,(4,3,3,3,3,3,3,3,3,3,4),(5.72772613307135,
6.25582565759275,6.43185883243321,7.13599153179509,7.84012423115695,8.36822375567836,
8.54425693051882,9.24838962988069,9.95252232924256,10.128555504083,10.6566550286044),
 .UNSPECIFIED.);
#49=B_SPLINE_CURVE_WITH_KNOTS('',3,(#2517,#2518,#2519,#2520,#2521,#2522,
#2523,#2524,#2525,#2526,#2527,#2528,#2529,#2530,#2531,#2532,#2533,#2534,
#2535,#2536,#2537,#2538,#2539,#2540,#2541,#2542,#2543,#2544,#2545,#2546,
#2547,#2548,#2549,#2550,#2551,#2552,#2553,#2554,#2555,#2556,#2557,#2558,
#2559,#2560,#2561,#2562,#2563,#2564,#2565,#2566,#2567,#2568,#2569,#2570,
#2571,#2572,#2573,#2574,#2575,#2576,#2577,#2578,#2579,#2580,#2581,#2582,
#2583,#2584,#2585,#2586,#2587,#2588,#2589,#2590,#2591,#2592,#2593,#2594,
#2595,#2596,#2597,#2598,#2599,#2600,#2601,#2602,#2603,#2604,#2605,#2606,
#2607,#2608,#2609,#2610,#2611,#2612,#2613,#2614,#2615,#2616,#2617,#2618,
#2619,#2620,#2621,#2622,#2623,#2624,#2625,#2626,#2627,#2628,#2629,#2630,
#2631,#2632,#2633,#2634,#2635,#2636,#2637,#2638,#2639,#2640,#2641,#2642,
#2643,#2644,#2645,#2646,#2647,#2648,#2649,#2650,#2651,#2652,#2653,#2654,
#2655,#2656,#2657,#2658,#2659,#2660,#2661,#2662,#2663,#2664,#2665,#2666,
#2667,#2668,#2669,#2670,#2671,#2672,#2673,#2674,#2675,#2676,#2677,#2678,
#2679,#2680,#2681,#2682,#2683,#2684,#2685,#2686,#2687,#2688,#2689,#2690,
#2691,#2692,#2693,#2694,#2695,#2696,#2697,#2698,#2699,#2700,#2701,#2702,
#2703,#2704,#2705,#2706),.UNSPECIFIED.,.F.,.F.,(4,3,3,3,3,3,3,3,3,3,3,3,
3,3,3,3,3,3,3,3,3,3,3,3,3,3,3,3,3,3,3,3,3,3,3,3,3,3,3,3,3,3,3,3,3,3,3,3,
3,3,3,3,3,3,3,3,3,3,3,3,3,3,3,4),(0.0587263946192537,0.0990514388047436,
0.189406059060076,0.281450557043655,0.373707887669689,0.465097476331092,
0.529731979898386,0.621628197916877,0.645977925073244,0.687097471157149,
0.76519141794385,0.843761763417876,0.922547252117982,1.00112100983212,1.0792967542999,
1.15662628054341,1.18682908852797,1.26145198927986,1.31547428994733,1.38874813844531,
1.46246514432354,1.53651874479131,1.61055585883764,1.68430234187461,1.72225958219811,
1.79583965797926,1.86950965047733,1.94317964297539,2.01627047521689,2.08960356887017,
2.16287925233144,2.23584486534239,2.25711720692004,2.33570222885245,2.41428725078486,
2.49261653598059,2.57094582117633,2.64612981592334,2.72144859705553,2.79197117569304,
2.86535432382585,2.93900238659174,3.01271399930832,3.0862624350217,3.15932482957077,
3.19889627585055,3.2731870801567,3.3273202422228,3.40473142885617,3.4828022586902,
3.56133065301953,3.6400497204426,3.71858300735433,3.79650225710676,3.82722235420388,
3.86859808596676,3.96032959813261,3.98455751579032,4.07562023780183,4.16786392545149,
4.2599558497659,4.35070003675082,4.41526944091655,4.45552102806144),
 .UNSPECIFIED.);
#50=B_SPLINE_CURVE_WITH_KNOTS('',3,(#2729,#2730,#2731,#2732),
 .UNSPECIFIED.,.F.,.F.,(4,4),(10.6566550286044,10.7240718981032),
 .UNSPECIFIED.);
#51=B_SPLINE_CURVE_WITH_KNOTS('',3,(#2755,#2756,#2757,#2758),
 .UNSPECIFIED.,.F.,.F.,(4,4),(5.66019339644438,5.72772613307135),
 .UNSPECIFIED.);
#52=B_SPLINE_CURVE_WITH_KNOTS('',3,(#2781,#2782,#2783,#2784),
 .UNSPECIFIED.,.F.,.F.,(4,4),(0.0505008385585044,0.833715147586648),
 .UNSPECIFIED.);
#53=B_SPLINE_CURVE_WITH_KNOTS('',3,(#2807,#2808,#2809,#2810),
 .UNSPECIFIED.,.F.,.F.,(4,4),(1.35436786093924,2.09409516221298),
 .UNSPECIFIED.);
#54=B_SPLINE_CURVE_WITH_KNOTS('',3,(#2863,#2864,#2865,#2866,#2867,#2868,
#2869,#2870),.UNSPECIFIED.,.F.,.F.,(4,2,2,4),(0.,0.0236352767763877,0.0472443178361773,
0.0472837657586487),.UNSPECIFIED.);
#55=B_SPLINE_CURVE_WITH_KNOTS('',3,(#2871,#2872,#2873,#2874),
 .UNSPECIFIED.,.F.,.F.,(4,4),(0.833715147586648,1.41374088376005),
 .UNSPECIFIED.);
#56=B_SPLINE_CURVE_WITH_KNOTS('',3,(#2875,#2876,#2877,#2878,#2879,#2880,
#2881,#2882,#2883,#2884),.UNSPECIFIED.,.F.,.F.,(4,1,1,1,1,1,1,4),(0.758710186376578,
1.07584586212565,1.15512978106292,1.23441370000018,1.27405565946882,1.29387663920314,
1.30378712907029,1.31348226789155),.UNSPECIFIED.);
#57=B_SPLINE_CURVE_WITH_KNOTS('',3,(#2941,#2942,#2943,#2944,#2945,#2946,
#2947,#2948),.UNSPECIFIED.,.F.,.F.,(4,2,2,4),(-3.94479148219834E-5,0.,0.0236090369649109,
0.0472443096418154),.UNSPECIFIED.);
#58=B_SPLINE_CURVE_WITH_KNOTS('',3,(#2949,#2950,#2951,#2952),
 .UNSPECIFIED.,.F.,.F.,(4,4),(0.806547337817832,1.35436786093924),
 .UNSPECIFIED.);
#59=ELLIPSE('',#1461,132.136293273272,6.);
#60=ELLIPSE('',#1463,8.21156787335862,2.);
#61=ELLIPSE('',#1464,132.136293273272,6.);
#62=ELLIPSE('',#1472,132.136293273272,6.);
#63=ELLIPSE('',#1473,132.136293273272,6.);
#64=ELLIPSE('',#1474,8.21156787335861,2.);
#65=ELLIPSE('',#1489,6.9602043392737,2.);
#66=ELLIPSE('',#1517,20.8806130178211,6.);
#67=ELLIPSE('',#1519,6.9602043392737,2.);
#68=ELLIPSE('',#1522,20.8806130178211,6.);
#69=FACE_BOUND('',#201,.T.);
#70=FACE_BOUND('',#219,.T.);
#71=FACE_BOUND('',#223,.T.);
#72=FACE_BOUND('',#243,.T.);
#73=FACE_BOUND('',#244,.T.);
#74=FACE_BOUND('',#245,.T.);
#75=FACE_BOUND('',#246,.T.);
#76=FACE_BOUND('',#247,.T.);
#77=FACE_BOUND('',#275,.T.);
#78=FACE_BOUND('',#281,.T.);
#79=FACE_BOUND('',#282,.T.);
#80=FACE_BOUND('',#283,.T.);
#81=FACE_BOUND('',#284,.T.);
#82=FACE_BOUND('',#285,.T.);
#83=PLANE('',#1451);
#84=PLANE('',#1452);
#85=PLANE('',#1453);
#86=PLANE('',#1455);
#87=PLANE('',#1456);
#88=PLANE('',#1460);
#89=PLANE('',#1471);
#90=PLANE('',#1488);
#91=PLANE('',#1491);
#92=PLANE('',#1500);
#93=PLANE('',#1503);
#94=PLANE('',#1507);
#95=PLANE('',#1511);
#96=PLANE('',#1514);
#97=PLANE('',#1516);
#98=PLANE('',#1521);
#99=PLANE('',#1544);
#100=PLANE('',#1546);
#101=PLANE('',#1548);
#102=PLANE('',#1549);
#103=PLANE('',#1560);
#104=PLANE('',#1563);
#105=PLANE('',#1564);
#106=PLANE('',#1568);
#107=PLANE('',#1572);
#108=PLANE('',#1573);
#109=PLANE('',#1574);
#110=PLANE('',#1575);
#111=PLANE('',#1578);
#112=PLANE('',#1579);
#113=PLANE('',#1580);
#114=PLANE('',#1581);
#115=PLANE('',#1582);
#116=PLANE('',#1583);
#117=PLANE('',#1586);
#118=PLANE('',#1587);
#119=FACE_OUTER_BOUND('',#197,.T.);
#120=FACE_OUTER_BOUND('',#198,.T.);
#121=FACE_OUTER_BOUND('',#199,.T.);
#122=FACE_OUTER_BOUND('',#200,.T.);
#123=FACE_OUTER_BOUND('',#202,.T.);
#124=FACE_OUTER_BOUND('',#203,.T.);
#125=FACE_OUTER_BOUND('',#204,.T.);
#126=FACE_OUTER_BOUND('',#205,.T.);
#127=FACE_OUTER_BOUND('',#206,.T.);
#128=FACE_OUTER_BOUND('',#207,.T.);
#129=FACE_OUTER_BOUND('',#208,.T.);
#130=FACE_OUTER_BOUND('',#209,.T.);
#131=FACE_OUTER_BOUND('',#210,.T.);
#132=FACE_OUTER_BOUND('',#211,.T.);
#133=FACE_OUTER_BOUND('',#212,.T.);
#134=FACE_OUTER_BOUND('',#213,.T.);
#135=FACE_OUTER_BOUND('',#214,.T.);
#136=FACE_OUTER_BOUND('',#215,.T.);
#137=FACE_OUTER_BOUND('',#216,.T.);
#138=FACE_OUTER_BOUND('',#217,.T.);
#139=FACE_OUTER_BOUND('',#218,.T.);
#140=FACE_OUTER_BOUND('',#220,.T.);
#141=FACE_OUTER_BOUND('',#221,.T.);
#142=FACE_OUTER_BOUND('',#222,.T.);
#143=FACE_OUTER_BOUND('',#224,.T.);
#144=FACE_OUTER_BOUND('',#225,.T.);
#145=FACE_OUTER_BOUND('',#226,.T.);
#146=FACE_OUTER_BOUND('',#227,.T.);
#147=FACE_OUTER_BOUND('',#228,.T.);
#148=FACE_OUTER_BOUND('',#229,.T.);
#149=FACE_OUTER_BOUND('',#230,.T.);
#150=FACE_OUTER_BOUND('',#231,.T.);
#151=FACE_OUTER_BOUND('',#232,.T.);
#152=FACE_OUTER_BOUND('',#233,.T.);
#153=FACE_OUTER_BOUND('',#234,.T.);
#154=FACE_OUTER_BOUND('',#235,.T.);
#155=FACE_OUTER_BOUND('',#236,.T.);
#156=FACE_OUTER_BOUND('',#237,.T.);
#157=FACE_OUTER_BOUND('',#238,.T.);
#158=FACE_OUTER_BOUND('',#239,.T.);
#159=FACE_OUTER_BOUND('',#240,.T.);
#160=FACE_OUTER_BOUND('',#241,.T.);
#161=FACE_OUTER_BOUND('',#242,.T.);
#162=FACE_OUTER_BOUND('',#248,.T.);
#163=FACE_OUTER_BOUND('',#249,.T.);
#164=FACE_OUTER_BOUND('',#250,.T.);
#165=FACE_OUTER_BOUND('',#251,.T.);
#166=FACE_OUTER_BOUND('',#252,.T.);
#167=FACE_OUTER_BOUND('',#253,.T.);
#168=FACE_OUTER_BOUND('',#254,.T.);
#169=FACE_OUTER_BOUND('',#255,.T.);
#170=FACE_OUTER_BOUND('',#256,.T.);
#171=FACE_OUTER_BOUND('',#257,.T.);
#172=FACE_OUTER_BOUND('',#258,.T.);
#173=FACE_OUTER_BOUND('',#259,.T.);
#174=FACE_OUTER_BOUND('',#260,.T.);
#175=FACE_OUTER_BOUND('',#261,.T.);
#176=FACE_OUTER_BOUND('',#262,.T.);
#177=FACE_OUTER_BOUND('',#263,.T.);
#178=FACE_OUTER_BOUND('',#264,.T.);
#179=FACE_OUTER_BOUND('',#265,.T.);
#180=FACE_OUTER_BOUND('',#266,.T.);
#181=FACE_OUTER_BOUND('',#267,.T.);
#182=FACE_OUTER_BOUND('',#268,.T.);
#183=FACE_OUTER_BOUND('',#269,.T.);
#184=FACE_OUTER_BOUND('',#270,.T.);
#185=FACE_OUTER_BOUND('',#271,.T.);
#186=FACE_OUTER_BOUND('',#272,.T.);
#187=FACE_OUTER_BOUND('',#273,.T.);
#188=FACE_OUTER_BOUND('',#274,.T.);
#189=FACE_OUTER_BOUND('',#276,.T.);
#190=FACE_OUTER_BOUND('',#277,.T.);
#191=FACE_OUTER_BOUND('',#278,.T.);
#192=FACE_OUTER_BOUND('',#279,.T.);
#193=FACE_OUTER_BOUND('',#280,.T.);
#194=FACE_OUTER_BOUND('',#286,.T.);
#195=FACE_OUTER_BOUND('',#287,.T.);
#196=FACE_OUTER_BOUND('',#288,.T.);
#197=EDGE_LOOP('',(#907,#908,#909,#910,#911,#912,#913,#914,#915));
#198=EDGE_LOOP('',(#916,#917,#918));
#199=EDGE_LOOP('',(#919,#920,#921));
#200=EDGE_LOOP('',(#922,#923,#924,#925,#926,#927));
#201=EDGE_LOOP('',(#928));
#202=EDGE_LOOP('',(#929,#930,#931,#932));
#203=EDGE_LOOP('',(#933,#934,#935,#936));
#204=EDGE_LOOP('',(#937,#938,#939,#940));
#205=EDGE_LOOP('',(#941,#942,#943,#944,#945,#946,#947,#948,#949,#950,#951,
#952,#953,#954,#955));
#206=EDGE_LOOP('',(#956,#957,#958,#959));
#207=EDGE_LOOP('',(#960,#961,#962,#963));
#208=EDGE_LOOP('',(#964,#965,#966,#967,#968,#969,#970,#971,#972,#973,#974,
#975,#976,#977,#978));
#209=EDGE_LOOP('',(#979,#980,#981,#982));
#210=EDGE_LOOP('',(#983,#984,#985,#986));
#211=EDGE_LOOP('',(#987,#988,#989,#990));
#212=EDGE_LOOP('',(#991,#992,#993,#994,#995,#996,#997));
#213=EDGE_LOOP('',(#998,#999,#1000,#1001,#1002,#1003,#1004));
#214=EDGE_LOOP('',(#1005,#1006,#1007,#1008,#1009));
#215=EDGE_LOOP('',(#1010,#1011,#1012));
#216=EDGE_LOOP('',(#1013,#1014,#1015,#1016));
#217=EDGE_LOOP('',(#1017,#1018,#1019,#1020,#1021,#1022));
#218=EDGE_LOOP('',(#1023,#1024,#1025,#1026,#1027,#1028,#1029,#1030));
#219=EDGE_LOOP('',(#1031));
#220=EDGE_LOOP('',(#1032,#1033,#1034,#1035));
#221=EDGE_LOOP('',(#1036,#1037,#1038,#1039,#1040,#1041));
#222=EDGE_LOOP('',(#1042,#1043,#1044,#1045));
#223=EDGE_LOOP('',(#1046));
#224=EDGE_LOOP('',(#1047,#1048,#1049,#1050));
#225=EDGE_LOOP('',(#1051));
#226=EDGE_LOOP('',(#1052,#1053,#1054,#1055));
#227=EDGE_LOOP('',(#1056));
#228=EDGE_LOOP('',(#1057,#1058,#1059,#1060,#1061));
#229=EDGE_LOOP('',(#1062,#1063,#1064,#1065));
#230=EDGE_LOOP('',(#1066,#1067,#1068,#1069,#1070));
#231=EDGE_LOOP('',(#1071,#1072,#1073,#1074,#1075));
#232=EDGE_LOOP('',(#1076,#1077,#1078,#1079));
#233=EDGE_LOOP('',(#1080,#1081,#1082,#1083));
#234=EDGE_LOOP('',(#1084,#1085,#1086,#1087));
#235=EDGE_LOOP('',(#1088,#1089,#1090,#1091));
#236=EDGE_LOOP('',(#1092,#1093,#1094,#1095,#1096));
#237=EDGE_LOOP('',(#1097,#1098,#1099,#1100,#1101));
#238=EDGE_LOOP('',(#1102,#1103,#1104,#1105));
#239=EDGE_LOOP('',(#1106,#1107,#1108,#1109,#1110,#1111));
#240=EDGE_LOOP('',(#1112,#1113,#1114,#1115));
#241=EDGE_LOOP('',(#1116,#1117,#1118,#1119));
#242=EDGE_LOOP('',(#1120,#1121,#1122,#1123,#1124,#1125));
#243=EDGE_LOOP('',(#1126));
#244=EDGE_LOOP('',(#1127));
#245=EDGE_LOOP('',(#1128));
#246=EDGE_LOOP('',(#1129));
#247=EDGE_LOOP('',(#1130));
#248=EDGE_LOOP('',(#1131,#1132,#1133,#1134,#1135,#1136,#1137));
#249=EDGE_LOOP('',(#1138,#1139,#1140,#1141));
#250=EDGE_LOOP('',(#1142,#1143,#1144,#1145));
#251=EDGE_LOOP('',(#1146,#1147,#1148,#1149,#1150,#1151,#1152,#1153,#1154,
#1155,#1156));
#252=EDGE_LOOP('',(#1157,#1158,#1159,#1160,#1161,#1162));
#253=EDGE_LOOP('',(#1163,#1164,#1165,#1166));
#254=EDGE_LOOP('',(#1167,#1168,#1169,#1170));
#255=EDGE_LOOP('',(#1171,#1172,#1173,#1174));
#256=EDGE_LOOP('',(#1175,#1176,#1177,#1178));
#257=EDGE_LOOP('',(#1179,#1180,#1181,#1182));
#258=EDGE_LOOP('',(#1183,#1184,#1185,#1186));
#259=EDGE_LOOP('',(#1187,#1188,#1189,#1190));
#260=EDGE_LOOP('',(#1191,#1192,#1193,#1194));
#261=EDGE_LOOP('',(#1195,#1196,#1197,#1198,#1199,#1200,#1201));
#262=EDGE_LOOP('',(#1202,#1203,#1204,#1205,#1206,#1207,#1208));
#263=EDGE_LOOP('',(#1209,#1210,#1211,#1212));
#264=EDGE_LOOP('',(#1213,#1214,#1215,#1216,#1217,#1218));
#265=EDGE_LOOP('',(#1219,#1220,#1221,#1222,#1223,#1224));
#266=EDGE_LOOP('',(#1225,#1226,#1227,#1228,#1229,#1230));
#267=EDGE_LOOP('',(#1231,#1232,#1233,#1234,#1235,#1236,#1237,#1238,#1239,
#1240,#1241,#1242));
#268=EDGE_LOOP('',(#1243,#1244,#1245,#1246,#1247,#1248));
#269=EDGE_LOOP('',(#1249,#1250,#1251));
#270=EDGE_LOOP('',(#1252,#1253,#1254,#1255));
#271=EDGE_LOOP('',(#1256,#1257,#1258,#1259));
#272=EDGE_LOOP('',(#1260,#1261,#1262,#1263));
#273=EDGE_LOOP('',(#1264,#1265,#1266,#1267));
#274=EDGE_LOOP('',(#1268,#1269,#1270,#1271));
#275=EDGE_LOOP('',(#1272));
#276=EDGE_LOOP('',(#1273,#1274,#1275,#1276));
#277=EDGE_LOOP('',(#1277,#1278,#1279,#1280));
#278=EDGE_LOOP('',(#1281,#1282,#1283,#1284,#1285,#1286,#1287,#1288,#1289,
#1290,#1291));
#279=EDGE_LOOP('',(#1292,#1293,#1294,#1295,#1296,#1297,#1298));
#280=EDGE_LOOP('',(#1299,#1300,#1301,#1302));
#281=EDGE_LOOP('',(#1303,#1304,#1305,#1306));
#282=EDGE_LOOP('',(#1307));
#283=EDGE_LOOP('',(#1308));
#284=EDGE_LOOP('',(#1309));
#285=EDGE_LOOP('',(#1310));
#286=EDGE_LOOP('',(#1311,#1312,#1313,#1314,#1315,#1316));
#287=EDGE_LOOP('',(#1317,#1318,#1319,#1320));
#288=EDGE_LOOP('',(#1321,#1322,#1323,#1324));
#289=LINE('',#1988,#396);
#290=LINE('',#1992,#397);
#291=LINE('',#1996,#398);
#292=LINE('',#2002,#399);
#293=LINE('',#2003,#400);
#294=LINE('',#2006,#401);
#295=LINE('',#2007,#402);
#296=LINE('',#2010,#403);
#297=LINE('',#2012,#404);
#298=LINE('',#2014,#405);
#299=LINE('',#2016,#406);
#300=LINE('',#2017,#407);
#301=LINE('',#2021,#408);
#302=LINE('',#2023,#409);
#303=LINE('',#2028,#410);
#304=LINE('',#2055,#411);
#305=LINE('',#2057,#412);
#306=LINE('',#2058,#413);
#307=LINE('',#2060,#414);
#308=LINE('',#2062,#415);
#309=LINE('',#2064,#416);
#310=LINE('',#2068,#417);
#311=LINE('',#2071,#418);
#312=LINE('',#2076,#419);
#313=LINE('',#2082,#420);
#314=LINE('',#2089,#421);
#315=LINE('',#2093,#422);
#316=LINE('',#2097,#423);
#317=LINE('',#2099,#424);
#318=LINE('',#2101,#425);
#319=LINE('',#2103,#426);
#320=LINE('',#2105,#427);
#321=LINE('',#2107,#428);
#322=LINE('',#2109,#429);
#323=LINE('',#2133,#430);
#324=LINE('',#2144,#431);
#325=LINE('',#2147,#432);
#326=LINE('',#2161,#433);
#327=LINE('',#2165,#434);
#328=LINE('',#2171,#435);
#329=LINE('',#2173,#436);
#330=LINE('',#2185,#437);
#331=LINE('',#2197,#438);
#332=LINE('',#2224,#439);
#333=LINE('',#2228,#440);
#334=LINE('',#2232,#441);
#335=LINE('',#2237,#442);
#336=LINE('',#2239,#443);
#337=LINE('',#2252,#444);
#338=LINE('',#2254,#445);
#339=LINE('',#2255,#446);
#340=LINE('',#2260,#447);
#341=LINE('',#2265,#448);
#342=LINE('',#2270,#449);
#343=LINE('',#2285,#450);
#344=LINE('',#2287,#451);
#345=LINE('',#2302,#452);
#346=LINE('',#2317,#453);
#347=LINE('',#2338,#454);
#348=LINE('',#2341,#455);
#349=LINE('',#2346,#456);
#350=LINE('',#2349,#457);
#351=LINE('',#2358,#458);
#352=LINE('',#2360,#459);
#353=LINE('',#2364,#460);
#354=LINE('',#2380,#461);
#355=LINE('',#2381,#462);
#356=LINE('',#2385,#463);
#357=LINE('',#2390,#464);
#358=LINE('',#2401,#465);
#359=LINE('',#2403,#466);
#360=LINE('',#2408,#467);
#361=LINE('',#2410,#468);
#362=LINE('',#2411,#469);
#363=LINE('',#2415,#470);
#364=LINE('',#2416,#471);
#365=LINE('',#2956,#472);
#366=LINE('',#2958,#473);
#367=LINE('',#2959,#474);
#368=LINE('',#2962,#475);
#369=LINE('',#2965,#476);
#370=LINE('',#2967,#477);
#371=LINE('',#2970,#478);
#372=LINE('',#2971,#479);
#373=LINE('',#2977,#480);
#374=LINE('',#2978,#481);
#375=LINE('',#2981,#482);
#376=LINE('',#2983,#483);
#377=LINE('',#2984,#484);
#378=LINE('',#2992,#485);
#379=LINE('',#2993,#486);
#380=LINE('',#2995,#487);
#381=LINE('',#2999,#488);
#382=LINE('',#3003,#489);
#383=LINE('',#3005,#490);
#384=LINE('',#3007,#491);
#385=LINE('',#3008,#492);
#386=LINE('',#3011,#493);
#387=LINE('',#3013,#494);
#388=LINE('',#3014,#495);
#389=LINE('',#3017,#496);
#390=LINE('',#3018,#497);
#391=LINE('',#3022,#498);
#392=LINE('',#3023,#499);
#393=LINE('',#3027,#500);
#394=LINE('',#3028,#501);
#395=LINE('',#3031,#502);
#396=VECTOR('',#1594,6.5);
#397=VECTOR('',#1597,10.);
#398=VECTOR('',#1600,10.);
#399=VECTOR('',#1607,10.);
#400=VECTOR('',#1608,10.);
#401=VECTOR('',#1611,10.);
#402=VECTOR('',#1612,10.);
#403=VECTOR('',#1615,10.);
#404=VECTOR('',#1616,10.);
#405=VECTOR('',#1617,10.);
#406=VECTOR('',#1618,10.);
#407=VECTOR('',#1619,10.);
#408=VECTOR('',#1624,10.);
#409=VECTOR('',#1627,10.);
#410=VECTOR('',#1632,1.405);
#411=VECTOR('',#1641,10.);
#412=VECTOR('',#1642,10.);
#413=VECTOR('',#1643,10.);
#414=VECTOR('',#1644,10.);
#415=VECTOR('',#1645,10.);
#416=VECTOR('',#1646,10.);
#417=VECTOR('',#1649,10.);
#418=VECTOR('',#1652,10.);
#419=VECTOR('',#1657,1.405);
#420=VECTOR('',#1664,1.405);
#421=VECTOR('',#1671,10.);
#422=VECTOR('',#1674,10.);
#423=VECTOR('',#1677,10.);
#424=VECTOR('',#1678,10.);
#425=VECTOR('',#1679,10.);
#426=VECTOR('',#1680,10.);
#427=VECTOR('',#1681,10.);
#428=VECTOR('',#1682,10.);
#429=VECTOR('',#1683,10.);
#430=VECTOR('',#1690,1.405);
#431=VECTOR('',#1705,10.);
#432=VECTOR('',#1708,10.);
#433=VECTOR('',#1709,10.);
#434=VECTOR('',#1712,10.);
#435=VECTOR('',#1719,10.);
#436=VECTOR('',#1720,10.);
#437=VECTOR('',#1723,10.);
#438=VECTOR('',#1724,10.);
#439=VECTOR('',#1745,10.);
#440=VECTOR('',#1750,10.);
#441=VECTOR('',#1755,10.);
#442=VECTOR('',#1760,10.);
#443=VECTOR('',#1761,10.);
#444=VECTOR('',#1764,10.);
#445=VECTOR('',#1765,10.);
#446=VECTOR('',#1766,10.);
#447=VECTOR('',#1771,1.1);
#448=VECTOR('',#1778,1.1);
#449=VECTOR('',#1785,10.);
#450=VECTOR('',#1788,10.);
#451=VECTOR('',#1789,10.);
#452=VECTOR('',#1796,10.);
#453=VECTOR('',#1799,10.);
#454=VECTOR('',#1800,10.);
#455=VECTOR('',#1805,10.);
#456=VECTOR('',#1810,10.);
#457=VECTOR('',#1813,10.);
#458=VECTOR('',#1826,10.);
#459=VECTOR('',#1829,10.);
#460=VECTOR('',#1834,10.);
#461=VECTOR('',#1849,10.);
#462=VECTOR('',#1850,10.);
#463=VECTOR('',#1857,10.);
#464=VECTOR('',#1862,10.);
#465=VECTOR('',#1863,10.);
#466=VECTOR('',#1866,10.);
#467=VECTOR('',#1873,10.);
#468=VECTOR('',#1874,10.);
#469=VECTOR('',#1875,10.);
#470=VECTOR('',#1880,10.);
#471=VECTOR('',#1881,10.);
#472=VECTOR('',#1898,10.);
#473=VECTOR('',#1899,10.);
#474=VECTOR('',#1900,10.);
#475=VECTOR('',#1903,10.);
#476=VECTOR('',#1906,10.);
#477=VECTOR('',#1909,10.);
#478=VECTOR('',#1912,10.);
#479=VECTOR('',#1913,10.);
#480=VECTOR('',#1920,10.);
#481=VECTOR('',#1921,10.);
#482=VECTOR('',#1924,10.);
#483=VECTOR('',#1925,10.);
#484=VECTOR('',#1926,10.);
#485=VECTOR('',#1939,10.);
#486=VECTOR('',#1940,10.);
#487=VECTOR('',#1943,10.);
#488=VECTOR('',#1948,8.99999999999999);
#489=VECTOR('',#1951,10.);
#490=VECTOR('',#1952,10.);
#491=VECTOR('',#1953,10.);
#492=VECTOR('',#1954,10.);
#493=VECTOR('',#1957,10.);
#494=VECTOR('',#1958,10.);
#495=VECTOR('',#1959,10.);
#496=VECTOR('',#1962,10.);
#497=VECTOR('',#1963,10.);
#498=VECTOR('',#1968,10.);
#499=VECTOR('',#1969,10.);
#500=VECTOR('',#1974,10.);
#501=VECTOR('',#1975,10.);
#502=VECTOR('',#1980,10.);
#503=CIRCLE('',#1446,6.5);
#504=CIRCLE('',#1447,6.5);
#505=CIRCLE('',#1448,6.5);
#506=CIRCLE('',#1449,6.5);
#507=CIRCLE('',#1450,6.5);
#508=CIRCLE('',#1454,1.1);
#509=CIRCLE('',#1458,1.405);
#510=CIRCLE('',#1459,1.405);
#511=CIRCLE('',#1462,2.63738497043438);
#512=CIRCLE('',#1466,1.405);
#513=CIRCLE('',#1467,1.405);
#514=CIRCLE('',#1469,1.405);
#515=CIRCLE('',#1470,1.405);
#516=CIRCLE('',#1475,2.63738497043439);
#517=CIRCLE('',#1477,1.405);
#518=CIRCLE('',#1478,1.405);
#519=CIRCLE('',#1480,6.);
#520=CIRCLE('',#1481,6.);
#521=CIRCLE('',#1482,6.);
#522=CIRCLE('',#1484,6.);
#523=CIRCLE('',#1486,6.);
#524=CIRCLE('',#1487,6.);
#525=CIRCLE('',#1492,6.);
#526=CIRCLE('',#1494,6.);
#527=CIRCLE('',#1495,6.);
#528=CIRCLE('',#1496,6.);
#529=CIRCLE('',#1498,6.);
#530=CIRCLE('',#1499,6.);
#531=CIRCLE('',#1501,6.);
#532=CIRCLE('',#1502,6.);
#533=CIRCLE('',#1504,6.);
#534=CIRCLE('',#1506,6.);
#535=CIRCLE('',#1508,1.1);
#536=CIRCLE('',#1510,1.1);
#537=CIRCLE('',#1513,1.1);
#538=CIRCLE('',#1524,6.);
#539=CIRCLE('',#1525,6.);
#540=CIRCLE('',#1527,5.99999999999999);
#541=CIRCLE('',#1528,13.);
#542=CIRCLE('',#1529,19.);
#543=CIRCLE('',#1531,6.);
#544=CIRCLE('',#1534,6.);
#545=CIRCLE('',#1536,6.);
#546=CIRCLE('',#1537,6.);
#547=CIRCLE('',#1539,6.);
#548=CIRCLE('',#1541,6.);
#549=CIRCLE('',#1543,6.);
#550=CIRCLE('',#1545,8.99999999999999);
#551=CIRCLE('',#1550,6.);
#552=CIRCLE('',#1552,6.);
#553=CIRCLE('',#1553,5.);
#554=CIRCLE('',#1554,5.);
#555=CIRCLE('',#1555,5.);
#556=CIRCLE('',#1556,5.00000000000001);
#557=CIRCLE('',#1557,5.);
#558=CIRCLE('',#1558,5.);
#559=CIRCLE('',#1562,6.);
#560=CIRCLE('',#1567,6.);
#561=CIRCLE('',#1570,6.);
#562=CIRCLE('',#1571,6.);
#563=CIRCLE('',#1577,8.99999999999999);
#564=CIRCLE('',#1584,16.);
#565=VERTEX_POINT('',#1985);
#566=VERTEX_POINT('',#1987);
#567=VERTEX_POINT('',#1989);
#568=VERTEX_POINT('',#1991);
#569=VERTEX_POINT('',#1993);
#570=VERTEX_POINT('',#1995);
#571=VERTEX_POINT('',#1997);
#572=VERTEX_POINT('',#2001);
#573=VERTEX_POINT('',#2005);
#574=VERTEX_POINT('',#2009);
#575=VERTEX_POINT('',#2011);
#576=VERTEX_POINT('',#2013);
#577=VERTEX_POINT('',#2015);
#578=VERTEX_POINT('',#2018);
#579=VERTEX_POINT('',#2025);
#580=VERTEX_POINT('',#2027);
#581=VERTEX_POINT('',#2031);
#582=VERTEX_POINT('',#2032);
#583=VERTEX_POINT('',#2034);
#584=VERTEX_POINT('',#2036);
#585=VERTEX_POINT('',#2041);
#586=VERTEX_POINT('',#2054);
#587=VERTEX_POINT('',#2056);
#588=VERTEX_POINT('',#2059);
#589=VERTEX_POINT('',#2061);
#590=VERTEX_POINT('',#2063);
#591=VERTEX_POINT('',#2065);
#592=VERTEX_POINT('',#2067);
#593=VERTEX_POINT('',#2069);
#594=VERTEX_POINT('',#2073);
#595=VERTEX_POINT('',#2075);
#596=VERTEX_POINT('',#2079);
#597=VERTEX_POINT('',#2081);
#598=VERTEX_POINT('',#2085);
#599=VERTEX_POINT('',#2086);
#600=VERTEX_POINT('',#2088);
#601=VERTEX_POINT('',#2090);
#602=VERTEX_POINT('',#2092);
#603=VERTEX_POINT('',#2094);
#604=VERTEX_POINT('',#2096);
#605=VERTEX_POINT('',#2098);
#606=VERTEX_POINT('',#2100);
#607=VERTEX_POINT('',#2102);
#608=VERTEX_POINT('',#2104);
#609=VERTEX_POINT('',#2106);
#610=VERTEX_POINT('',#2108);
#611=VERTEX_POINT('',#2110);
#612=VERTEX_POINT('',#2123);
#613=VERTEX_POINT('',#2130);
#614=VERTEX_POINT('',#2132);
#615=VERTEX_POINT('',#2136);
#616=VERTEX_POINT('',#2138);
#617=VERTEX_POINT('',#2142);
#618=VERTEX_POINT('',#2146);
#619=VERTEX_POINT('',#2148);
#620=VERTEX_POINT('',#2160);
#621=VERTEX_POINT('',#2162);
#622=VERTEX_POINT('',#2164);
#623=VERTEX_POINT('',#2168);
#624=VERTEX_POINT('',#2170);
#625=VERTEX_POINT('',#2172);
#626=VERTEX_POINT('',#2174);
#627=VERTEX_POINT('',#2184);
#628=VERTEX_POINT('',#2186);
#629=VERTEX_POINT('',#2201);
#630=VERTEX_POINT('',#2203);
#631=VERTEX_POINT('',#2207);
#632=VERTEX_POINT('',#2214);
#633=VERTEX_POINT('',#2219);
#634=VERTEX_POINT('',#2223);
#635=VERTEX_POINT('',#2226);
#636=VERTEX_POINT('',#2230);
#637=VERTEX_POINT('',#2234);
#638=VERTEX_POINT('',#2236);
#639=VERTEX_POINT('',#2238);
#640=VERTEX_POINT('',#2251);
#641=VERTEX_POINT('',#2253);
#642=VERTEX_POINT('',#2256);
#643=VERTEX_POINT('',#2259);
#644=VERTEX_POINT('',#2264);
#645=VERTEX_POINT('',#2269);
#646=VERTEX_POINT('',#2284);
#647=VERTEX_POINT('',#2286);
#648=VERTEX_POINT('',#2291);
#649=VERTEX_POINT('',#2304);
#650=VERTEX_POINT('',#2305);
#651=VERTEX_POINT('',#2316);
#652=VERTEX_POINT('',#2318);
#653=VERTEX_POINT('',#2325);
#654=VERTEX_POINT('',#2343);
#655=VERTEX_POINT('',#2345);
#656=VERTEX_POINT('',#2347);
#657=VERTEX_POINT('',#2351);
#658=VERTEX_POINT('',#2356);
#659=VERTEX_POINT('',#2362);
#660=VERTEX_POINT('',#2366);
#661=VERTEX_POINT('',#2378);
#662=VERTEX_POINT('',#2386);
#663=VERTEX_POINT('',#2389);
#664=VERTEX_POINT('',#2391);
#665=VERTEX_POINT('',#2396);
#666=VERTEX_POINT('',#2406);
#667=VERTEX_POINT('',#2409);
#668=VERTEX_POINT('',#2414);
#669=VERTEX_POINT('',#2482);
#670=VERTEX_POINT('',#2484);
#671=VERTEX_POINT('',#2727);
#672=VERTEX_POINT('',#2753);
#673=VERTEX_POINT('',#2779);
#674=VERTEX_POINT('',#2805);
#675=VERTEX_POINT('',#2861);
#676=VERTEX_POINT('',#2862);
#677=VERTEX_POINT('',#2940);
#678=VERTEX_POINT('',#2955);
#679=VERTEX_POINT('',#2957);
#680=VERTEX_POINT('',#2961);
#681=VERTEX_POINT('',#2963);
#682=VERTEX_POINT('',#2969);
#683=VERTEX_POINT('',#2974);
#684=VERTEX_POINT('',#2976);
#685=VERTEX_POINT('',#2980);
#686=VERTEX_POINT('',#2982);
#687=VERTEX_POINT('',#2991);
#688=VERTEX_POINT('',#2997);
#689=VERTEX_POINT('',#3001);
#690=VERTEX_POINT('',#3002);
#691=VERTEX_POINT('',#3004);
#692=VERTEX_POINT('',#3006);
#693=VERTEX_POINT('',#3010);
#694=VERTEX_POINT('',#3012);
#695=VERTEX_POINT('',#3016);
#696=VERTEX_POINT('',#3021);
#697=VERTEX_POINT('',#3026);
#698=EDGE_CURVE('',#565,#565,#503,.T.);
#699=EDGE_CURVE('',#565,#566,#289,.T.);
#700=EDGE_CURVE('',#567,#566,#504,.T.);
#701=EDGE_CURVE('',#568,#567,#290,.T.);
#702=EDGE_CURVE('',#569,#568,#505,.T.);
#703=EDGE_CURVE('',#570,#569,#291,.T.);
#704=EDGE_CURVE('',#571,#570,#506,.T.);
#705=EDGE_CURVE('',#566,#571,#507,.T.);
#706=EDGE_CURVE('',#572,#566,#292,.T.);
#707=EDGE_CURVE('',#567,#572,#293,.T.);
#708=EDGE_CURVE('',#573,#570,#294,.T.);
#709=EDGE_CURVE('',#571,#573,#295,.T.);
#710=EDGE_CURVE('',#568,#574,#296,.T.);
#711=EDGE_CURVE('',#574,#575,#297,.T.);
#712=EDGE_CURVE('',#575,#576,#298,.T.);
#713=EDGE_CURVE('',#577,#576,#299,.T.);
#714=EDGE_CURVE('',#577,#569,#300,.T.);
#715=EDGE_CURVE('',#578,#578,#508,.T.);
#716=EDGE_CURVE('',#574,#572,#301,.T.);
#717=EDGE_CURVE('',#577,#573,#302,.T.);
#718=EDGE_CURVE('',#579,#579,#509,.T.);
#719=EDGE_CURVE('',#579,#580,#303,.T.);
#720=EDGE_CURVE('',#580,#580,#510,.T.);
#721=EDGE_CURVE('',#581,#582,#59,.T.);
#722=EDGE_CURVE('',#583,#581,#511,.T.);
#723=EDGE_CURVE('',#584,#583,#29,.T.);
#724=EDGE_CURVE('',#585,#584,#30,.T.);
#725=EDGE_CURVE('',#586,#585,#304,.T.);
#726=EDGE_CURVE('',#587,#586,#305,.T.);
#727=EDGE_CURVE('',#576,#587,#306,.T.);
#728=EDGE_CURVE('',#588,#575,#307,.T.);
#729=EDGE_CURVE('',#589,#588,#308,.T.);
#730=EDGE_CURVE('',#590,#589,#309,.T.);
#731=EDGE_CURVE('',#591,#590,#60,.T.);
#732=EDGE_CURVE('',#592,#591,#310,.T.);
#733=EDGE_CURVE('',#593,#592,#61,.T.);
#734=EDGE_CURVE('',#582,#593,#311,.T.);
#735=EDGE_CURVE('',#594,#594,#512,.T.);
#736=EDGE_CURVE('',#594,#595,#312,.T.);
#737=EDGE_CURVE('',#595,#595,#513,.T.);
#738=EDGE_CURVE('',#596,#596,#514,.T.);
#739=EDGE_CURVE('',#596,#597,#313,.T.);
#740=EDGE_CURVE('',#597,#597,#515,.T.);
#741=EDGE_CURVE('',#598,#599,#62,.T.);
#742=EDGE_CURVE('',#600,#598,#314,.T.);
#743=EDGE_CURVE('',#601,#600,#63,.T.);
#744=EDGE_CURVE('',#602,#601,#315,.T.);
#745=EDGE_CURVE('',#603,#602,#64,.T.);
#746=EDGE_CURVE('',#604,#603,#316,.T.);
#747=EDGE_CURVE('',#605,#604,#317,.T.);
#748=EDGE_CURVE('',#606,#605,#318,.T.);
#749=EDGE_CURVE('',#607,#606,#319,.T.);
#750=EDGE_CURVE('',#608,#607,#320,.T.);
#751=EDGE_CURVE('',#609,#608,#321,.T.);
#752=EDGE_CURVE('',#610,#609,#322,.T.);
#753=EDGE_CURVE('',#611,#610,#31,.T.);
#754=EDGE_CURVE('',#612,#611,#32,.T.);
#755=EDGE_CURVE('',#599,#612,#516,.T.);
#756=EDGE_CURVE('',#613,#613,#517,.T.);
#757=EDGE_CURVE('',#613,#614,#323,.T.);
#758=EDGE_CURVE('',#614,#614,#518,.T.);
#759=EDGE_CURVE('',#581,#615,#519,.T.);
#760=EDGE_CURVE('',#615,#616,#520,.T.);
#761=EDGE_CURVE('',#583,#616,#521,.T.);
#762=EDGE_CURVE('',#582,#617,#522,.T.);
#763=EDGE_CURVE('',#617,#615,#324,.T.);
#764=EDGE_CURVE('',#592,#618,#325,.T.);
#765=EDGE_CURVE('',#619,#618,#33,.T.);
#766=EDGE_CURVE('',#619,#620,#326,.T.);
#767=EDGE_CURVE('',#620,#621,#523,.T.);
#768=EDGE_CURVE('',#621,#622,#327,.T.);
#769=EDGE_CURVE('',#622,#593,#524,.T.);
#770=EDGE_CURVE('',#623,#591,#65,.T.);
#771=EDGE_CURVE('',#624,#623,#328,.T.);
#772=EDGE_CURVE('',#625,#624,#329,.T.);
#773=EDGE_CURVE('',#626,#625,#34,.T.);
#774=EDGE_CURVE('',#618,#626,#35,.T.);
#775=EDGE_CURVE('',#590,#627,#330,.T.);
#776=EDGE_CURVE('',#628,#627,#36,.F.);
#777=EDGE_CURVE('',#628,#623,#331,.T.);
#778=EDGE_CURVE('',#627,#589,#525,.T.);
#779=EDGE_CURVE('',#611,#629,#526,.T.);
#780=EDGE_CURVE('',#629,#630,#527,.T.);
#781=EDGE_CURVE('',#630,#612,#528,.T.);
#782=EDGE_CURVE('',#610,#631,#37,.T.);
#783=EDGE_CURVE('',#631,#632,#38,.F.);
#784=EDGE_CURVE('',#632,#633,#529,.T.);
#785=EDGE_CURVE('',#633,#629,#530,.T.);
#786=EDGE_CURVE('',#634,#622,#332,.T.);
#787=EDGE_CURVE('',#600,#634,#531,.T.);
#788=EDGE_CURVE('',#635,#598,#532,.T.);
#789=EDGE_CURVE('',#617,#635,#333,.T.);
#790=EDGE_CURVE('',#636,#609,#533,.T.);
#791=EDGE_CURVE('',#631,#636,#334,.T.);
#792=EDGE_CURVE('',#608,#637,#534,.F.);
#793=EDGE_CURVE('',#637,#638,#335,.T.);
#794=EDGE_CURVE('',#639,#638,#336,.T.);
#795=EDGE_CURVE('',#639,#636,#39,.F.);
#796=EDGE_CURVE('',#606,#640,#337,.T.);
#797=EDGE_CURVE('',#640,#641,#338,.T.);
#798=EDGE_CURVE('',#607,#641,#339,.T.);
#799=EDGE_CURVE('',#642,#642,#535,.T.);
#800=EDGE_CURVE('',#578,#643,#340,.T.);
#801=EDGE_CURVE('',#643,#643,#536,.T.);
#802=EDGE_CURVE('',#642,#644,#341,.T.);
#803=EDGE_CURVE('',#644,#644,#537,.T.);
#804=EDGE_CURVE('',#639,#645,#342,.T.);
#805=EDGE_CURVE('',#645,#632,#40,.T.);
#806=EDGE_CURVE('',#646,#639,#343,.T.);
#807=EDGE_CURVE('',#647,#646,#344,.T.);
#808=EDGE_CURVE('',#645,#647,#66,.T.);
#809=EDGE_CURVE('',#602,#647,#67,.T.);
#810=EDGE_CURVE('',#646,#648,#41,.T.);
#811=EDGE_CURVE('',#648,#603,#345,.T.);
#812=EDGE_CURVE('',#649,#650,#42,.T.);
#813=EDGE_CURVE('',#650,#651,#346,.T.);
#814=EDGE_CURVE('',#651,#652,#43,.T.);
#815=EDGE_CURVE('',#653,#652,#44,.F.);
#816=EDGE_CURVE('',#653,#649,#347,.T.);
#817=EDGE_CURVE('',#623,#653,#68,.T.);
#818=EDGE_CURVE('',#649,#628,#348,.T.);
#819=EDGE_CURVE('',#654,#647,#538,.T.);
#820=EDGE_CURVE('',#647,#655,#349,.T.);
#821=EDGE_CURVE('',#655,#656,#539,.T.);
#822=EDGE_CURVE('',#656,#654,#350,.T.);
#823=EDGE_CURVE('',#624,#657,#540,.T.);
#824=EDGE_CURVE('',#657,#656,#541,.T.);
#825=EDGE_CURVE('',#655,#624,#542,.T.);
#826=EDGE_CURVE('',#623,#658,#543,.T.);
#827=EDGE_CURVE('',#658,#657,#351,.T.);
#828=EDGE_CURVE('',#654,#633,#352,.T.);
#829=EDGE_CURVE('',#652,#659,#544,.T.);
#830=EDGE_CURVE('',#659,#658,#353,.T.);
#831=EDGE_CURVE('',#616,#660,#545,.T.);
#832=EDGE_CURVE('',#660,#584,#546,.T.);
#833=EDGE_CURVE('',#660,#659,#547,.T.);
#834=EDGE_CURVE('',#651,#585,#45,.T.);
#835=EDGE_CURVE('',#661,#630,#548,.T.);
#836=EDGE_CURVE('',#630,#616,#354,.T.);
#837=EDGE_CURVE('',#615,#661,#355,.T.);
#838=EDGE_CURVE('',#661,#599,#549,.T.);
#839=EDGE_CURVE('',#633,#659,#356,.T.);
#840=EDGE_CURVE('',#662,#662,#550,.T.);
#841=EDGE_CURVE('',#663,#601,#357,.T.);
#842=EDGE_CURVE('',#664,#663,#46,.T.);
#843=EDGE_CURVE('',#665,#664,#47,.T.);
#844=EDGE_CURVE('',#655,#665,#358,.T.);
#845=EDGE_CURVE('',#661,#635,#359,.T.);
#846=EDGE_CURVE('',#666,#587,#551,.F.);
#847=EDGE_CURVE('',#637,#666,#360,.T.);
#848=EDGE_CURVE('',#641,#667,#361,.T.);
#849=EDGE_CURVE('',#667,#571,#362,.T.);
#850=EDGE_CURVE('',#586,#650,#552,.T.);
#851=EDGE_CURVE('',#668,#649,#363,.T.);
#852=EDGE_CURVE('',#668,#666,#364,.T.);
#853=EDGE_CURVE('',#665,#669,#553,.T.);
#854=EDGE_CURVE('',#670,#669,#48,.T.);
#855=EDGE_CURVE('',#670,#625,#554,.T.);
#856=EDGE_CURVE('',#625,#665,#49,.T.);
#857=EDGE_CURVE('',#664,#671,#555,.T.);
#858=EDGE_CURVE('',#669,#671,#50,.T.);
#859=EDGE_CURVE('',#672,#626,#556,.T.);
#860=EDGE_CURVE('',#672,#670,#51,.T.);
#861=EDGE_CURVE('',#663,#673,#557,.T.);
#862=EDGE_CURVE('',#671,#673,#52,.T.);
#863=EDGE_CURVE('',#674,#618,#558,.T.);
#864=EDGE_CURVE('',#674,#672,#53,.T.);
#865=EDGE_CURVE('',#675,#676,#54,.T.);
#866=EDGE_CURVE('',#673,#676,#55,.T.);
#867=EDGE_CURVE('',#663,#675,#56,.T.);
#868=EDGE_CURVE('',#677,#619,#57,.T.);
#869=EDGE_CURVE('',#677,#674,#58,.T.);
#870=EDGE_CURVE('',#678,#672,#365,.T.);
#871=EDGE_CURVE('',#679,#678,#366,.T.);
#872=EDGE_CURVE('',#679,#620,#367,.T.);
#873=EDGE_CURVE('',#634,#680,#368,.T.);
#874=EDGE_CURVE('',#680,#681,#559,.T.);
#875=EDGE_CURVE('',#681,#675,#369,.T.);
#876=EDGE_CURVE('',#621,#680,#370,.T.);
#877=EDGE_CURVE('',#682,#679,#371,.T.);
#878=EDGE_CURVE('',#681,#682,#372,.T.);
#879=EDGE_CURVE('',#588,#683,#560,.F.);
#880=EDGE_CURVE('',#683,#684,#373,.T.);
#881=EDGE_CURVE('',#628,#684,#374,.T.);
#882=EDGE_CURVE('',#685,#683,#375,.T.);
#883=EDGE_CURVE('',#686,#685,#376,.T.);
#884=EDGE_CURVE('',#686,#646,#377,.T.);
#885=EDGE_CURVE('',#604,#648,#561,.T.);
#886=EDGE_CURVE('',#685,#605,#562,.F.);
#887=EDGE_CURVE('',#640,#687,#378,.T.);
#888=EDGE_CURVE('',#687,#667,#379,.T.);
#889=EDGE_CURVE('',#566,#687,#380,.T.);
#890=EDGE_CURVE('',#688,#688,#563,.T.);
#891=EDGE_CURVE('',#688,#662,#381,.T.);
#892=EDGE_CURVE('',#689,#690,#382,.T.);
#893=EDGE_CURVE('',#691,#689,#383,.T.);
#894=EDGE_CURVE('',#692,#691,#384,.T.);
#895=EDGE_CURVE('',#690,#692,#385,.T.);
#896=EDGE_CURVE('',#693,#689,#386,.T.);
#897=EDGE_CURVE('',#693,#694,#387,.T.);
#898=EDGE_CURVE('',#694,#691,#388,.T.);
#899=EDGE_CURVE('',#695,#690,#389,.T.);
#900=EDGE_CURVE('',#695,#693,#390,.T.);
#901=EDGE_CURVE('',#696,#682,#391,.T.);
#902=EDGE_CURVE('',#696,#671,#392,.T.);
#903=EDGE_CURVE('',#678,#696,#564,.T.);
#904=EDGE_CURVE('',#694,#697,#393,.T.);
#905=EDGE_CURVE('',#697,#695,#394,.T.);
#906=EDGE_CURVE('',#697,#692,#395,.T.);
#907=ORIENTED_EDGE('',*,*,#698,.F.);
#908=ORIENTED_EDGE('',*,*,#699,.T.);
#909=ORIENTED_EDGE('',*,*,#700,.F.);
#910=ORIENTED_EDGE('',*,*,#701,.F.);
#911=ORIENTED_EDGE('',*,*,#702,.F.);
#912=ORIENTED_EDGE('',*,*,#703,.F.);
#913=ORIENTED_EDGE('',*,*,#704,.F.);
#914=ORIENTED_EDGE('',*,*,#705,.F.);
#915=ORIENTED_EDGE('',*,*,#699,.F.);
#916=ORIENTED_EDGE('',*,*,#700,.T.);
#917=ORIENTED_EDGE('',*,*,#706,.F.);
#918=ORIENTED_EDGE('',*,*,#707,.F.);
#919=ORIENTED_EDGE('',*,*,#704,.T.);
#920=ORIENTED_EDGE('',*,*,#708,.F.);
#921=ORIENTED_EDGE('',*,*,#709,.F.);
#922=ORIENTED_EDGE('',*,*,#702,.T.);
#923=ORIENTED_EDGE('',*,*,#710,.T.);
#924=ORIENTED_EDGE('',*,*,#711,.T.);
#925=ORIENTED_EDGE('',*,*,#712,.T.);
#926=ORIENTED_EDGE('',*,*,#713,.F.);
#927=ORIENTED_EDGE('',*,*,#714,.T.);
#928=ORIENTED_EDGE('',*,*,#715,.T.);
#929=ORIENTED_EDGE('',*,*,#701,.T.);
#930=ORIENTED_EDGE('',*,*,#707,.T.);
#931=ORIENTED_EDGE('',*,*,#716,.F.);
#932=ORIENTED_EDGE('',*,*,#710,.F.);
#933=ORIENTED_EDGE('',*,*,#703,.T.);
#934=ORIENTED_EDGE('',*,*,#714,.F.);
#935=ORIENTED_EDGE('',*,*,#717,.T.);
#936=ORIENTED_EDGE('',*,*,#708,.T.);
#937=ORIENTED_EDGE('',*,*,#718,.F.);
#938=ORIENTED_EDGE('',*,*,#719,.T.);
#939=ORIENTED_EDGE('',*,*,#720,.F.);
#940=ORIENTED_EDGE('',*,*,#719,.F.);
#941=ORIENTED_EDGE('',*,*,#721,.F.);
#942=ORIENTED_EDGE('',*,*,#722,.F.);
#943=ORIENTED_EDGE('',*,*,#723,.F.);
#944=ORIENTED_EDGE('',*,*,#724,.F.);
#945=ORIENTED_EDGE('',*,*,#725,.F.);
#946=ORIENTED_EDGE('',*,*,#726,.F.);
#947=ORIENTED_EDGE('',*,*,#727,.F.);
#948=ORIENTED_EDGE('',*,*,#712,.F.);
#949=ORIENTED_EDGE('',*,*,#728,.F.);
#950=ORIENTED_EDGE('',*,*,#729,.F.);
#951=ORIENTED_EDGE('',*,*,#730,.F.);
#952=ORIENTED_EDGE('',*,*,#731,.F.);
#953=ORIENTED_EDGE('',*,*,#732,.F.);
#954=ORIENTED_EDGE('',*,*,#733,.F.);
#955=ORIENTED_EDGE('',*,*,#734,.F.);
#956=ORIENTED_EDGE('',*,*,#735,.F.);
#957=ORIENTED_EDGE('',*,*,#736,.T.);
#958=ORIENTED_EDGE('',*,*,#737,.F.);
#959=ORIENTED_EDGE('',*,*,#736,.F.);
#960=ORIENTED_EDGE('',*,*,#738,.F.);
#961=ORIENTED_EDGE('',*,*,#739,.T.);
#962=ORIENTED_EDGE('',*,*,#740,.F.);
#963=ORIENTED_EDGE('',*,*,#739,.F.);
#964=ORIENTED_EDGE('',*,*,#741,.F.);
#965=ORIENTED_EDGE('',*,*,#742,.F.);
#966=ORIENTED_EDGE('',*,*,#743,.F.);
#967=ORIENTED_EDGE('',*,*,#744,.F.);
#968=ORIENTED_EDGE('',*,*,#745,.F.);
#969=ORIENTED_EDGE('',*,*,#746,.F.);
#970=ORIENTED_EDGE('',*,*,#747,.F.);
#971=ORIENTED_EDGE('',*,*,#748,.F.);
#972=ORIENTED_EDGE('',*,*,#749,.F.);
#973=ORIENTED_EDGE('',*,*,#750,.F.);
#974=ORIENTED_EDGE('',*,*,#751,.F.);
#975=ORIENTED_EDGE('',*,*,#752,.F.);
#976=ORIENTED_EDGE('',*,*,#753,.F.);
#977=ORIENTED_EDGE('',*,*,#754,.F.);
#978=ORIENTED_EDGE('',*,*,#755,.F.);
#979=ORIENTED_EDGE('',*,*,#756,.F.);
#980=ORIENTED_EDGE('',*,*,#757,.T.);
#981=ORIENTED_EDGE('',*,*,#758,.F.);
#982=ORIENTED_EDGE('',*,*,#757,.F.);
#983=ORIENTED_EDGE('',*,*,#722,.T.);
#984=ORIENTED_EDGE('',*,*,#759,.T.);
#985=ORIENTED_EDGE('',*,*,#760,.T.);
#986=ORIENTED_EDGE('',*,*,#761,.F.);
#987=ORIENTED_EDGE('',*,*,#721,.T.);
#988=ORIENTED_EDGE('',*,*,#762,.T.);
#989=ORIENTED_EDGE('',*,*,#763,.T.);
#990=ORIENTED_EDGE('',*,*,#759,.F.);
#991=ORIENTED_EDGE('',*,*,#733,.T.);
#992=ORIENTED_EDGE('',*,*,#764,.T.);
#993=ORIENTED_EDGE('',*,*,#765,.F.);
#994=ORIENTED_EDGE('',*,*,#766,.T.);
#995=ORIENTED_EDGE('',*,*,#767,.T.);
#996=ORIENTED_EDGE('',*,*,#768,.T.);
#997=ORIENTED_EDGE('',*,*,#769,.T.);
#998=ORIENTED_EDGE('',*,*,#732,.T.);
#999=ORIENTED_EDGE('',*,*,#770,.F.);
#1000=ORIENTED_EDGE('',*,*,#771,.F.);
#1001=ORIENTED_EDGE('',*,*,#772,.F.);
#1002=ORIENTED_EDGE('',*,*,#773,.F.);
#1003=ORIENTED_EDGE('',*,*,#774,.F.);
#1004=ORIENTED_EDGE('',*,*,#764,.F.);
#1005=ORIENTED_EDGE('',*,*,#731,.T.);
#1006=ORIENTED_EDGE('',*,*,#775,.T.);
#1007=ORIENTED_EDGE('',*,*,#776,.F.);
#1008=ORIENTED_EDGE('',*,*,#777,.T.);
#1009=ORIENTED_EDGE('',*,*,#770,.T.);
#1010=ORIENTED_EDGE('',*,*,#730,.T.);
#1011=ORIENTED_EDGE('',*,*,#778,.F.);
#1012=ORIENTED_EDGE('',*,*,#775,.F.);
#1013=ORIENTED_EDGE('',*,*,#754,.T.);
#1014=ORIENTED_EDGE('',*,*,#779,.T.);
#1015=ORIENTED_EDGE('',*,*,#780,.T.);
#1016=ORIENTED_EDGE('',*,*,#781,.T.);
#1017=ORIENTED_EDGE('',*,*,#753,.T.);
#1018=ORIENTED_EDGE('',*,*,#782,.T.);
#1019=ORIENTED_EDGE('',*,*,#783,.T.);
#1020=ORIENTED_EDGE('',*,*,#784,.T.);
#1021=ORIENTED_EDGE('',*,*,#785,.T.);
#1022=ORIENTED_EDGE('',*,*,#779,.F.);
#1023=ORIENTED_EDGE('',*,*,#734,.T.);
#1024=ORIENTED_EDGE('',*,*,#769,.F.);
#1025=ORIENTED_EDGE('',*,*,#786,.F.);
#1026=ORIENTED_EDGE('',*,*,#787,.F.);
#1027=ORIENTED_EDGE('',*,*,#742,.T.);
#1028=ORIENTED_EDGE('',*,*,#788,.F.);
#1029=ORIENTED_EDGE('',*,*,#789,.F.);
#1030=ORIENTED_EDGE('',*,*,#762,.F.);
#1031=ORIENTED_EDGE('',*,*,#698,.T.);
#1032=ORIENTED_EDGE('',*,*,#752,.T.);
#1033=ORIENTED_EDGE('',*,*,#790,.F.);
#1034=ORIENTED_EDGE('',*,*,#791,.F.);
#1035=ORIENTED_EDGE('',*,*,#782,.F.);
#1036=ORIENTED_EDGE('',*,*,#751,.T.);
#1037=ORIENTED_EDGE('',*,*,#792,.T.);
#1038=ORIENTED_EDGE('',*,*,#793,.T.);
#1039=ORIENTED_EDGE('',*,*,#794,.F.);
#1040=ORIENTED_EDGE('',*,*,#795,.T.);
#1041=ORIENTED_EDGE('',*,*,#790,.T.);
#1042=ORIENTED_EDGE('',*,*,#749,.T.);
#1043=ORIENTED_EDGE('',*,*,#796,.T.);
#1044=ORIENTED_EDGE('',*,*,#797,.T.);
#1045=ORIENTED_EDGE('',*,*,#798,.F.);
#1046=ORIENTED_EDGE('',*,*,#799,.T.);
#1047=ORIENTED_EDGE('',*,*,#715,.F.);
#1048=ORIENTED_EDGE('',*,*,#800,.T.);
#1049=ORIENTED_EDGE('',*,*,#801,.T.);
#1050=ORIENTED_EDGE('',*,*,#800,.F.);
#1051=ORIENTED_EDGE('',*,*,#801,.F.);
#1052=ORIENTED_EDGE('',*,*,#799,.F.);
#1053=ORIENTED_EDGE('',*,*,#802,.T.);
#1054=ORIENTED_EDGE('',*,*,#803,.T.);
#1055=ORIENTED_EDGE('',*,*,#802,.F.);
#1056=ORIENTED_EDGE('',*,*,#803,.F.);
#1057=ORIENTED_EDGE('',*,*,#783,.F.);
#1058=ORIENTED_EDGE('',*,*,#791,.T.);
#1059=ORIENTED_EDGE('',*,*,#795,.F.);
#1060=ORIENTED_EDGE('',*,*,#804,.T.);
#1061=ORIENTED_EDGE('',*,*,#805,.T.);
#1062=ORIENTED_EDGE('',*,*,#804,.F.);
#1063=ORIENTED_EDGE('',*,*,#806,.F.);
#1064=ORIENTED_EDGE('',*,*,#807,.F.);
#1065=ORIENTED_EDGE('',*,*,#808,.F.);
#1066=ORIENTED_EDGE('',*,*,#745,.T.);
#1067=ORIENTED_EDGE('',*,*,#809,.T.);
#1068=ORIENTED_EDGE('',*,*,#807,.T.);
#1069=ORIENTED_EDGE('',*,*,#810,.T.);
#1070=ORIENTED_EDGE('',*,*,#811,.T.);
#1071=ORIENTED_EDGE('',*,*,#812,.T.);
#1072=ORIENTED_EDGE('',*,*,#813,.T.);
#1073=ORIENTED_EDGE('',*,*,#814,.T.);
#1074=ORIENTED_EDGE('',*,*,#815,.F.);
#1075=ORIENTED_EDGE('',*,*,#816,.T.);
#1076=ORIENTED_EDGE('',*,*,#816,.F.);
#1077=ORIENTED_EDGE('',*,*,#817,.F.);
#1078=ORIENTED_EDGE('',*,*,#777,.F.);
#1079=ORIENTED_EDGE('',*,*,#818,.F.);
#1080=ORIENTED_EDGE('',*,*,#819,.T.);
#1081=ORIENTED_EDGE('',*,*,#820,.T.);
#1082=ORIENTED_EDGE('',*,*,#821,.T.);
#1083=ORIENTED_EDGE('',*,*,#822,.T.);
#1084=ORIENTED_EDGE('',*,*,#823,.T.);
#1085=ORIENTED_EDGE('',*,*,#824,.T.);
#1086=ORIENTED_EDGE('',*,*,#821,.F.);
#1087=ORIENTED_EDGE('',*,*,#825,.T.);
#1088=ORIENTED_EDGE('',*,*,#826,.T.);
#1089=ORIENTED_EDGE('',*,*,#827,.T.);
#1090=ORIENTED_EDGE('',*,*,#823,.F.);
#1091=ORIENTED_EDGE('',*,*,#771,.T.);
#1092=ORIENTED_EDGE('',*,*,#784,.F.);
#1093=ORIENTED_EDGE('',*,*,#805,.F.);
#1094=ORIENTED_EDGE('',*,*,#808,.T.);
#1095=ORIENTED_EDGE('',*,*,#819,.F.);
#1096=ORIENTED_EDGE('',*,*,#828,.T.);
#1097=ORIENTED_EDGE('',*,*,#829,.T.);
#1098=ORIENTED_EDGE('',*,*,#830,.T.);
#1099=ORIENTED_EDGE('',*,*,#826,.F.);
#1100=ORIENTED_EDGE('',*,*,#817,.T.);
#1101=ORIENTED_EDGE('',*,*,#815,.T.);
#1102=ORIENTED_EDGE('',*,*,#723,.T.);
#1103=ORIENTED_EDGE('',*,*,#761,.T.);
#1104=ORIENTED_EDGE('',*,*,#831,.T.);
#1105=ORIENTED_EDGE('',*,*,#832,.T.);
#1106=ORIENTED_EDGE('',*,*,#724,.T.);
#1107=ORIENTED_EDGE('',*,*,#832,.F.);
#1108=ORIENTED_EDGE('',*,*,#833,.T.);
#1109=ORIENTED_EDGE('',*,*,#829,.F.);
#1110=ORIENTED_EDGE('',*,*,#814,.F.);
#1111=ORIENTED_EDGE('',*,*,#834,.T.);
#1112=ORIENTED_EDGE('',*,*,#835,.T.);
#1113=ORIENTED_EDGE('',*,*,#836,.T.);
#1114=ORIENTED_EDGE('',*,*,#760,.F.);
#1115=ORIENTED_EDGE('',*,*,#837,.T.);
#1116=ORIENTED_EDGE('',*,*,#755,.T.);
#1117=ORIENTED_EDGE('',*,*,#781,.F.);
#1118=ORIENTED_EDGE('',*,*,#835,.F.);
#1119=ORIENTED_EDGE('',*,*,#838,.T.);
#1120=ORIENTED_EDGE('',*,*,#828,.F.);
#1121=ORIENTED_EDGE('',*,*,#822,.F.);
#1122=ORIENTED_EDGE('',*,*,#824,.F.);
#1123=ORIENTED_EDGE('',*,*,#827,.F.);
#1124=ORIENTED_EDGE('',*,*,#830,.F.);
#1125=ORIENTED_EDGE('',*,*,#839,.F.);
#1126=ORIENTED_EDGE('',*,*,#840,.T.);
#1127=ORIENTED_EDGE('',*,*,#758,.T.);
#1128=ORIENTED_EDGE('',*,*,#740,.T.);
#1129=ORIENTED_EDGE('',*,*,#737,.T.);
#1130=ORIENTED_EDGE('',*,*,#720,.T.);
#1131=ORIENTED_EDGE('',*,*,#744,.T.);
#1132=ORIENTED_EDGE('',*,*,#841,.F.);
#1133=ORIENTED_EDGE('',*,*,#842,.F.);
#1134=ORIENTED_EDGE('',*,*,#843,.F.);
#1135=ORIENTED_EDGE('',*,*,#844,.F.);
#1136=ORIENTED_EDGE('',*,*,#820,.F.);
#1137=ORIENTED_EDGE('',*,*,#809,.F.);
#1138=ORIENTED_EDGE('',*,*,#741,.T.);
#1139=ORIENTED_EDGE('',*,*,#838,.F.);
#1140=ORIENTED_EDGE('',*,*,#845,.T.);
#1141=ORIENTED_EDGE('',*,*,#788,.T.);
#1142=ORIENTED_EDGE('',*,*,#837,.F.);
#1143=ORIENTED_EDGE('',*,*,#763,.F.);
#1144=ORIENTED_EDGE('',*,*,#789,.T.);
#1145=ORIENTED_EDGE('',*,*,#845,.F.);
#1146=ORIENTED_EDGE('',*,*,#727,.T.);
#1147=ORIENTED_EDGE('',*,*,#846,.F.);
#1148=ORIENTED_EDGE('',*,*,#847,.F.);
#1149=ORIENTED_EDGE('',*,*,#792,.F.);
#1150=ORIENTED_EDGE('',*,*,#750,.T.);
#1151=ORIENTED_EDGE('',*,*,#798,.T.);
#1152=ORIENTED_EDGE('',*,*,#848,.T.);
#1153=ORIENTED_EDGE('',*,*,#849,.T.);
#1154=ORIENTED_EDGE('',*,*,#709,.T.);
#1155=ORIENTED_EDGE('',*,*,#717,.F.);
#1156=ORIENTED_EDGE('',*,*,#713,.T.);
#1157=ORIENTED_EDGE('',*,*,#726,.T.);
#1158=ORIENTED_EDGE('',*,*,#850,.T.);
#1159=ORIENTED_EDGE('',*,*,#812,.F.);
#1160=ORIENTED_EDGE('',*,*,#851,.F.);
#1161=ORIENTED_EDGE('',*,*,#852,.T.);
#1162=ORIENTED_EDGE('',*,*,#846,.T.);
#1163=ORIENTED_EDGE('',*,*,#853,.T.);
#1164=ORIENTED_EDGE('',*,*,#854,.F.);
#1165=ORIENTED_EDGE('',*,*,#855,.T.);
#1166=ORIENTED_EDGE('',*,*,#856,.T.);
#1167=ORIENTED_EDGE('',*,*,#857,.T.);
#1168=ORIENTED_EDGE('',*,*,#858,.F.);
#1169=ORIENTED_EDGE('',*,*,#853,.F.);
#1170=ORIENTED_EDGE('',*,*,#843,.T.);
#1171=ORIENTED_EDGE('',*,*,#859,.T.);
#1172=ORIENTED_EDGE('',*,*,#773,.T.);
#1173=ORIENTED_EDGE('',*,*,#855,.F.);
#1174=ORIENTED_EDGE('',*,*,#860,.F.);
#1175=ORIENTED_EDGE('',*,*,#861,.T.);
#1176=ORIENTED_EDGE('',*,*,#862,.F.);
#1177=ORIENTED_EDGE('',*,*,#857,.F.);
#1178=ORIENTED_EDGE('',*,*,#842,.T.);
#1179=ORIENTED_EDGE('',*,*,#863,.T.);
#1180=ORIENTED_EDGE('',*,*,#774,.T.);
#1181=ORIENTED_EDGE('',*,*,#859,.F.);
#1182=ORIENTED_EDGE('',*,*,#864,.F.);
#1183=ORIENTED_EDGE('',*,*,#865,.T.);
#1184=ORIENTED_EDGE('',*,*,#866,.F.);
#1185=ORIENTED_EDGE('',*,*,#861,.F.);
#1186=ORIENTED_EDGE('',*,*,#867,.T.);
#1187=ORIENTED_EDGE('',*,*,#868,.T.);
#1188=ORIENTED_EDGE('',*,*,#765,.T.);
#1189=ORIENTED_EDGE('',*,*,#863,.F.);
#1190=ORIENTED_EDGE('',*,*,#869,.F.);
#1191=ORIENTED_EDGE('',*,*,#825,.F.);
#1192=ORIENTED_EDGE('',*,*,#844,.T.);
#1193=ORIENTED_EDGE('',*,*,#856,.F.);
#1194=ORIENTED_EDGE('',*,*,#772,.T.);
#1195=ORIENTED_EDGE('',*,*,#868,.F.);
#1196=ORIENTED_EDGE('',*,*,#869,.T.);
#1197=ORIENTED_EDGE('',*,*,#864,.T.);
#1198=ORIENTED_EDGE('',*,*,#870,.F.);
#1199=ORIENTED_EDGE('',*,*,#871,.F.);
#1200=ORIENTED_EDGE('',*,*,#872,.T.);
#1201=ORIENTED_EDGE('',*,*,#766,.F.);
#1202=ORIENTED_EDGE('',*,*,#743,.T.);
#1203=ORIENTED_EDGE('',*,*,#787,.T.);
#1204=ORIENTED_EDGE('',*,*,#873,.T.);
#1205=ORIENTED_EDGE('',*,*,#874,.T.);
#1206=ORIENTED_EDGE('',*,*,#875,.T.);
#1207=ORIENTED_EDGE('',*,*,#867,.F.);
#1208=ORIENTED_EDGE('',*,*,#841,.T.);
#1209=ORIENTED_EDGE('',*,*,#873,.F.);
#1210=ORIENTED_EDGE('',*,*,#786,.T.);
#1211=ORIENTED_EDGE('',*,*,#768,.F.);
#1212=ORIENTED_EDGE('',*,*,#876,.T.);
#1213=ORIENTED_EDGE('',*,*,#874,.F.);
#1214=ORIENTED_EDGE('',*,*,#876,.F.);
#1215=ORIENTED_EDGE('',*,*,#767,.F.);
#1216=ORIENTED_EDGE('',*,*,#872,.F.);
#1217=ORIENTED_EDGE('',*,*,#877,.F.);
#1218=ORIENTED_EDGE('',*,*,#878,.F.);
#1219=ORIENTED_EDGE('',*,*,#785,.F.);
#1220=ORIENTED_EDGE('',*,*,#839,.T.);
#1221=ORIENTED_EDGE('',*,*,#833,.F.);
#1222=ORIENTED_EDGE('',*,*,#831,.F.);
#1223=ORIENTED_EDGE('',*,*,#836,.F.);
#1224=ORIENTED_EDGE('',*,*,#780,.F.);
#1225=ORIENTED_EDGE('',*,*,#729,.T.);
#1226=ORIENTED_EDGE('',*,*,#879,.T.);
#1227=ORIENTED_EDGE('',*,*,#880,.T.);
#1228=ORIENTED_EDGE('',*,*,#881,.F.);
#1229=ORIENTED_EDGE('',*,*,#776,.T.);
#1230=ORIENTED_EDGE('',*,*,#778,.T.);
#1231=ORIENTED_EDGE('',*,*,#880,.F.);
#1232=ORIENTED_EDGE('',*,*,#882,.F.);
#1233=ORIENTED_EDGE('',*,*,#883,.F.);
#1234=ORIENTED_EDGE('',*,*,#884,.T.);
#1235=ORIENTED_EDGE('',*,*,#806,.T.);
#1236=ORIENTED_EDGE('',*,*,#794,.T.);
#1237=ORIENTED_EDGE('',*,*,#793,.F.);
#1238=ORIENTED_EDGE('',*,*,#847,.T.);
#1239=ORIENTED_EDGE('',*,*,#852,.F.);
#1240=ORIENTED_EDGE('',*,*,#851,.T.);
#1241=ORIENTED_EDGE('',*,*,#818,.T.);
#1242=ORIENTED_EDGE('',*,*,#881,.T.);
#1243=ORIENTED_EDGE('',*,*,#747,.T.);
#1244=ORIENTED_EDGE('',*,*,#885,.T.);
#1245=ORIENTED_EDGE('',*,*,#810,.F.);
#1246=ORIENTED_EDGE('',*,*,#884,.F.);
#1247=ORIENTED_EDGE('',*,*,#883,.T.);
#1248=ORIENTED_EDGE('',*,*,#886,.T.);
#1249=ORIENTED_EDGE('',*,*,#746,.T.);
#1250=ORIENTED_EDGE('',*,*,#811,.F.);
#1251=ORIENTED_EDGE('',*,*,#885,.F.);
#1252=ORIENTED_EDGE('',*,*,#725,.T.);
#1253=ORIENTED_EDGE('',*,*,#834,.F.);
#1254=ORIENTED_EDGE('',*,*,#813,.F.);
#1255=ORIENTED_EDGE('',*,*,#850,.F.);
#1256=ORIENTED_EDGE('',*,*,#797,.F.);
#1257=ORIENTED_EDGE('',*,*,#887,.T.);
#1258=ORIENTED_EDGE('',*,*,#888,.T.);
#1259=ORIENTED_EDGE('',*,*,#848,.F.);
#1260=ORIENTED_EDGE('',*,*,#705,.T.);
#1261=ORIENTED_EDGE('',*,*,#849,.F.);
#1262=ORIENTED_EDGE('',*,*,#888,.F.);
#1263=ORIENTED_EDGE('',*,*,#889,.F.);
#1264=ORIENTED_EDGE('',*,*,#890,.F.);
#1265=ORIENTED_EDGE('',*,*,#891,.T.);
#1266=ORIENTED_EDGE('',*,*,#840,.F.);
#1267=ORIENTED_EDGE('',*,*,#891,.F.);
#1268=ORIENTED_EDGE('',*,*,#892,.F.);
#1269=ORIENTED_EDGE('',*,*,#893,.F.);
#1270=ORIENTED_EDGE('',*,*,#894,.F.);
#1271=ORIENTED_EDGE('',*,*,#895,.F.);
#1272=ORIENTED_EDGE('',*,*,#890,.T.);
#1273=ORIENTED_EDGE('',*,*,#893,.T.);
#1274=ORIENTED_EDGE('',*,*,#896,.F.);
#1275=ORIENTED_EDGE('',*,*,#897,.T.);
#1276=ORIENTED_EDGE('',*,*,#898,.T.);
#1277=ORIENTED_EDGE('',*,*,#892,.T.);
#1278=ORIENTED_EDGE('',*,*,#899,.F.);
#1279=ORIENTED_EDGE('',*,*,#900,.T.);
#1280=ORIENTED_EDGE('',*,*,#896,.T.);
#1281=ORIENTED_EDGE('',*,*,#728,.T.);
#1282=ORIENTED_EDGE('',*,*,#711,.F.);
#1283=ORIENTED_EDGE('',*,*,#716,.T.);
#1284=ORIENTED_EDGE('',*,*,#706,.T.);
#1285=ORIENTED_EDGE('',*,*,#889,.T.);
#1286=ORIENTED_EDGE('',*,*,#887,.F.);
#1287=ORIENTED_EDGE('',*,*,#796,.F.);
#1288=ORIENTED_EDGE('',*,*,#748,.T.);
#1289=ORIENTED_EDGE('',*,*,#886,.F.);
#1290=ORIENTED_EDGE('',*,*,#882,.T.);
#1291=ORIENTED_EDGE('',*,*,#879,.F.);
#1292=ORIENTED_EDGE('',*,*,#865,.F.);
#1293=ORIENTED_EDGE('',*,*,#875,.F.);
#1294=ORIENTED_EDGE('',*,*,#878,.T.);
#1295=ORIENTED_EDGE('',*,*,#901,.F.);
#1296=ORIENTED_EDGE('',*,*,#902,.T.);
#1297=ORIENTED_EDGE('',*,*,#862,.T.);
#1298=ORIENTED_EDGE('',*,*,#866,.T.);
#1299=ORIENTED_EDGE('',*,*,#877,.T.);
#1300=ORIENTED_EDGE('',*,*,#871,.T.);
#1301=ORIENTED_EDGE('',*,*,#903,.T.);
#1302=ORIENTED_EDGE('',*,*,#901,.T.);
#1303=ORIENTED_EDGE('',*,*,#904,.F.);
#1304=ORIENTED_EDGE('',*,*,#897,.F.);
#1305=ORIENTED_EDGE('',*,*,#900,.F.);
#1306=ORIENTED_EDGE('',*,*,#905,.F.);
#1307=ORIENTED_EDGE('',*,*,#756,.T.);
#1308=ORIENTED_EDGE('',*,*,#738,.T.);
#1309=ORIENTED_EDGE('',*,*,#735,.T.);
#1310=ORIENTED_EDGE('',*,*,#718,.T.);
#1311=ORIENTED_EDGE('',*,*,#860,.T.);
#1312=ORIENTED_EDGE('',*,*,#854,.T.);
#1313=ORIENTED_EDGE('',*,*,#858,.T.);
#1314=ORIENTED_EDGE('',*,*,#902,.F.);
#1315=ORIENTED_EDGE('',*,*,#903,.F.);
#1316=ORIENTED_EDGE('',*,*,#870,.T.);
#1317=ORIENTED_EDGE('',*,*,#895,.T.);
#1318=ORIENTED_EDGE('',*,*,#906,.F.);
#1319=ORIENTED_EDGE('',*,*,#905,.T.);
#1320=ORIENTED_EDGE('',*,*,#899,.T.);
#1321=ORIENTED_EDGE('',*,*,#894,.T.);
#1322=ORIENTED_EDGE('',*,*,#898,.F.);
#1323=ORIENTED_EDGE('',*,*,#904,.T.);
#1324=ORIENTED_EDGE('',*,*,#906,.T.);
#1325=CYLINDRICAL_SURFACE('',#1445,6.5);
#1326=CYLINDRICAL_SURFACE('',#1457,1.405);
#1327=CYLINDRICAL_SURFACE('',#1465,1.405);
#1328=CYLINDRICAL_SURFACE('',#1468,1.405);
#1329=CYLINDRICAL_SURFACE('',#1476,1.405);
#1330=CYLINDRICAL_SURFACE('',#1483,6.);
#1331=CYLINDRICAL_SURFACE('',#1485,6.);
#1332=CYLINDRICAL_SURFACE('',#1490,2.);
#1333=CYLINDRICAL_SURFACE('',#1505,6.);
#1334=CYLINDRICAL_SURFACE('',#1509,1.1);
#1335=CYLINDRICAL_SURFACE('',#1512,1.1);
#1336=CYLINDRICAL_SURFACE('',#1515,2.);
#1337=CYLINDRICAL_SURFACE('',#1518,2.);
#1338=CYLINDRICAL_SURFACE('',#1520,2.);
#1339=CYLINDRICAL_SURFACE('',#1523,6.);
#1340=CYLINDRICAL_SURFACE('',#1530,6.);
#1341=CYLINDRICAL_SURFACE('',#1532,6.);
#1342=CYLINDRICAL_SURFACE('',#1533,6.);
#1343=CYLINDRICAL_SURFACE('',#1540,6.);
#1344=CYLINDRICAL_SURFACE('',#1547,6.);
#1345=CYLINDRICAL_SURFACE('',#1551,6.);
#1346=CYLINDRICAL_SURFACE('',#1559,19.);
#1347=CYLINDRICAL_SURFACE('',#1561,6.);
#1348=CYLINDRICAL_SURFACE('',#1565,6.);
#1349=CYLINDRICAL_SURFACE('',#1566,6.);
#1350=CYLINDRICAL_SURFACE('',#1569,6.);
#1351=CYLINDRICAL_SURFACE('',#1576,8.99999999999999);
#1352=CYLINDRICAL_SURFACE('',#1585,16.);
#1353=ADVANCED_FACE('',(#119),#1325,.F.);
#1354=ADVANCED_FACE('',(#120),#83,.F.);
#1355=ADVANCED_FACE('',(#121),#84,.F.);
#1356=ADVANCED_FACE('',(#122,#69),#85,.F.);
#1357=ADVANCED_FACE('',(#123),#86,.F.);
#1358=ADVANCED_FACE('',(#124),#87,.F.);
#1359=ADVANCED_FACE('',(#125),#1326,.F.);
#1360=ADVANCED_FACE('',(#126),#88,.F.);
#1361=ADVANCED_FACE('',(#127),#1327,.F.);
#1362=ADVANCED_FACE('',(#128),#1328,.F.);
#1363=ADVANCED_FACE('',(#129),#89,.F.);
#1364=ADVANCED_FACE('',(#130),#1329,.F.);
#1365=ADVANCED_FACE('',(#131),#27,.T.);
#1366=ADVANCED_FACE('',(#132),#1330,.T.);
#1367=ADVANCED_FACE('',(#133),#1331,.T.);
#1368=ADVANCED_FACE('',(#134),#90,.T.);
#1369=ADVANCED_FACE('',(#135),#1332,.F.);
#1370=ADVANCED_FACE('',(#136),#91,.F.);
#1371=ADVANCED_FACE('',(#137),#22,.T.);
#1372=ADVANCED_FACE('',(#138),#23,.T.);
#1373=ADVANCED_FACE('',(#139,#70),#92,.F.);
#1374=ADVANCED_FACE('',(#140),#93,.F.);
#1375=ADVANCED_FACE('',(#141),#1333,.T.);
#1376=ADVANCED_FACE('',(#142,#71),#94,.F.);
#1377=ADVANCED_FACE('',(#143),#1334,.F.);
#1378=ADVANCED_FACE('',(#144),#95,.T.);
#1379=ADVANCED_FACE('',(#145),#1335,.F.);
#1380=ADVANCED_FACE('',(#146),#96,.T.);
#1381=ADVANCED_FACE('',(#147),#1336,.F.);
#1382=ADVANCED_FACE('',(#148),#97,.T.);
#1383=ADVANCED_FACE('',(#149),#1337,.F.);
#1384=ADVANCED_FACE('',(#150),#1338,.F.);
#1385=ADVANCED_FACE('',(#151),#98,.T.);
#1386=ADVANCED_FACE('',(#152),#1339,.T.);
#1387=ADVANCED_FACE('',(#153),#24,.T.);
#1388=ADVANCED_FACE('',(#154),#1340,.T.);
#1389=ADVANCED_FACE('',(#155),#1341,.T.);
#1390=ADVANCED_FACE('',(#156),#1342,.T.);
#1391=ADVANCED_FACE('',(#157),#25,.T.);
#1392=ADVANCED_FACE('',(#158),#26,.T.);
#1393=ADVANCED_FACE('',(#159),#1343,.T.);
#1394=ADVANCED_FACE('',(#160),#28,.T.);
#1395=ADVANCED_FACE('',(#161,#72,#73,#74,#75,#76),#99,.T.);
#1396=ADVANCED_FACE('',(#162),#100,.T.);
#1397=ADVANCED_FACE('',(#163),#1344,.T.);
#1398=ADVANCED_FACE('',(#164),#101,.T.);
#1399=ADVANCED_FACE('',(#165),#102,.F.);
#1400=ADVANCED_FACE('',(#166),#1345,.T.);
#1401=ADVANCED_FACE('',(#167),#15,.F.);
#1402=ADVANCED_FACE('',(#168),#16,.F.);
#1403=ADVANCED_FACE('',(#169),#17,.F.);
#1404=ADVANCED_FACE('',(#170),#18,.F.);
#1405=ADVANCED_FACE('',(#171),#19,.F.);
#1406=ADVANCED_FACE('',(#172),#20,.F.);
#1407=ADVANCED_FACE('',(#173),#21,.F.);
#1408=ADVANCED_FACE('',(#174),#1346,.T.);
#1409=ADVANCED_FACE('',(#175),#103,.T.);
#1410=ADVANCED_FACE('',(#176),#1347,.T.);
#1411=ADVANCED_FACE('',(#177),#104,.T.);
#1412=ADVANCED_FACE('',(#178),#105,.T.);
#1413=ADVANCED_FACE('',(#179),#1348,.F.);
#1414=ADVANCED_FACE('',(#180),#1349,.T.);
#1415=ADVANCED_FACE('',(#181),#106,.F.);
#1416=ADVANCED_FACE('',(#182),#1350,.T.);
#1417=ADVANCED_FACE('',(#183),#107,.F.);
#1418=ADVANCED_FACE('',(#184),#108,.F.);
#1419=ADVANCED_FACE('',(#185),#109,.F.);
#1420=ADVANCED_FACE('',(#186),#110,.F.);
#1421=ADVANCED_FACE('',(#187),#1351,.F.);
#1422=ADVANCED_FACE('',(#188,#77),#111,.F.);
#1423=ADVANCED_FACE('',(#189),#112,.T.);
#1424=ADVANCED_FACE('',(#190),#113,.T.);
#1425=ADVANCED_FACE('',(#191),#114,.F.);
#1426=ADVANCED_FACE('',(#192),#115,.T.);
#1427=ADVANCED_FACE('',(#193,#78,#79,#80,#81,#82),#116,.F.);
#1428=ADVANCED_FACE('',(#194),#1352,.F.);
#1429=ADVANCED_FACE('',(#195),#117,.T.);
#1430=ADVANCED_FACE('',(#196),#118,.T.);
#1431=CLOSED_SHELL('',(#1353,#1354,#1355,#1356,#1357,#1358,#1359,#1360,
#1361,#1362,#1363,#1364,#1365,#1366,#1367,#1368,#1369,#1370,#1371,#1372,
#1373,#1374,#1375,#1376,#1377,#1378,#1379,#1380,#1381,#1382,#1383,#1384,
#1385,#1386,#1387,#1388,#1389,#1390,#1391,#1392,#1393,#1394,#1395,#1396,
#1397,#1398,#1399,#1400,#1401,#1402,#1403,#1404,#1405,#1406,#1407,#1408,
#1409,#1410,#1411,#1412,#1413,#1414,#1415,#1416,#1417,#1418,#1419,#1420,
#1421,#1422,#1423,#1424,#1425,#1426,#1427,#1428,#1429,#1430));
#1432=DERIVED_UNIT_ELEMENT(#1434,1.);
#1433=DERIVED_UNIT_ELEMENT(#3038,-3.);
#1434=(
MASS_UNIT()
NAMED_UNIT(*)
SI_UNIT(.KILO.,.GRAM.)
);
#1435=DERIVED_UNIT((#1432,#1433));
#1436=MEASURE_REPRESENTATION_ITEM('density measure',
POSITIVE_RATIO_MEASURE(7850.),#1435);
#1437=PROPERTY_DEFINITION_REPRESENTATION(#1442,#1439);
#1438=PROPERTY_DEFINITION_REPRESENTATION(#1443,#1440);
#1439=REPRESENTATION('material name',(#1441),#3035);
#1440=REPRESENTATION('density',(#1436),#3035);
#1441=DESCRIPTIVE_REPRESENTATION_ITEM('Steel','Steel');
#1442=PROPERTY_DEFINITION('material property','material name',#3045);
#1443=PROPERTY_DEFINITION('material property','density of part',#3045);
#1444=AXIS2_PLACEMENT_3D('',#1983,#1588,#1589);
#1445=AXIS2_PLACEMENT_3D('',#1984,#1590,#1591);
#1446=AXIS2_PLACEMENT_3D('',#1986,#1592,#1593);
#1447=AXIS2_PLACEMENT_3D('',#1990,#1595,#1596);
#1448=AXIS2_PLACEMENT_3D('',#1994,#1598,#1599);
#1449=AXIS2_PLACEMENT_3D('',#1998,#1601,#1602);
#1450=AXIS2_PLACEMENT_3D('',#1999,#1603,#1604);
#1451=AXIS2_PLACEMENT_3D('',#2000,#1605,#1606);
#1452=AXIS2_PLACEMENT_3D('',#2004,#1609,#1610);
#1453=AXIS2_PLACEMENT_3D('',#2008,#1613,#1614);
#1454=AXIS2_PLACEMENT_3D('',#2019,#1620,#1621);
#1455=AXIS2_PLACEMENT_3D('',#2020,#1622,#1623);
#1456=AXIS2_PLACEMENT_3D('',#2022,#1625,#1626);
#1457=AXIS2_PLACEMENT_3D('',#2024,#1628,#1629);
#1458=AXIS2_PLACEMENT_3D('',#2026,#1630,#1631);
#1459=AXIS2_PLACEMENT_3D('',#2029,#1633,#1634);
#1460=AXIS2_PLACEMENT_3D('',#2030,#1635,#1636);
#1461=AXIS2_PLACEMENT_3D('',#2033,#1637,#1638);
#1462=AXIS2_PLACEMENT_3D('',#2035,#1639,#1640);
#1463=AXIS2_PLACEMENT_3D('',#2066,#1647,#1648);
#1464=AXIS2_PLACEMENT_3D('',#2070,#1650,#1651);
#1465=AXIS2_PLACEMENT_3D('',#2072,#1653,#1654);
#1466=AXIS2_PLACEMENT_3D('',#2074,#1655,#1656);
#1467=AXIS2_PLACEMENT_3D('',#2077,#1658,#1659);
#1468=AXIS2_PLACEMENT_3D('',#2078,#1660,#1661);
#1469=AXIS2_PLACEMENT_3D('',#2080,#1662,#1663);
#1470=AXIS2_PLACEMENT_3D('',#2083,#1665,#1666);
#1471=AXIS2_PLACEMENT_3D('',#2084,#1667,#1668);
#1472=AXIS2_PLACEMENT_3D('',#2087,#1669,#1670);
#1473=AXIS2_PLACEMENT_3D('',#2091,#1672,#1673);
#1474=AXIS2_PLACEMENT_3D('',#2095,#1675,#1676);
#1475=AXIS2_PLACEMENT_3D('',#2128,#1684,#1685);
#1476=AXIS2_PLACEMENT_3D('',#2129,#1686,#1687);
#1477=AXIS2_PLACEMENT_3D('',#2131,#1688,#1689);
#1478=AXIS2_PLACEMENT_3D('',#2134,#1691,#1692);
#1479=AXIS2_PLACEMENT_3D('',#2135,#1693,#1694);
#1480=AXIS2_PLACEMENT_3D('',#2137,#1695,#1696);
#1481=AXIS2_PLACEMENT_3D('',#2139,#1697,#1698);
#1482=AXIS2_PLACEMENT_3D('',#2140,#1699,#1700);
#1483=AXIS2_PLACEMENT_3D('',#2141,#1701,#1702);
#1484=AXIS2_PLACEMENT_3D('',#2143,#1703,#1704);
#1485=AXIS2_PLACEMENT_3D('',#2145,#1706,#1707);
#1486=AXIS2_PLACEMENT_3D('',#2163,#1710,#1711);
#1487=AXIS2_PLACEMENT_3D('',#2166,#1713,#1714);
#1488=AXIS2_PLACEMENT_3D('',#2167,#1715,#1716);
#1489=AXIS2_PLACEMENT_3D('',#2169,#1717,#1718);
#1490=AXIS2_PLACEMENT_3D('',#2183,#1721,#1722);
#1491=AXIS2_PLACEMENT_3D('',#2198,#1725,#1726);
#1492=AXIS2_PLACEMENT_3D('',#2199,#1727,#1728);
#1493=AXIS2_PLACEMENT_3D('',#2200,#1729,#1730);
#1494=AXIS2_PLACEMENT_3D('',#2202,#1731,#1732);
#1495=AXIS2_PLACEMENT_3D('',#2204,#1733,#1734);
#1496=AXIS2_PLACEMENT_3D('',#2205,#1735,#1736);
#1497=AXIS2_PLACEMENT_3D('',#2206,#1737,#1738);
#1498=AXIS2_PLACEMENT_3D('',#2220,#1739,#1740);
#1499=AXIS2_PLACEMENT_3D('',#2221,#1741,#1742);
#1500=AXIS2_PLACEMENT_3D('',#2222,#1743,#1744);
#1501=AXIS2_PLACEMENT_3D('',#2225,#1746,#1747);
#1502=AXIS2_PLACEMENT_3D('',#2227,#1748,#1749);
#1503=AXIS2_PLACEMENT_3D('',#2229,#1751,#1752);
#1504=AXIS2_PLACEMENT_3D('',#2231,#1753,#1754);
#1505=AXIS2_PLACEMENT_3D('',#2233,#1756,#1757);
#1506=AXIS2_PLACEMENT_3D('',#2235,#1758,#1759);
#1507=AXIS2_PLACEMENT_3D('',#2250,#1762,#1763);
#1508=AXIS2_PLACEMENT_3D('',#2257,#1767,#1768);
#1509=AXIS2_PLACEMENT_3D('',#2258,#1769,#1770);
#1510=AXIS2_PLACEMENT_3D('',#2261,#1772,#1773);
#1511=AXIS2_PLACEMENT_3D('',#2262,#1774,#1775);
#1512=AXIS2_PLACEMENT_3D('',#2263,#1776,#1777);
#1513=AXIS2_PLACEMENT_3D('',#2266,#1779,#1780);
#1514=AXIS2_PLACEMENT_3D('',#2267,#1781,#1782);
#1515=AXIS2_PLACEMENT_3D('',#2268,#1783,#1784);
#1516=AXIS2_PLACEMENT_3D('',#2283,#1786,#1787);
#1517=AXIS2_PLACEMENT_3D('',#2288,#1790,#1791);
#1518=AXIS2_PLACEMENT_3D('',#2289,#1792,#1793);
#1519=AXIS2_PLACEMENT_3D('',#2290,#1794,#1795);
#1520=AXIS2_PLACEMENT_3D('',#2303,#1797,#1798);
#1521=AXIS2_PLACEMENT_3D('',#2339,#1801,#1802);
#1522=AXIS2_PLACEMENT_3D('',#2340,#1803,#1804);
#1523=AXIS2_PLACEMENT_3D('',#2342,#1806,#1807);
#1524=AXIS2_PLACEMENT_3D('',#2344,#1808,#1809);
#1525=AXIS2_PLACEMENT_3D('',#2348,#1811,#1812);
#1526=AXIS2_PLACEMENT_3D('',#2350,#1814,#1815);
#1527=AXIS2_PLACEMENT_3D('',#2352,#1816,#1817);
#1528=AXIS2_PLACEMENT_3D('',#2353,#1818,#1819);
#1529=AXIS2_PLACEMENT_3D('',#2354,#1820,#1821);
#1530=AXIS2_PLACEMENT_3D('',#2355,#1822,#1823);
#1531=AXIS2_PLACEMENT_3D('',#2357,#1824,#1825);
#1532=AXIS2_PLACEMENT_3D('',#2359,#1827,#1828);
#1533=AXIS2_PLACEMENT_3D('',#2361,#1830,#1831);
#1534=AXIS2_PLACEMENT_3D('',#2363,#1832,#1833);
#1535=AXIS2_PLACEMENT_3D('',#2365,#1835,#1836);
#1536=AXIS2_PLACEMENT_3D('',#2367,#1837,#1838);
#1537=AXIS2_PLACEMENT_3D('',#2368,#1839,#1840);
#1538=AXIS2_PLACEMENT_3D('',#2369,#1841,#1842);
#1539=AXIS2_PLACEMENT_3D('',#2370,#1843,#1844);
#1540=AXIS2_PLACEMENT_3D('',#2377,#1845,#1846);
#1541=AXIS2_PLACEMENT_3D('',#2379,#1847,#1848);
#1542=AXIS2_PLACEMENT_3D('',#2382,#1851,#1852);
#1543=AXIS2_PLACEMENT_3D('',#2383,#1853,#1854);
#1544=AXIS2_PLACEMENT_3D('',#2384,#1855,#1856);
#1545=AXIS2_PLACEMENT_3D('',#2387,#1858,#1859);
#1546=AXIS2_PLACEMENT_3D('',#2388,#1860,#1861);
#1547=AXIS2_PLACEMENT_3D('',#2402,#1864,#1865);
#1548=AXIS2_PLACEMENT_3D('',#2404,#1867,#1868);
#1549=AXIS2_PLACEMENT_3D('',#2405,#1869,#1870);
#1550=AXIS2_PLACEMENT_3D('',#2407,#1871,#1872);
#1551=AXIS2_PLACEMENT_3D('',#2412,#1876,#1877);
#1552=AXIS2_PLACEMENT_3D('',#2413,#1878,#1879);
#1553=AXIS2_PLACEMENT_3D('',#2483,#1882,#1883);
#1554=AXIS2_PLACEMENT_3D('',#2516,#1884,#1885);
#1555=AXIS2_PLACEMENT_3D('',#2728,#1886,#1887);
#1556=AXIS2_PLACEMENT_3D('',#2754,#1888,#1889);
#1557=AXIS2_PLACEMENT_3D('',#2780,#1890,#1891);
#1558=AXIS2_PLACEMENT_3D('',#2806,#1892,#1893);
#1559=AXIS2_PLACEMENT_3D('',#2953,#1894,#1895);
#1560=AXIS2_PLACEMENT_3D('',#2954,#1896,#1897);
#1561=AXIS2_PLACEMENT_3D('',#2960,#1901,#1902);
#1562=AXIS2_PLACEMENT_3D('',#2964,#1904,#1905);
#1563=AXIS2_PLACEMENT_3D('',#2966,#1907,#1908);
#1564=AXIS2_PLACEMENT_3D('',#2968,#1910,#1911);
#1565=AXIS2_PLACEMENT_3D('',#2972,#1914,#1915);
#1566=AXIS2_PLACEMENT_3D('',#2973,#1916,#1917);
#1567=AXIS2_PLACEMENT_3D('',#2975,#1918,#1919);
#1568=AXIS2_PLACEMENT_3D('',#2979,#1922,#1923);
#1569=AXIS2_PLACEMENT_3D('',#2985,#1927,#1928);
#1570=AXIS2_PLACEMENT_3D('',#2986,#1929,#1930);
#1571=AXIS2_PLACEMENT_3D('',#2987,#1931,#1932);
#1572=AXIS2_PLACEMENT_3D('',#2988,#1933,#1934);
#1573=AXIS2_PLACEMENT_3D('',#2989,#1935,#1936);
#1574=AXIS2_PLACEMENT_3D('',#2990,#1937,#1938);
#1575=AXIS2_PLACEMENT_3D('',#2994,#1941,#1942);
#1576=AXIS2_PLACEMENT_3D('',#2996,#1944,#1945);
#1577=AXIS2_PLACEMENT_3D('',#2998,#1946,#1947);
#1578=AXIS2_PLACEMENT_3D('',#3000,#1949,#1950);
#1579=AXIS2_PLACEMENT_3D('',#3009,#1955,#1956);
#1580=AXIS2_PLACEMENT_3D('',#3015,#1960,#1961);
#1581=AXIS2_PLACEMENT_3D('',#3019,#1964,#1965);
#1582=AXIS2_PLACEMENT_3D('',#3020,#1966,#1967);
#1583=AXIS2_PLACEMENT_3D('',#3024,#1970,#1971);
#1584=AXIS2_PLACEMENT_3D('',#3025,#1972,#1973);
#1585=AXIS2_PLACEMENT_3D('',#3029,#1976,#1977);
#1586=AXIS2_PLACEMENT_3D('',#3030,#1978,#1979);
#1587=AXIS2_PLACEMENT_3D('',#3032,#1981,#1982);
#1588=DIRECTION('axis',(0.,0.,1.));
#1589=DIRECTION('refdir',(1.,0.,0.));
#1590=DIRECTION('center_axis',(-7.59580596772334E-16,-0.864229809530126,
-0.503097243402825));
#1591=DIRECTION('ref_axis',(-1.,5.03982775485308E-18,1.50115119352183E-15));
#1592=DIRECTION('center_axis',(-7.59580596772334E-16,-0.864229809530126,
-0.503097243402825));
#1593=DIRECTION('ref_axis',(-1.,5.03982775485308E-18,1.50115119352183E-15));
#1594=DIRECTION('',(-7.59580596772334E-16,-0.864229809530126,-0.503097243402825));
#1595=DIRECTION('center_axis',(7.59580596772334E-16,0.864229809530126,0.503097243402825));
#1596=DIRECTION('ref_axis',(-1.,5.03982775485308E-18,1.50115119352183E-15));
#1597=DIRECTION('',(7.59580596772334E-16,0.864229809530126,0.503097243402825));
#1598=DIRECTION('center_axis',(7.59580596772334E-16,0.864229809530126,0.503097243402825));
#1599=DIRECTION('ref_axis',(-1.,5.03982775485308E-18,1.50115119352183E-15));
#1600=DIRECTION('',(-7.59580596772334E-16,-0.864229809530126,-0.503097243402825));
#1601=DIRECTION('center_axis',(7.59580596772334E-16,0.864229809530126,0.503097243402825));
#1602=DIRECTION('ref_axis',(-1.,5.03982775485308E-18,1.50115119352183E-15));
#1603=DIRECTION('center_axis',(7.59580596772334E-16,0.864229809530126,0.503097243402825));
#1604=DIRECTION('ref_axis',(-1.,5.03982775485308E-18,1.50115119352183E-15));
#1605=DIRECTION('center_axis',(7.59580596772334E-16,0.864229809530126,0.503097243402825));
#1606=DIRECTION('ref_axis',(-1.2948040866026E-15,0.503097243402825,-0.864229809530126));
#1607=DIRECTION('',(-1.23446587874254E-15,0.503097243402825,-0.864229809530126));
#1608=DIRECTION('',(1.,-5.03982775485308E-18,-1.50115119352183E-15));
#1609=DIRECTION('center_axis',(7.59580596772334E-16,0.864229809530126,0.503097243402825));
#1610=DIRECTION('ref_axis',(-1.2948040866026E-15,0.503097243402825,-0.864229809530126));
#1611=DIRECTION('',(1.,-5.03982775485308E-18,-1.50115119352183E-15));
#1612=DIRECTION('',(1.2948040866026E-15,-0.503097243402825,0.864229809530126));
#1613=DIRECTION('center_axis',(7.59580596772334E-16,0.864229809530126,0.503097243402825));
#1614=DIRECTION('ref_axis',(-1.,5.03982775485308E-18,1.50115119352183E-15));
#1615=DIRECTION('',(1.,-5.03982775485308E-18,-1.50115119352183E-15));
#1616=DIRECTION('',(1.2948040866026E-15,-0.503097243402825,0.864229809530126));
#1617=DIRECTION('',(-1.,5.03982775485308E-18,1.50115119352183E-15));
#1618=DIRECTION('',(1.2948040866026E-15,-0.503097243402825,0.864229809530126));
#1619=DIRECTION('',(1.,-5.03982775485308E-18,-1.50115119352183E-15));
#1620=DIRECTION('center_axis',(7.59580596772334E-16,0.864229809530126,0.503097243402825));
#1621=DIRECTION('ref_axis',(1.,-5.03982775485308E-18,-1.50115119352183E-15));
#1622=DIRECTION('center_axis',(1.2948040866026E-15,-0.503097243402825,0.864229809530126));
#1623=DIRECTION('ref_axis',(1.,-5.03982775485308E-18,-1.50115119352183E-15));
#1624=DIRECTION('',(7.59580596772334E-16,0.864229809530126,0.503097243402825));
#1625=DIRECTION('center_axis',(1.2948040866026E-15,-0.503097243402825,0.864229809530126));
#1626=DIRECTION('ref_axis',(1.,-5.03982775485308E-18,-1.50115119352183E-15));
#1627=DIRECTION('',(7.59580596772334E-16,0.864229809530126,0.503097243402825));
#1628=DIRECTION('center_axis',(-1.,5.03982775485308E-18,1.50115119352183E-15));
#1629=DIRECTION('ref_axis',(7.59580596772334E-16,0.864229809530126,0.503097243402825));
#1630=DIRECTION('center_axis',(-1.,5.03982775485308E-18,1.50115119352183E-15));
#1631=DIRECTION('ref_axis',(7.59580596772334E-16,0.864229809530126,0.503097243402825));
#1632=DIRECTION('',(-1.,5.03982775485308E-18,1.50115119352183E-15));
#1633=DIRECTION('center_axis',(1.,-5.03982775485308E-18,-1.50115119352183E-15));
#1634=DIRECTION('ref_axis',(7.59580596772334E-16,0.864229809530126,0.503097243402825));
#1635=DIRECTION('center_axis',(-1.32795932643035E-15,0.463335664679013,
-0.886182860270078));
#1636=DIRECTION('ref_axis',(-7.00003095009194E-16,-0.886182860270078,-0.463335664679013));
#1637=DIRECTION('center_axis',(-1.32795932643035E-15,0.463335664679013,
-0.886182860270078));
#1638=DIRECTION('ref_axis',(-7.00003095009194E-16,-0.886182860270078,-0.463335664679013));
#1639=DIRECTION('center_axis',(-1.32795932643035E-15,0.463335664679013,
-0.886182860270078));
#1640=DIRECTION('ref_axis',(7.00003095009194E-16,0.886182860270078,0.463335664679013));
#1641=DIRECTION('',(-7.00003095009194E-16,-0.886182860270078,-0.463335664679013));
#1642=DIRECTION('',(1.,-5.03982775485308E-18,-1.50115119352183E-15));
#1643=DIRECTION('',(-7.00003095009194E-16,-0.886182860270078,-0.463335664679013));
#1644=DIRECTION('',(7.00003095009194E-16,0.886182860270078,0.463335664679013));
#1645=DIRECTION('',(1.,-5.03982775485308E-18,-1.50115119352183E-15));
#1646=DIRECTION('',(7.00003095009194E-16,0.886182860270078,0.463335664679013));
#1647=DIRECTION('center_axis',(1.32795932643035E-15,-0.463335664679013,
0.886182860270078));
#1648=DIRECTION('ref_axis',(-7.16903384968239E-16,-0.886182860270078,-0.463335664679013));
#1649=DIRECTION('',(-1.,5.03982775485308E-18,1.50115119352183E-15));
#1650=DIRECTION('center_axis',(-1.32795932643035E-15,0.463335664679013,
-0.886182860270078));
#1651=DIRECTION('ref_axis',(-7.00003095009194E-16,-0.886182860270078,-0.463335664679013));
#1652=DIRECTION('',(1.,-5.03982775485308E-18,-1.50115119352183E-15));
#1653=DIRECTION('center_axis',(-1.,5.03982775485308E-18,1.50115119352183E-15));
#1654=DIRECTION('ref_axis',(7.59580596772334E-16,0.864229809530126,0.503097243402825));
#1655=DIRECTION('center_axis',(-1.,5.03982775485308E-18,1.50115119352183E-15));
#1656=DIRECTION('ref_axis',(7.59580596772334E-16,0.864229809530126,0.503097243402825));
#1657=DIRECTION('',(-1.,5.03982775485308E-18,1.50115119352183E-15));
#1658=DIRECTION('center_axis',(1.,-5.03982775485308E-18,-1.50115119352183E-15));
#1659=DIRECTION('ref_axis',(7.59580596772334E-16,0.864229809530126,0.503097243402825));
#1660=DIRECTION('center_axis',(-1.,5.03982775485308E-18,1.50115119352183E-15));
#1661=DIRECTION('ref_axis',(7.59580596772334E-16,0.864229809530126,0.503097243402825));
#1662=DIRECTION('center_axis',(-1.,5.03982775485308E-18,1.50115119352183E-15));
#1663=DIRECTION('ref_axis',(7.59580596772334E-16,0.864229809530126,0.503097243402825));
#1664=DIRECTION('',(-1.,5.03982775485308E-18,1.50115119352183E-15));
#1665=DIRECTION('center_axis',(1.,-5.03982775485308E-18,-1.50115119352183E-15));
#1666=DIRECTION('ref_axis',(7.59580596772334E-16,0.864229809530126,0.503097243402825));
#1667=DIRECTION('center_axis',(1.2589777700731E-15,-0.54182097297288,0.840493922194993));
#1668=DIRECTION('ref_axis',(8.17591144850259E-16,0.840493922194993,0.54182097297288));
#1669=DIRECTION('center_axis',(1.2589777700731E-15,-0.54182097297288,0.840493922194993));
#1670=DIRECTION('ref_axis',(-8.17591144850259E-16,-0.840493922194993,-0.54182097297288));
#1671=DIRECTION('',(-1.,5.03982775485308E-18,1.50115119352183E-15));
#1672=DIRECTION('center_axis',(1.2589777700731E-15,-0.54182097297288,0.840493922194993));
#1673=DIRECTION('ref_axis',(-8.17591144850259E-16,-0.840493922194993,-0.54182097297288));
#1674=DIRECTION('',(1.,-5.03982775485308E-18,-1.50115119352183E-15));
#1675=DIRECTION('center_axis',(-1.2589777700731E-15,0.54182097297288,-0.840493922194993));
#1676=DIRECTION('ref_axis',(-8.00690854891214E-16,-0.840493922194993,-0.54182097297288));
#1677=DIRECTION('',(-8.17591144850259E-16,-0.840493922194993,-0.54182097297288));
#1678=DIRECTION('',(-1.,5.03982775485308E-18,1.50115119352183E-15));
#1679=DIRECTION('',(-8.17591144850259E-16,-0.840493922194993,-0.54182097297288));
#1680=DIRECTION('',(1.,-5.03982775485308E-18,-1.50115119352183E-15));
#1681=DIRECTION('',(8.17591144850259E-16,0.840493922194993,0.54182097297288));
#1682=DIRECTION('',(-1.,5.03982775485308E-18,1.50115119352183E-15));
#1683=DIRECTION('',(8.17591144850259E-16,0.840493922194993,0.54182097297288));
#1684=DIRECTION('center_axis',(1.2589777700731E-15,-0.54182097297288,0.840493922194993));
#1685=DIRECTION('ref_axis',(-8.17591144850259E-16,-0.840493922194993,-0.541820972972879));
#1686=DIRECTION('center_axis',(-1.,5.03982775485308E-18,1.50115119352183E-15));
#1687=DIRECTION('ref_axis',(7.59580596772334E-16,0.864229809530126,0.503097243402825));
#1688=DIRECTION('center_axis',(-1.,5.03982775485308E-18,1.50115119352183E-15));
#1689=DIRECTION('ref_axis',(7.59580596772334E-16,0.864229809530126,0.503097243402825));
#1690=DIRECTION('',(-1.,5.03982775485308E-18,1.50115119352183E-15));
#1691=DIRECTION('center_axis',(1.,-5.03982775485308E-18,-1.50115119352183E-15));
#1692=DIRECTION('ref_axis',(7.59580596772334E-16,0.864229809530126,0.503097243402825));
#1693=DIRECTION('center_axis',(-0.426401432711224,0.168467678864448,-0.888707184262534));
#1694=DIRECTION('ref_axis',(-0.696310623822791,-0.688251309763403,0.203621339157948));
#1695=DIRECTION('center_axis',(-7.59580596772334E-16,-0.864229809530126,
-0.503097243402825));
#1696=DIRECTION('ref_axis',(-0.707106781186547,-0.355743472406397,0.611102758822312));
#1697=DIRECTION('center_axis',(1.2948040866026E-15,-0.503097243402825,0.864229809530126));
#1698=DIRECTION('ref_axis',(-1.,5.03982775485309E-18,1.50115119352183E-15));
#1699=DIRECTION('center_axis',(0.942809041582063,-0.288076603176709,-0.167699081134277));
#1700=DIRECTION('ref_axis',(1.2948040866026E-15,-0.503097243402825,0.864229809530126));
#1701=DIRECTION('center_axis',(7.59580596772334E-16,0.864229809530126,0.503097243402825));
#1702=DIRECTION('ref_axis',(-0.707106781186547,-0.355743472406397,0.611102758822312));
#1703=DIRECTION('center_axis',(-7.59580596772334E-16,-0.864229809530126,
-0.503097243402825));
#1704=DIRECTION('ref_axis',(-0.707106781186547,-0.355743472406397,0.611102758822312));
#1705=DIRECTION('',(-7.59580596772334E-16,-0.864229809530126,-0.503097243402825));
#1706=DIRECTION('center_axis',(-7.59580596772334E-16,-0.864229809530126,
-0.503097243402825));
#1707=DIRECTION('ref_axis',(0.707106781186548,-0.355743472406397,0.611102758822309));
#1708=DIRECTION('',(-7.59580596772334E-16,-0.864229809530126,-0.503097243402825));
#1709=DIRECTION('',(7.59580596772334E-16,0.864229809530126,0.503097243402825));
#1710=DIRECTION('center_axis',(7.59580596772334E-16,0.864229809530126,0.503097243402825));
#1711=DIRECTION('ref_axis',(0.707106781186548,-0.355743472406397,0.611102758822309));
#1712=DIRECTION('',(7.59580596772334E-16,0.864229809530126,0.503097243402825));
#1713=DIRECTION('center_axis',(-7.59580596772334E-16,-0.864229809530126,
-0.503097243402825));
#1714=DIRECTION('ref_axis',(0.707106781186548,-0.355743472406397,0.611102758822309));
#1715=DIRECTION('center_axis',(1.2948040866026E-15,-0.503097243402825,0.864229809530126));
#1716=DIRECTION('ref_axis',(7.59580596772334E-16,0.864229809530126,0.503097243402825));
#1717=DIRECTION('center_axis',(1.2948040866026E-15,-0.503097243402825,0.864229809530126));
#1718=DIRECTION('ref_axis',(-7.79519361686903E-16,-0.864229809530126,-0.503097243402825));
#1719=DIRECTION('',(7.59580596772334E-16,0.864229809530126,0.503097243402825));
#1720=DIRECTION('',(-1.,5.03982775485308E-18,1.50115119352183E-15));
#1721=DIRECTION('center_axis',(-3.5548704482459E-16,-0.972345957165683,
-0.233545155341642));
#1722=DIRECTION('ref_axis',(0.707106781186546,0.165141363055341,-0.68755241997118));
#1723=DIRECTION('',(3.5548704482459E-16,0.972345957165683,0.233545155341642));
#1724=DIRECTION('',(-3.5548704482459E-16,-0.972345957165683,-0.233545155341642));
#1725=DIRECTION('center_axis',(1.,-5.03982775485308E-18,-1.50115119352183E-15));
#1726=DIRECTION('ref_axis',(1.2948040866026E-15,-0.503097243402825,0.864229809530126));
#1727=DIRECTION('center_axis',(1.,-5.03982775485308E-18,-1.50115119352183E-15));
#1728=DIRECTION('ref_axis',(1.45266934078019E-15,0.255359286415913,0.966846231228708));
#1729=DIRECTION('center_axis',(-1.2948040866026E-15,0.503097243402825,-0.864229809530126));
#1730=DIRECTION('ref_axis',(1.,0.,-1.57898385724467E-15));
#1731=DIRECTION('center_axis',(-0.909059342886309,0.360095753970886,0.209623851417846));
#1732=DIRECTION('ref_axis',(-1.2948040866026E-15,0.503097243402826,-0.864229809530126));
#1733=DIRECTION('center_axis',(1.2948040866026E-15,-0.503097243402825,0.864229809530126));
#1734=DIRECTION('ref_axis',(0.912870929175277,0.352820342308584,0.205388589556284));
#1735=DIRECTION('center_axis',(0.942809041582063,-0.288076603176709,-0.167699081134277));
#1736=DIRECTION('ref_axis',(-0.333333333333334,-0.814803678429747,-0.474324629875195));
#1737=DIRECTION('center_axis',(-1.2948040866026E-15,0.503097243402825,-0.864229809530126));
#1738=DIRECTION('ref_axis',(1.,0.,-1.57898385724467E-15));
#1739=DIRECTION('center_axis',(7.59580596772334E-16,0.864229809530126,0.503097243402825));
#1740=DIRECTION('ref_axis',(-1.2948040866026E-15,0.503097243402825,-0.864229809530126));
#1741=DIRECTION('center_axis',(1.2948040866026E-15,-0.503097243402825,0.864229809530126));
#1742=DIRECTION('ref_axis',(1.,6.66601655420579E-16,-1.11016609324594E-15));
#1743=DIRECTION('center_axis',(-7.59580596772334E-16,-0.864229809530126,
-0.503097243402825));
#1744=DIRECTION('ref_axis',(1.2948040866026E-15,-0.503097243402825,0.864229809530126));
#1745=DIRECTION('',(1.2948040866026E-15,-0.503097243402825,0.864229809530126));
#1746=DIRECTION('center_axis',(-7.59580596772334E-16,-0.864229809530126,
-0.503097243402825));
#1747=DIRECTION('ref_axis',(0.707106781186547,0.355743472406397,-0.611102758822312));
#1748=DIRECTION('center_axis',(-7.59580596772334E-16,-0.864229809530126,
-0.503097243402825));
#1749=DIRECTION('ref_axis',(-0.707106781186548,0.355743472406397,-0.611102758822309));
#1750=DIRECTION('',(-1.2948040866026E-15,0.503097243402825,-0.864229809530126));
#1751=DIRECTION('center_axis',(-1.,5.03982775485308E-18,1.50115119352183E-15));
#1752=DIRECTION('ref_axis',(-1.2948040866026E-15,0.503097243402825,-0.864229809530126));
#1753=DIRECTION('center_axis',(-1.,5.03982775485308E-18,1.50115119352183E-15));
#1754=DIRECTION('ref_axis',(-3.78460159109309E-16,0.966846231228708,-0.255359286415914));
#1755=DIRECTION('',(1.09960547784043E-15,0.683218098913565,0.730214372165417));
#1756=DIRECTION('center_axis',(1.,-5.03982775485308E-18,-1.50115119352183E-15));
#1757=DIRECTION('ref_axis',(-3.78460159109309E-16,0.966846231228708,-0.255359286415914));
#1758=DIRECTION('center_axis',(-1.,5.03982775485308E-18,1.50115119352183E-15));
#1759=DIRECTION('ref_axis',(-3.78460159109309E-16,0.966846231228708,-0.255359286415914));
#1760=DIRECTION('',(1.,-5.03982775485308E-18,-1.50115119352183E-15));
#1761=DIRECTION('',(-1.,5.03982775485308E-18,1.50115119352183E-15));
#1762=DIRECTION('center_axis',(7.59580596772334E-16,0.864229809530126,0.503097243402825));
#1763=DIRECTION('ref_axis',(-1.,5.03982775485308E-18,1.50115119352183E-15));
#1764=DIRECTION('',(1.2948040866026E-15,-0.503097243402825,0.864229809530126));
#1765=DIRECTION('',(-1.,-8.0890963514572E-17,1.64876470630764E-15));
#1766=DIRECTION('',(1.2948040866026E-15,-0.503097243402825,0.864229809530126));
#1767=DIRECTION('center_axis',(7.59580596772334E-16,0.864229809530126,0.503097243402825));
#1768=DIRECTION('ref_axis',(1.,-5.03982775485308E-18,-1.50115119352183E-15));
#1769=DIRECTION('center_axis',(7.59580596772334E-16,0.864229809530126,0.503097243402825));
#1770=DIRECTION('ref_axis',(1.,-5.03982775485308E-18,-1.50115119352183E-15));
#1771=DIRECTION('',(7.59580596772334E-16,0.864229809530126,0.503097243402825));
#1772=DIRECTION('center_axis',(7.59580596772334E-16,0.864229809530126,0.503097243402825));
#1773=DIRECTION('ref_axis',(1.,-5.03982775485308E-18,-1.50115119352183E-15));
#1774=DIRECTION('center_axis',(-7.59580596772334E-16,-0.864229809530126,
-0.503097243402825));
#1775=DIRECTION('ref_axis',(1.,-5.03982775485308E-18,-1.50115119352183E-15));
#1776=DIRECTION('center_axis',(7.59580596772334E-16,0.864229809530126,0.503097243402825));
#1777=DIRECTION('ref_axis',(1.,-5.03982775485308E-18,-1.50115119352183E-15));
#1778=DIRECTION('',(7.59580596772334E-16,0.864229809530126,0.503097243402825));
#1779=DIRECTION('center_axis',(7.59580596772334E-16,0.864229809530126,0.503097243402825));
#1780=DIRECTION('ref_axis',(1.,-5.03982775485308E-18,-1.50115119352183E-15));
#1781=DIRECTION('center_axis',(-7.59580596772334E-16,-0.864229809530126,
-0.503097243402825));
#1782=DIRECTION('ref_axis',(1.,-5.03982775485308E-18,-1.50115119352183E-15));
#1783=DIRECTION('center_axis',(-1.09960547784043E-15,-0.683218098913565,
-0.730214372165417));
#1784=DIRECTION('ref_axis',(-0.707106781186546,-0.516339534278044,0.483108150771165));
#1785=DIRECTION('',(-1.09960547784043E-15,-0.683218098913565,-0.730214372165417));
#1786=DIRECTION('center_axis',(-1.02193350995998E-15,0.730214372165417,
-0.683218098913565));
#1787=DIRECTION('ref_axis',(1.,-5.03982775485308E-18,-1.50115119352183E-15));
#1788=DIRECTION('',(-1.,5.03982775485308E-18,1.50115119352183E-15));
#1789=DIRECTION('',(1.09960547784043E-15,0.683218098913565,0.730214372165417));
#1790=DIRECTION('center_axis',(1.02193350995998E-15,-0.730214372165417,
0.683218098913565));
#1791=DIRECTION('ref_axis',(-1.09960547784043E-15,-0.683218098913565,-0.730214372165417));
#1792=DIRECTION('center_axis',(1.09960547784043E-15,0.683218098913565,0.730214372165417));
#1793=DIRECTION('ref_axis',(0.707106781186548,-0.516339534278044,0.483108150771163));
#1794=DIRECTION('center_axis',(-1.2948040866026E-15,0.503097243402825,-0.864229809530126));
#1795=DIRECTION('ref_axis',(-7.79519361686903E-16,-0.864229809530126,-0.503097243402825));
#1796=DIRECTION('',(-1.09960547784043E-15,-0.683218098913565,-0.730214372165417));
#1797=DIRECTION('center_axis',(3.5548704482459E-16,0.972345957165683,0.233545155341642));
#1798=DIRECTION('ref_axis',(-0.707106781186548,0.165141363055341,-0.687552419971178));
#1799=DIRECTION('',(-3.5548704482459E-16,-0.972345957165683,-0.233545155341642));
#1800=DIRECTION('',(3.5548704482459E-16,0.972345957165683,0.233545155341642));
#1801=DIRECTION('center_axis',(1.45846126675949E-15,-0.233545155341643,
0.972345957165683));
#1802=DIRECTION('ref_axis',(-1.,5.03982775485308E-18,1.50115119352183E-15));
#1803=DIRECTION('center_axis',(-1.45846126675949E-15,0.233545155341643,
-0.972345957165683));
#1804=DIRECTION('ref_axis',(-3.5548704482459E-16,-0.972345957165683,-0.233545155341642));
#1805=DIRECTION('',(1.,-5.03982775485308E-18,-1.50115119352183E-15));
#1806=DIRECTION('center_axis',(-7.59580596772334E-16,-0.864229809530126,
-0.503097243402825));
#1807=DIRECTION('ref_axis',(-0.707106781186548,0.355743472406397,-0.611102758822309));
#1808=DIRECTION('center_axis',(-7.59580596772334E-16,-0.864229809530126,
-0.503097243402825));
#1809=DIRECTION('ref_axis',(-1.,5.03982775485309E-18,1.50115119352183E-15));
#1810=DIRECTION('',(-7.59580596772334E-16,-0.864229809530126,-0.503097243402825));
#1811=DIRECTION('center_axis',(7.59580596772334E-16,0.864229809530126,0.503097243402825));
#1812=DIRECTION('ref_axis',(-1.2948040866026E-15,0.503097243402825,-0.864229809530126));
#1813=DIRECTION('',(7.59580596772334E-16,0.864229809530126,0.503097243402825));
#1814=DIRECTION('center_axis',(1.,-5.03982775485308E-18,-1.50115119352183E-15));
#1815=DIRECTION('ref_axis',(1.49587944370547E-15,-0.503097243402826,0.864229809530126));
#1816=DIRECTION('center_axis',(-7.59580596772334E-16,-0.864229809530126,
-0.503097243402825));
#1817=DIRECTION('ref_axis',(1.2948040866026E-15,-0.503097243402825,0.864229809530126));
#1818=DIRECTION('center_axis',(1.,-5.03982775485308E-18,-1.50115119352183E-15));
#1819=DIRECTION('ref_axis',(-7.59580596772334E-16,-0.864229809530126,-0.503097243402826));
#1820=DIRECTION('center_axis',(-1.,5.03982775485308E-18,1.50115119352183E-15));
#1821=DIRECTION('ref_axis',(-7.59580596772334E-16,-0.864229809530126,-0.503097243402826));
#1822=DIRECTION('center_axis',(7.59580596772334E-16,0.864229809530126,0.503097243402825));
#1823=DIRECTION('ref_axis',(-0.707106781186547,-0.355743472406397,0.611102758822312));
#1824=DIRECTION('center_axis',(-7.59580596772334E-16,-0.864229809530126,
-0.503097243402825));
#1825=DIRECTION('ref_axis',(1.2948040866026E-15,-0.503097243402825,0.864229809530126));
#1826=DIRECTION('',(-7.59580596772334E-16,-0.864229809530126,-0.503097243402825));
#1827=DIRECTION('center_axis',(-7.59580596772334E-16,-0.864229809530126,
-0.503097243402825));
#1828=DIRECTION('ref_axis',(-0.707106781186548,0.355743472406397,-0.611102758822309));
#1829=DIRECTION('',(7.59580596772334E-16,0.864229809530126,0.503097243402825));
#1830=DIRECTION('center_axis',(7.59580596772334E-16,0.864229809530126,0.503097243402825));
#1831=DIRECTION('ref_axis',(-0.707106781186547,-0.355743472406397,0.611102758822312));
#1832=DIRECTION('center_axis',(-7.59580596772334E-16,-0.864229809530126,
-0.503097243402825));
#1833=DIRECTION('ref_axis',(1.2948040866026E-15,-0.503097243402825,0.864229809530126));
#1834=DIRECTION('',(-7.59580596772334E-16,-0.864229809530126,-0.503097243402825));
#1835=DIRECTION('center_axis',(-1.2948040866026E-15,0.503097243402825,-0.864229809530126));
#1836=DIRECTION('ref_axis',(1.,0.,-1.57898385724467E-15));
#1837=DIRECTION('center_axis',(-1.2948040866026E-15,0.503097243402825,-0.864229809530126));
#1838=DIRECTION('ref_axis',(0.912870929175277,0.352820342308584,0.205388589556284));
#1839=DIRECTION('center_axis',(-0.909059342886309,0.360095753970886,0.209623851417845));
#1840=DIRECTION('ref_axis',(-0.416666666666667,-0.785636182754217,-0.457345249495686));
#1841=DIRECTION('center_axis',(1.2948040866026E-15,-0.503097243402825,0.864229809530126));
#1842=DIRECTION('ref_axis',(-1.,0.,1.57898385724467E-15));
#1843=DIRECTION('center_axis',(-1.2948040866026E-15,0.503097243402825,-0.864229809530126));
#1844=DIRECTION('ref_axis',(1.,-5.03982775485307E-18,-1.50115119352183E-15));
#1845=DIRECTION('center_axis',(1.2948040866026E-15,-0.503097243402825,0.864229809530126));
#1846=DIRECTION('ref_axis',(-0.816496580927727,-0.498963313173917,-0.290463328907179));
#1847=DIRECTION('center_axis',(1.2948040866026E-15,-0.503097243402825,0.864229809530126));
#1848=DIRECTION('ref_axis',(-1.,5.03982775485309E-18,1.50115119352183E-15));
#1849=DIRECTION('',(1.2948040866026E-15,-0.503097243402825,0.864229809530126));
#1850=DIRECTION('',(-1.2948040866026E-15,0.503097243402825,-0.864229809530126));
#1851=DIRECTION('center_axis',(0.426401432711221,0.689617862655673,-0.585328131639031));
#1852=DIRECTION('ref_axis',(-0.696310623822792,-0.16278337666738,-0.699037257542315));
#1853=DIRECTION('center_axis',(-7.59580596772334E-16,-0.864229809530126,
-0.503097243402825));
#1854=DIRECTION('ref_axis',(-0.707106781186548,0.355743472406397,-0.61110275882231));
#1855=DIRECTION('center_axis',(-1.,5.03982775485308E-18,1.50115119352183E-15));
#1856=DIRECTION('ref_axis',(-1.2948040866026E-15,0.503097243402825,-0.864229809530126));
#1857=DIRECTION('',(1.2948040866026E-15,-0.503097243402825,0.864229809530126));
#1858=DIRECTION('center_axis',(1.,-5.03982775485308E-18,-1.50115119352183E-15));
#1859=DIRECTION('ref_axis',(-7.59580596772334E-16,-0.864229809530126,-0.503097243402825));
#1860=DIRECTION('center_axis',(-1.2948040866026E-15,0.503097243402825,-0.864229809530126));
#1861=DIRECTION('ref_axis',(-7.59580596772334E-16,-0.864229809530126,-0.503097243402825));
#1862=DIRECTION('',(7.59580596772334E-16,0.864229809530126,0.503097243402825));
#1863=DIRECTION('',(1.,-5.03982775485308E-18,-1.50115119352183E-15));
#1864=DIRECTION('center_axis',(-7.59580596772334E-16,-0.864229809530126,
-0.503097243402825));
#1865=DIRECTION('ref_axis',(-0.707106781186548,0.355743472406397,-0.611102758822309));
#1866=DIRECTION('',(7.59580596772334E-16,0.864229809530126,0.503097243402825));
#1867=DIRECTION('center_axis',(-1.,5.03982775485308E-18,1.50115119352183E-15));
#1868=DIRECTION('ref_axis',(-1.2948040866026E-15,0.503097243402825,-0.864229809530126));
#1869=DIRECTION('center_axis',(-1.,5.03982775485308E-18,1.50115119352183E-15));
#1870=DIRECTION('ref_axis',(-7.59580596772334E-16,-0.864229809530126,-0.503097243402825));
#1871=DIRECTION('center_axis',(-1.,5.03982775485308E-18,1.50115119352183E-15));
#1872=DIRECTION('ref_axis',(1.45266934078019E-15,0.255359286415913,0.966846231228708));
#1873=DIRECTION('',(1.2948040866026E-15,-0.503097243402825,0.864229809530126));
#1874=DIRECTION('',(7.59580596772334E-16,0.864229809530126,0.503097243402825));
#1875=DIRECTION('',(1.2948040866026E-15,-0.503097243402825,0.864229809530126));
#1876=DIRECTION('center_axis',(-1.,5.03982775485308E-18,1.50115119352183E-15));
#1877=DIRECTION('ref_axis',(1.45266934078019E-15,0.255359286415913,0.966846231228708));
#1878=DIRECTION('center_axis',(-1.,5.03982775485308E-18,1.50115119352183E-15));
#1879=DIRECTION('ref_axis',(1.45266934078019E-15,0.255359286415913,0.966846231228708));
#1880=DIRECTION('',(1.,-5.03982775485308E-18,-1.50115119352183E-15));
#1881=DIRECTION('',(-1.,5.03982775485308E-18,1.50115119352183E-15));
#1882=DIRECTION('center_axis',(-0.145525544110902,-0.855029646557609,-0.497741518781382));
#1883=DIRECTION('ref_axis',(-9.57811510724943E-11,0.503097243206092,-0.864229809644651));
#1884=DIRECTION('center_axis',(-0.145525544110907,-0.855029646316539,-0.497741519195494));
#1885=DIRECTION('ref_axis',(0.90795727424347,-0.315256426779656,0.276092327895021));
#1886=DIRECTION('center_axis',(-0.126931706849272,-0.857239450977732,-0.499027920545262));
#1887=DIRECTION('ref_axis',(-1.2948040866026E-15,0.503097243402824,-0.864229809530127));
#1888=DIRECTION('center_axis',(-0.126931706849272,-0.857239450977731,-0.499027920545263));
#1889=DIRECTION('ref_axis',(0.909101868389302,-0.301778926150745,0.28716419105171));
#1890=DIRECTION('center_axis',(-0.116667838467489,-0.858327975557597,-0.49966158731938));
#1891=DIRECTION('ref_axis',(4.81142254883576E-15,0.503097243402819,-0.86422980953013));
#1892=DIRECTION('center_axis',(-0.116667838467493,-0.858327975557595,-0.499661587319382));
#1893=DIRECTION('ref_axis',(0.910256247983255,-0.293649124320991,0.291896822170029));
#1894=DIRECTION('center_axis',(-1.,5.03982775485308E-18,1.50115119352183E-15));
#1895=DIRECTION('ref_axis',(-1.45266934078019E-15,-0.255359286415914,-0.966846231228707));
#1896=DIRECTION('center_axis',(-1.2948040866026E-15,0.503097243402825,-0.864229809530126));
#1897=DIRECTION('ref_axis',(7.59580596772334E-16,0.864229809530126,0.503097243402825));
#1898=DIRECTION('',(1.,-5.03982775485308E-18,-1.50115119352183E-15));
#1899=DIRECTION('',(-7.59580596772334E-16,-0.864229809530126,-0.503097243402825));
#1900=DIRECTION('',(1.,-5.03982775485308E-18,-1.50115119352183E-15));
#1901=DIRECTION('center_axis',(7.59580596772334E-16,0.864229809530126,0.503097243402825));
#1902=DIRECTION('ref_axis',(0.707106781186547,0.355743472406397,-0.611102758822312));
#1903=DIRECTION('',(-7.59580596772334E-16,-0.864229809530126,-0.503097243402825));
#1904=DIRECTION('center_axis',(7.59580596772334E-16,0.864229809530126,0.503097243402825));
#1905=DIRECTION('ref_axis',(0.707106781186547,0.355743472406397,-0.611102758822312));
#1906=DIRECTION('',(-7.59580596772334E-16,-0.864229809530126,-0.503097243402825));
#1907=DIRECTION('center_axis',(1.,-5.03982775485308E-18,-1.50115119352183E-15));
#1908=DIRECTION('ref_axis',(7.59580596772334E-16,0.864229809530126,0.503097243402825));
#1909=DIRECTION('',(-1.2948040866026E-15,0.503097243402825,-0.864229809530126));
#1910=DIRECTION('center_axis',(-7.59580596772334E-16,-0.864229809530126,
-0.503097243402825));
#1911=DIRECTION('ref_axis',(-1.2948040866026E-15,0.503097243402825,-0.864229809530126));
#1912=DIRECTION('',(1.2948040866026E-15,-0.503097243402825,0.864229809530126));
#1913=DIRECTION('',(-1.,5.03982775485308E-18,1.50115119352183E-15));
#1914=DIRECTION('center_axis',(-1.2948040866026E-15,0.503097243402825,-0.864229809530126));
#1915=DIRECTION('ref_axis',(0.707106781186548,0.611102758822311,0.355743472406396));
#1916=DIRECTION('center_axis',(-1.,5.03982775485308E-18,1.50115119352183E-15));
#1917=DIRECTION('ref_axis',(1.45266934078019E-15,0.255359286415913,0.966846231228708));
#1918=DIRECTION('center_axis',(1.,-5.03982775485308E-18,-1.50115119352183E-15));
#1919=DIRECTION('ref_axis',(1.45266934078019E-15,0.255359286415913,0.966846231228708));
#1920=DIRECTION('',(-1.,5.03982775485308E-18,1.50115119352183E-15));
#1921=DIRECTION('',(1.,-5.03982775485308E-18,-1.50115119352183E-15));
#1922=DIRECTION('center_axis',(-7.59580596772334E-16,-0.864229809530126,
-0.503097243402825));
#1923=DIRECTION('ref_axis',(1.,-5.03982775485308E-18,-1.50115119352183E-15));
#1924=DIRECTION('',(1.2948040866026E-15,-0.503097243402825,0.864229809530126));
#1925=DIRECTION('',(1.,-5.03982775485308E-18,-1.50115119352183E-15));
#1926=DIRECTION('',(-1.,5.03982775485308E-18,1.50115119352183E-15));
#1927=DIRECTION('center_axis',(1.,-5.03982775485308E-18,-1.50115119352183E-15));
#1928=DIRECTION('ref_axis',(-3.78460159109309E-16,0.966846231228708,-0.255359286415914));
#1929=DIRECTION('center_axis',(1.,-5.03982775485308E-18,-1.50115119352183E-15));
#1930=DIRECTION('ref_axis',(-3.78460159109309E-16,0.966846231228708,-0.255359286415914));
#1931=DIRECTION('center_axis',(1.,-5.03982775485308E-18,-1.50115119352183E-15));
#1932=DIRECTION('ref_axis',(-3.78460159109309E-16,0.966846231228708,-0.255359286415914));
#1933=DIRECTION('center_axis',(1.,-5.03982775485308E-18,-1.50115119352183E-15));
#1934=DIRECTION('ref_axis',(1.2948040866026E-15,-0.503097243402825,0.864229809530126));
#1935=DIRECTION('center_axis',(-1.,5.03982775485308E-18,1.50115119352183E-15));
#1936=DIRECTION('ref_axis',(-1.2948040866026E-15,0.503097243402825,-0.864229809530126));
#1937=DIRECTION('center_axis',(-1.46560762885262E-15,0.503097243402825,
-0.864229809530126));
#1938=DIRECTION('ref_axis',(-1.,-8.0890963514572E-17,1.64876470630764E-15));
#1939=DIRECTION('',(7.59580596772334E-16,0.864229809530126,0.503097243402825));
#1940=DIRECTION('',(-1.,-8.0890963514572E-17,1.64876470630764E-15));
#1941=DIRECTION('center_axis',(7.59580596772334E-16,0.864229809530126,0.503097243402825));
#1942=DIRECTION('ref_axis',(-1.2948040866026E-15,0.503097243402825,-0.864229809530126));
#1943=DIRECTION('',(-1.23446587874254E-15,0.503097243402825,-0.864229809530126));
#1944=DIRECTION('center_axis',(1.,-5.03982775485308E-18,-1.50115119352183E-15));
#1945=DIRECTION('ref_axis',(-7.59580596772334E-16,-0.864229809530126,-0.503097243402825));
#1946=DIRECTION('center_axis',(-1.,5.03982775485308E-18,1.50115119352183E-15));
#1947=DIRECTION('ref_axis',(-7.59580596772334E-16,-0.864229809530126,-0.503097243402825));
#1948=DIRECTION('',(-1.,5.03982775485308E-18,1.50115119352183E-15));
#1949=DIRECTION('center_axis',(-1.,5.03982775485308E-18,1.50115119352183E-15));
#1950=DIRECTION('ref_axis',(-7.59580596772334E-16,-0.864229809530126,-0.503097243402825));
#1951=DIRECTION('',(1.2948040866026E-15,-0.503097243402825,0.864229809530126));
#1952=DIRECTION('',(-7.59580596772334E-16,-0.864229809530126,-0.503097243402825));
#1953=DIRECTION('',(-1.2948040866026E-15,0.503097243402825,-0.864229809530126));
#1954=DIRECTION('',(7.44883442026741E-16,0.869866204893582,0.493287731029301));
#1955=DIRECTION('center_axis',(1.2948040866026E-15,-0.503097243402825,0.864229809530126));
#1956=DIRECTION('ref_axis',(7.59580596772334E-16,0.864229809530126,0.503097243402825));
#1957=DIRECTION('',(-1.,5.03982775485308E-18,1.50115119352183E-15));
#1958=DIRECTION('',(7.59580596772334E-16,0.864229809530126,0.503097243402825));
#1959=DIRECTION('',(-1.,5.03982775485308E-18,1.50115119352183E-15));
#1960=DIRECTION('center_axis',(7.59580596772334E-16,0.864229809530126,0.503097243402825));
#1961=DIRECTION('ref_axis',(-1.2948040866026E-15,0.503097243402825,-0.864229809530126));
#1962=DIRECTION('',(-1.,5.03982775485308E-18,1.50115119352183E-15));
#1963=DIRECTION('',(-1.2948040866026E-15,0.503097243402825,-0.864229809530126));
#1964=DIRECTION('center_axis',(1.,-5.03982775485308E-18,-1.50115119352183E-15));
#1965=DIRECTION('ref_axis',(7.59580596772334E-16,0.864229809530126,0.503097243402825));
#1966=DIRECTION('center_axis',(1.2948040866026E-15,-0.503097243402825,0.864229809530126));
#1967=DIRECTION('ref_axis',(-7.59580596772334E-16,-0.864229809530126,-0.503097243402825));
#1968=DIRECTION('',(7.59580596772334E-16,0.864229809530126,0.503097243402825));
#1969=DIRECTION('',(1.,-5.03982775485308E-18,-1.50115119352183E-15));
#1970=DIRECTION('center_axis',(-1.,5.03982775485308E-18,1.50115119352183E-15));
#1971=DIRECTION('ref_axis',(-7.59580596772334E-16,-0.864229809530126,-0.503097243402825));
#1972=DIRECTION('center_axis',(1.,-5.03982775485308E-18,-1.50115119352183E-15));
#1973=DIRECTION('ref_axis',(1.2948040866026E-15,-0.503097243402826,0.864229809530126));
#1974=DIRECTION('',(1.2948040866026E-15,-0.503097243402825,0.864229809530126));
#1975=DIRECTION('',(-7.44883442026741E-16,-0.869866204893582,-0.493287731029301));
#1976=DIRECTION('center_axis',(1.,-5.03982775485308E-18,-1.50115119352183E-15));
#1977=DIRECTION('ref_axis',(1.2948040866026E-15,-0.503097243402826,0.864229809530126));
#1978=DIRECTION('center_axis',(-1.30331460648233E-15,0.493287731029301,
-0.869866204893582));
#1979=DIRECTION('ref_axis',(-7.44883442026741E-16,-0.869866204893582,-0.493287731029301));
#1980=DIRECTION('',(-1.,5.03982775485308E-18,1.50115119352183E-15));
#1981=DIRECTION('center_axis',(-7.59580596772334E-16,-0.864229809530126,
-0.503097243402825));
#1982=DIRECTION('ref_axis',(1.2948040866026E-15,-0.503097243402825,0.864229809530126));
#1983=CARTESIAN_POINT('',(0.,0.,0.));
#1984=CARTESIAN_POINT('Origin',(80.3454544243434,102.030628640817,142.584655110064));
#1985=CARTESIAN_POINT('',(86.8454544243434,102.030628640817,142.584655110064));
#1986=CARTESIAN_POINT('Origin',(80.3454544243434,102.030628640817,142.584655110064));
#1987=CARTESIAN_POINT('',(86.8454544243434,100.302169021757,141.578460623259));
#1988=CARTESIAN_POINT('',(86.8454544243434,102.030628640817,142.584655110064));
#1989=CARTESIAN_POINT('',(82.2973765539377,97.1829661126592,146.936685442346));
#1990=CARTESIAN_POINT('Origin',(80.3454544243434,100.302169021757,141.578460623259));
#1991=CARTESIAN_POINT('',(82.2973765539377,90.2691276364182,142.911907495123));
#1992=CARTESIAN_POINT('',(82.2973765539377,98.9114257317195,147.942879929151));
#1993=CARTESIAN_POINT('',(78.3935322947491,90.2691276364182,142.911907495123));
#1994=CARTESIAN_POINT('Origin',(80.3454544243434,93.3883305455157,137.553682676036));
#1995=CARTESIAN_POINT('',(78.3935322947491,97.1829661126592,146.936685442346));
#1996=CARTESIAN_POINT('',(78.3935322947491,98.9114257317195,147.942879929151));
#1997=CARTESIAN_POINT('',(73.8454544243434,100.302169021757,141.578460623259));
#1998=CARTESIAN_POINT('Origin',(80.3454544243434,100.302169021757,141.578460623259));
#1999=CARTESIAN_POINT('Origin',(80.3454544243434,100.302169021757,141.578460623259));
#2000=CARTESIAN_POINT('Origin',(80.3454544243434,102.968584411792,136.998042632749));
#2001=CARTESIAN_POINT('',(86.8454544243434,97.1829661126592,146.936685442346));
#2002=CARTESIAN_POINT('',(86.8454544243434,97.1829661126592,146.936685442346));
#2003=CARTESIAN_POINT('',(73.8454544243434,97.1829661126592,146.936685442346));
#2004=CARTESIAN_POINT('Origin',(80.3454544243434,102.968584411792,136.998042632749));
#2005=CARTESIAN_POINT('',(73.8454544243434,97.1829661126592,146.936685442346));
#2006=CARTESIAN_POINT('',(73.8454544243434,97.1829661126592,146.936685442346));
#2007=CARTESIAN_POINT('',(73.8454544243434,108.754202710924,127.059399823153));
#2008=CARTESIAN_POINT('Origin',(86.8454544243433,105.613593560204,116.552898304454));
#2009=CARTESIAN_POINT('',(86.8454544243434,90.2691276364182,142.911907495123));
#2010=CARTESIAN_POINT('',(80.3454544243434,90.2691276364182,142.911907495123));
#2011=CARTESIAN_POINT('',(86.8454544243434,87.5249606930413,147.625888551256));
#2012=CARTESIAN_POINT('',(86.8454544243433,105.613593560204,116.552898304454));
#2013=CARTESIAN_POINT('',(73.8454544243434,87.5249606930413,147.625888551256));
#2014=CARTESIAN_POINT('',(90.3454544243434,87.5249606930413,147.625888551256));
#2015=CARTESIAN_POINT('',(73.8454544243434,90.2691276364182,142.911907495123));
#2016=CARTESIAN_POINT('',(73.8454544243433,105.613593560204,116.552898304454));
#2017=CARTESIAN_POINT('',(80.3454544243434,90.2691276364182,142.911907495123));
#2018=CARTESIAN_POINT('',(79.2454541933754,89.2629331496126,144.640367114183));
#2019=CARTESIAN_POINT('Origin',(80.3454541933754,89.2629331496126,144.640367114183));
#2020=CARTESIAN_POINT('Origin',(73.8454544243434,90.2691276364182,142.911907495123));
#2021=CARTESIAN_POINT('',(86.8454544243434,90.2691276364182,142.911907495123));
#2022=CARTESIAN_POINT('Origin',(73.8454544243434,90.2691276364182,142.911907495123));
#2023=CARTESIAN_POINT('',(73.8454544243434,90.2691276364182,142.911907495123));
#2024=CARTESIAN_POINT('Origin',(93.8454544243433,54.6489182896809,114.65503778005));
#2025=CARTESIAN_POINT('',(85.8454544243434,53.4346754072911,113.948186153069));
#2026=CARTESIAN_POINT('Origin',(85.8454544243434,54.6489182896809,114.65503778005));
#2027=CARTESIAN_POINT('',(74.8454544243434,53.4346754072911,113.948186153069));
#2028=CARTESIAN_POINT('',(93.8454544243433,53.4346754072911,113.948186153069));
#2029=CARTESIAN_POINT('Origin',(74.8454544243434,54.6489182896809,114.65503778005));
#2030=CARTESIAN_POINT('Origin',(93.8454544243434,96.395940080559,152.264029633805));
#2031=CARTESIAN_POINT('',(70.2194706461152,59.4161199126292,132.929341133966));
#2032=CARTESIAN_POINT('',(67.9720574552729,96.3959400805589,152.264029633805));
#2033=CARTESIAN_POINT('Origin',(72.8454544243435,164.702481291743,187.977715931419));
#2034=CARTESIAN_POINT('',(72.0444763855399,57.406392590309,131.878566642089));
#2035=CARTESIAN_POINT('Origin',(72.8454544243434,59.6332051938233,133.042842937672));
#2036=CARTESIAN_POINT('',(72.8571452963305,57.1440561729974,131.741405539415));
#2037=CARTESIAN_POINT('Ctrl Pts',(72.8571452963306,57.1440561729974,131.741405539415));
#2038=CARTESIAN_POINT('Ctrl Pts',(72.5931732523015,57.2402155783912,131.791681937223));
#2039=CARTESIAN_POINT('Ctrl Pts',(72.321303846687,57.3281951027049,131.837681530765));
#2040=CARTESIAN_POINT('Ctrl Pts',(72.0444763855399,57.406392590309,131.878566642089));
#2041=CARTESIAN_POINT('',(77.8454541933754,53.4888730789764,129.830313862608));
#2042=CARTESIAN_POINT('Ctrl Pts',(77.8454541933754,53.4888730789764,129.830313862608));
#2043=CARTESIAN_POINT('Ctrl Pts',(77.841595655551,53.4939833785613,129.83298575366));
#2044=CARTESIAN_POINT('Ctrl Pts',(77.8377359112042,53.4990856364864,129.835653440176));
#2045=CARTESIAN_POINT('Ctrl Pts',(77.5633244005006,53.8611532682642,130.024958440701));
#2046=CARTESIAN_POINT('Ctrl Pts',(77.2404071133408,54.2370133653903,130.221474753232));
#2047=CARTESIAN_POINT('Ctrl Pts',(76.5359000914617,54.9425377209984,130.590354146987));
#2048=CARTESIAN_POINT('Ctrl Pts',(76.1542165004478,55.2721283741606,130.762678744089));
#2049=CARTESIAN_POINT('Ctrl Pts',(75.2596555094443,55.9514337811319,131.117849709778));
#2050=CARTESIAN_POINT('Ctrl Pts',(74.577381975631,56.3724460578698,131.33797358243));
#2051=CARTESIAN_POINT('Ctrl Pts',(73.6225314716707,56.8407782752108,131.582838416699));
#2052=CARTESIAN_POINT('Ctrl Pts',(73.2485020878618,57.0014932114198,131.666867306368));
#2053=CARTESIAN_POINT('Ctrl Pts',(72.8571452963305,57.1440561729974,131.741405539415));
#2054=CARTESIAN_POINT('',(77.8454541933754,56.7661102080339,131.543798642758));
#2055=CARTESIAN_POINT('',(77.8454541933754,78.1976300036844,142.749146787917));
#2056=CARTESIAN_POINT('',(73.8454544243434,56.7661102080339,131.543798642758));
#2057=CARTESIAN_POINT('',(79.8454544243434,56.7661102080339,131.543798642758));
#2058=CARTESIAN_POINT('',(73.8454544243434,92.6838466943226,150.323182734624));
#2059=CARTESIAN_POINT('',(86.8454544243434,56.7661102080339,131.543798642758));
#2060=CARTESIAN_POINT('',(86.8454544243434,78.9621803209301,143.148887569762));
#2061=CARTESIAN_POINT('',(82.8454541933754,56.7661102080339,131.543798642758));
#2062=CARTESIAN_POINT('',(79.8454544243434,56.7661102080339,131.543798642758));
#2063=CARTESIAN_POINT('',(82.8454541933754,48.6094577891351,127.279139350076));
#2064=CARTESIAN_POINT('',(82.8454541933754,78.3183484637356,142.812263747672));
#2065=CARTESIAN_POINT('',(82.826330859547,47.605557447895,126.754255770475));
#2066=CARTESIAN_POINT('Origin',(80.8454541933754,48.6094577891351,127.279139350076));
#2067=CARTESIAN_POINT('',(87.8454544243434,47.605557447895,126.754255770475));
#2068=CARTESIAN_POINT('',(89.8454544243434,47.6055629733485,126.754258659427));
#2069=CARTESIAN_POINT('',(92.7188513934139,96.395940080559,152.264029633805));
#2070=CARTESIAN_POINT('Origin',(87.8454544243435,164.702481291743,187.977715931419));
#2071=CARTESIAN_POINT('',(87.0954544243434,96.3959393535256,152.264029253679));
#2072=CARTESIAN_POINT('Origin',(93.8454544243433,18.1968592481178,81.8640716415699));
#2073=CARTESIAN_POINT('',(85.8454544243433,16.982616365728,81.157220014589));
#2074=CARTESIAN_POINT('Origin',(85.8454544243433,18.1968592481178,81.8640716415699));
#2075=CARTESIAN_POINT('',(74.8454544243433,16.982616365728,81.157220014589));
#2076=CARTESIAN_POINT('',(93.8454544243433,16.982616365728,81.1572200145889));
#2077=CARTESIAN_POINT('Origin',(74.8454544243433,18.1968592481178,81.86407164157));
#2078=CARTESIAN_POINT('Origin',(93.8454544243433,59.6798907237092,106.012739684749));
#2079=CARTESIAN_POINT('',(85.8454544243434,58.4656478413193,105.305888057768));
#2080=CARTESIAN_POINT('Origin',(85.8454544243434,59.6798907237092,106.012739684749));
#2081=CARTESIAN_POINT('',(74.8454544243434,58.4656478413193,105.305888057768));
#2082=CARTESIAN_POINT('',(93.8454544243433,58.4656478413194,105.305888057768));
#2083=CARTESIAN_POINT('Origin',(74.8454544243434,59.6798907237092,106.012739684749));
#2084=CARTESIAN_POINT('Origin',(93.8454544243433,66.7232529820782,93.9135225189648));
#2085=CARTESIAN_POINT('',(67.9720574552729,112.998149397728,123.744445429946));
#2086=CARTESIAN_POINT('',(70.2194706461151,77.9248981665586,101.134617321057));
#2087=CARTESIAN_POINT('Origin',(72.8454544243434,177.783009620216,165.507740883636));
#2088=CARTESIAN_POINT('',(92.7188513934139,112.998149397728,123.744445429946));
#2089=CARTESIAN_POINT('',(87.0954544243434,112.998148708178,123.74444498543));
#2090=CARTESIAN_POINT('',(87.8454544243433,66.7232529820782,93.9135225189648));
#2091=CARTESIAN_POINT('Origin',(87.8454544243434,177.783009620216,165.507740883636));
#2092=CARTESIAN_POINT('',(82.8263308595469,66.7232529820782,93.9135225189648));
#2093=CARTESIAN_POINT('',(89.8454544243433,66.7232582226557,93.9135258972816));
#2094=CARTESIAN_POINT('',(82.8454541933753,67.675395223968,94.5273171250721));
#2095=CARTESIAN_POINT('Origin',(80.8454541933753,67.675395223968,94.5273171250721));
#2096=CARTESIAN_POINT('',(82.8454541933753,75.4115150372672,99.5143751555811));
#2097=CARTESIAN_POINT('',(82.8454541933753,72.6006415570962,97.7023570508547));
#2098=CARTESIAN_POINT('',(86.8454544243433,75.4115150372672,99.5143751555811));
#2099=CARTESIAN_POINT('',(79.8454544243433,75.4115150372672,99.5143751555811));
#2100=CARTESIAN_POINT('',(86.8454544243433,104.58453117806,118.320640819797));
#2101=CARTESIAN_POINT('',(86.8454544243433,72.6006415489922,97.7023570456304));
#2102=CARTESIAN_POINT('',(73.8454544243433,104.58453117806,118.320640819797));
#2103=CARTESIAN_POINT('',(90.3454544243434,104.58453117806,118.320640819797));
#2104=CARTESIAN_POINT('',(73.8454544243433,75.4115150372672,99.5143751555811));
#2105=CARTESIAN_POINT('',(73.8454544243433,85.614859839909,106.091919695234));
#2106=CARTESIAN_POINT('',(77.8454541933753,75.4115150372672,99.5143751555811));
#2107=CARTESIAN_POINT('',(79.8454544243433,75.4115150372672,99.5143751555811));
#2108=CARTESIAN_POINT('',(77.8454541933753,72.3032424537451,97.5106399339502));
#2109=CARTESIAN_POINT('',(77.8454541933753,72.7151361343653,97.7761655123056));
#2110=CARTESIAN_POINT('',(72.8571452963305,75.7699752385546,99.7454550597956));
#2111=CARTESIAN_POINT('Ctrl Pts',(72.8571452963305,75.7699752385546,99.7454550597956));
#2112=CARTESIAN_POINT('Ctrl Pts',(73.2485020878617,75.63476239693,99.6582906538756));
#2113=CARTESIAN_POINT('Ctrl Pts',(73.6225314716707,75.4823334422012,99.5600279509821));
#2114=CARTESIAN_POINT('Ctrl Pts',(74.577381975631,75.0381470334015,99.2736849973428));
#2115=CARTESIAN_POINT('Ctrl Pts',(75.2596555094442,74.6388408905815,99.016273923802));
#2116=CARTESIAN_POINT('Ctrl Pts',(76.1542165004477,73.9945584388767,98.6009398736278));
#2117=CARTESIAN_POINT('Ctrl Pts',(76.5359000914616,73.6819604941244,98.3994248857113));
#2118=CARTESIAN_POINT('Ctrl Pts',(77.2404071133407,73.0128108643647,97.9680603108027));
#2119=CARTESIAN_POINT('Ctrl Pts',(77.5633244005005,72.6563289898068,97.7382557268318));
#2120=CARTESIAN_POINT('Ctrl Pts',(77.8377359112042,72.3129284823314,97.5168839927045));
#2121=CARTESIAN_POINT('Ctrl Pts',(77.8415956555509,72.3080892815662,97.5137644217026));
#2122=CARTESIAN_POINT('Ctrl Pts',(77.8454541933753,72.3032424537451,97.5106399339502));
#2123=CARTESIAN_POINT('',(72.0444763855398,76.0187863747276,99.9058501421725));
#2124=CARTESIAN_POINT('Ctrl Pts',(72.0444763855398,76.0187863747276,99.9058501421725));
#2125=CARTESIAN_POINT('Ctrl Pts',(72.3212747310619,75.9446283162022,99.8580444527285));
#2126=CARTESIAN_POINT('Ctrl Pts',(72.5931615024492,75.8611810121247,99.804250489092));
#2127=CARTESIAN_POINT('Ctrl Pts',(72.8571452963305,75.7699752385546,99.7454550597956));
#2128=CARTESIAN_POINT('Origin',(72.8454544243433,78.1307911798652,101.267345410877));
#2129=CARTESIAN_POINT('Origin',(93.8454544243433,13.1658868140895,90.5063697368712));
#2130=CARTESIAN_POINT('',(85.8454544243433,11.9516439316997,89.7995181098902));
#2131=CARTESIAN_POINT('Origin',(85.8454544243433,13.1658868140895,90.5063697368712));
#2132=CARTESIAN_POINT('',(74.8454544243433,11.9516439316997,89.7995181098902));
#2133=CARTESIAN_POINT('',(93.8454544243433,11.9516439316997,89.7995181098902));
#2134=CARTESIAN_POINT('Origin',(74.8454544243433,13.1658868140895,90.5063697368712));
#2135=CARTESIAN_POINT('Origin',(72.8454544243434,62.1302448753572,128.266966751403));
#2136=CARTESIAN_POINT('',(66.8454544243434,62.1302448753572,128.266966751403));
#2137=CARTESIAN_POINT('Origin',(72.8454544243434,62.1302448753572,128.266966751403));
#2138=CARTESIAN_POINT('',(70.8454544243434,57.2414228047787,125.421018972152));
#2139=CARTESIAN_POINT('Origin',(72.8454544243434,62.1302448753572,128.266966751403));
#2140=CARTESIAN_POINT('Origin',(72.8454544243434,62.1302448753572,128.266966751403));
#2141=CARTESIAN_POINT('Origin',(72.8454544243434,39.3891532049075,115.028612316956));
#2142=CARTESIAN_POINT('',(66.8454544243434,98.1567798666153,149.239224643446));
#2143=CARTESIAN_POINT('Origin',(72.8454544243434,98.1567798666153,149.239224643446));
#2144=CARTESIAN_POINT('',(66.8454544243433,39.3891532049075,115.028612316956));
#2145=CARTESIAN_POINT('Origin',(87.8454544243434,24.6972460565545,106.475958954206));
#2146=CARTESIAN_POINT('',(87.8454544243433,19.1729966974243,110.202705405249));
#2147=CARTESIAN_POINT('',(87.8454544243434,21.6786625961376,111.661337811387));
#2148=CARTESIAN_POINT('',(93.0416068500537,25.3401330189325,110.321503989498));
#2149=CARTESIAN_POINT('Ctrl Pts',(93.0416060879517,25.3401317840772,110.321502770452));
#2150=CARTESIAN_POINT('Ctrl Pts',(92.9452428991529,25.2569033784564,110.466119595838));
#2151=CARTESIAN_POINT('Ctrl Pts',(92.7552310943498,25.0765513114997,110.695763404506));
#2152=CARTESIAN_POINT('Ctrl Pts',(92.4939414155363,24.8084286337752,110.938118794875));
#2153=CARTESIAN_POINT('Ctrl Pts',(92.1340783145924,24.4167735607881,111.184936118759));
#2154=CARTESIAN_POINT('Ctrl Pts',(91.5785939891232,23.774601007761,111.40248723919));
#2155=CARTESIAN_POINT('Ctrl Pts',(90.9321252374515,22.9920780771264,111.460237439368));
#2156=CARTESIAN_POINT('Ctrl Pts',(90.0141484211429,21.8590430831932,111.337718923577));
#2157=CARTESIAN_POINT('Ctrl Pts',(88.9825684563361,20.5734300863564,110.93662080787));
#2158=CARTESIAN_POINT('Ctrl Pts',(88.2154497622486,19.6266740683289,110.466806263816));
#2159=CARTESIAN_POINT('Ctrl Pts',(87.8454544243428,19.1729966974243,110.202705405249));
#2160=CARTESIAN_POINT('',(93.04160684705,56.0286870884909,128.186343632104));
#2161=CARTESIAN_POINT('',(93.04160684705,23.1879543263461,109.068648382797));
#2162=CARTESIAN_POINT('',(93.8454544243434,57.5379788186994,125.593654203514));
#2163=CARTESIAN_POINT('Origin',(87.8454544243434,57.5379788186994,125.593654203514));
#2164=CARTESIAN_POINT('',(93.8454544243434,98.1567798666153,149.239224643446));
#2165=CARTESIAN_POINT('',(93.8454544243433,24.6972460565545,106.475958954206));
#2166=CARTESIAN_POINT('Origin',(87.8454544243434,98.1567798666153,149.239224643446));
#2167=CARTESIAN_POINT('Origin',(85.8454544243434,-4.24823168976619,96.5684205093023));
#2168=CARTESIAN_POINT('',(80.8454544243434,42.4201780248606,123.735671653055));
#2169=CARTESIAN_POINT('Origin',(80.8454541933754,48.4353946533298,127.237331594522));
#2170=CARTESIAN_POINT('',(80.8454544243434,12.1721346913062,106.127268133956));
#2171=CARTESIAN_POINT('',(80.8454544243434,21.6786625961376,111.661337811387));
#2172=CARTESIAN_POINT('',(86.8419779823678,12.1721346874288,106.127268131699));
#2173=CARTESIAN_POINT('',(85.8454544243434,12.1721346913062,106.127268133956));
#2174=CARTESIAN_POINT('',(86.9219914594539,12.6748348352543,106.419906797758));
#2175=CARTESIAN_POINT('Ctrl Pts',(86.9219914594539,12.6748348352542,106.419906797758));
#2176=CARTESIAN_POINT('Ctrl Pts',(86.8971487418747,12.5070583347483,106.322238453086));
#2177=CARTESIAN_POINT('Ctrl Pts',(86.8704598341148,12.339478692174,106.224684706039));
#2178=CARTESIAN_POINT('Ctrl Pts',(86.8419779828484,12.172134688416,106.127268132273));
#2179=CARTESIAN_POINT('Ctrl Pts',(87.8454544243433,19.1729966974245,110.202705405249));
#2180=CARTESIAN_POINT('Ctrl Pts',(87.551032841021,17.0069303256371,108.941765307306));
#2181=CARTESIAN_POINT('Ctrl Pts',(87.2425286375698,14.8395982454899,107.680088397951));
#2182=CARTESIAN_POINT('Ctrl Pts',(86.9219914594539,12.6748348352542,106.419906797758));
#2183=CARTESIAN_POINT('Origin',(80.8454541933754,57.1804723549844,129.337788242957));
#2184=CARTESIAN_POINT('',(82.8454541933754,61.2425191476418,130.313440316383));
#2185=CARTESIAN_POINT('',(82.8454541933754,57.1804723549844,129.337788242957));
#2186=CARTESIAN_POINT('',(80.8454541933754,62.7233575784226,128.612237831345));
#2187=CARTESIAN_POINT('Ctrl Pts',(82.8454541933754,61.2425191476418,130.313440316383));
#2188=CARTESIAN_POINT('Ctrl Pts',(82.8454541933754,61.473170897778,130.132402724872));
#2189=CARTESIAN_POINT('Ctrl Pts',(82.8031090142385,61.7072954757446,129.918310431176));
#2190=CARTESIAN_POINT('Ctrl Pts',(82.5982022625276,62.108834747275,129.491490491722));
#2191=CARTESIAN_POINT('Ctrl Pts',(82.4346324701363,62.2768481191644,129.279811537777));
#2192=CARTESIAN_POINT('Ctrl Pts',(82.0594167277281,62.5052667824836,128.963811540368));
#2193=CARTESIAN_POINT('Ctrl Pts',(81.8403292459801,62.5896831766842,128.83263070585));
#2194=CARTESIAN_POINT('Ctrl Pts',(81.3572518355095,62.6982566042322,128.656694894147));
#2195=CARTESIAN_POINT('Ctrl Pts',(81.093366073821,62.7233575784226,128.612237831345));
#2196=CARTESIAN_POINT('Ctrl Pts',(80.8454541933754,62.7233575784226,128.612237831345));
#2197=CARTESIAN_POINT('',(80.8454541933754,57.6475626656677,127.393096328626));
#2198=CARTESIAN_POINT('Origin',(82.8454541933754,62.7233575784226,128.612237831345));
#2199=CARTESIAN_POINT('Origin',(82.8454541933754,57.5379788186993,125.593654203514));
#2200=CARTESIAN_POINT('Origin',(68.8454544243433,65.4331290626737,100.105096145117));
#2201=CARTESIAN_POINT('',(71.3454544243433,70.146946159199,102.849167642092));
#2202=CARTESIAN_POINT('Origin',(73.8454544243433,74.8607632557243,105.593239139066));
#2203=CARTESIAN_POINT('',(70.8454544243434,70.3219511332522,102.951043924369));
#2204=CARTESIAN_POINT('Origin',(68.8454544243433,65.4331290626737,100.105096145117));
#2205=CARTESIAN_POINT('Origin',(72.8454544243434,75.2107732038307,105.79699170362));
#2206=CARTESIAN_POINT('Origin',(68.8454544243433,65.4331290626737,100.105096145117));
#2207=CARTESIAN_POINT('',(77.8454541933753,69.3135827851211,96.278190094273));
#2208=CARTESIAN_POINT('Ctrl Pts',(77.8454541933753,72.3032424537451,97.5106399339502));
#2209=CARTESIAN_POINT('Ctrl Pts',(77.8454541933753,71.7050865802474,97.2734618078864));
#2210=CARTESIAN_POINT('Ctrl Pts',(77.8454541933753,71.0726879248614,97.0334498873676));
#2211=CARTESIAN_POINT('Ctrl Pts',(77.8454541933753,70.0638077228317,96.6178256977105));
#2212=CARTESIAN_POINT('Ctrl Pts',(77.8454541933753,69.6823477772225,96.452403776498));
#2213=CARTESIAN_POINT('Ctrl Pts',(77.8454541933753,69.3135827851211,96.2781900942729));
#2214=CARTESIAN_POINT('',(77.8953343611231,68.0616276011352,95.5898124280193));
#2215=CARTESIAN_POINT('Ctrl Pts',(77.8953343611231,68.0616276011352,95.5898124280193));
#2216=CARTESIAN_POINT('Ctrl Pts',(77.8608409893897,68.5637107137571,95.9046285956802));
#2217=CARTESIAN_POINT('Ctrl Pts',(77.8454541933753,68.9747824307494,96.1181324463441));
#2218=CARTESIAN_POINT('Ctrl Pts',(77.8454541933753,69.3135827851211,96.2781900942729));
#2219=CARTESIAN_POINT('',(74.8454544243434,65.4331290626737,100.105096145117));
#2220=CARTESIAN_POINT('Origin',(80.8454544243434,65.4331290626737,100.105096145117));
#2221=CARTESIAN_POINT('Origin',(68.8454544243433,65.4331290626737,100.105096145117));
#2222=CARTESIAN_POINT('Origin',(80.3454544243434,104.697043959633,138.004237241896));
#2223=CARTESIAN_POINT('',(93.8454544243434,111.237308195089,126.769249595663));
#2224=CARTESIAN_POINT('',(93.8454544243434,104.697043995243,138.004237180725));
#2225=CARTESIAN_POINT('Origin',(87.8454544243434,111.237308195089,126.769249595663));
#2226=CARTESIAN_POINT('',(66.8454544243434,111.237308195089,126.769249595663));
#2227=CARTESIAN_POINT('Origin',(72.8454544243434,111.237308195089,126.769249595663));
#2228=CARTESIAN_POINT('',(66.8454544243434,104.697043959633,138.004237241896));
#2229=CARTESIAN_POINT('Origin',(77.8454541933754,75.8038861018111,106.142262448733));
#2230=CARTESIAN_POINT('',(77.8454541933754,76.5520055509924,104.014519597039));
#2231=CARTESIAN_POINT('Origin',(77.8454541933754,70.6185071471728,103.12367915573));
#2232=CARTESIAN_POINT('',(77.8454541933754,73.6978116635955,100.963995319596));
#2233=CARTESIAN_POINT('Origin',(79.8454544243434,70.6185071471728,103.12367915573));
#2234=CARTESIAN_POINT('',(73.8454544243433,75.8038860043536,106.142262616147));
#2235=CARTESIAN_POINT('Origin',(73.8454544243433,70.6185071471728,103.12367915573));
#2236=CARTESIAN_POINT('',(77.8454541933754,75.8038861018111,106.142262448733));
#2237=CARTESIAN_POINT('',(79.8454544243434,75.8038860043536,106.142262616147));
#2238=CARTESIAN_POINT('',(79.8454541933754,75.8038861018111,106.142262448733));
#2239=CARTESIAN_POINT('',(78.3454543088594,75.8038861018111,106.142262448733));
#2240=CARTESIAN_POINT('Ctrl Pts',(77.8454541933754,76.5520055509923,104.014519597039));
#2241=CARTESIAN_POINT('Ctrl Pts',(77.8454541933754,76.50847097083,104.304484387507));
#2242=CARTESIAN_POINT('Ctrl Pts',(77.8877993725122,76.437907409563,104.613791050948));
#2243=CARTESIAN_POINT('Ctrl Pts',(78.0927061242231,76.2650265332272,105.173720733939));
#2244=CARTESIAN_POINT('Ctrl Pts',(78.2562759166144,76.1639167621849,105.424346524465));
#2245=CARTESIAN_POINT('Ctrl Pts',(78.6314916590227,76.0019184640795,105.779012050738));
#2246=CARTESIAN_POINT('Ctrl Pts',(78.8505791407706,75.929529466341,105.917194437318));
#2247=CARTESIAN_POINT('Ctrl Pts',(79.3336565512412,75.8301507019845,106.098482771758));
#2248=CARTESIAN_POINT('Ctrl Pts',(79.5975423129297,75.8038861018111,106.142262448733));
#2249=CARTESIAN_POINT('Ctrl Pts',(79.8454541933753,75.8038861018111,106.142262448733));
#2250=CARTESIAN_POINT('Origin',(86.8454544243433,105.613593560204,116.552898304454));
#2251=CARTESIAN_POINT('',(86.8454544243433,101.840364234683,123.03462187593));
#2252=CARTESIAN_POINT('',(86.8454544243433,105.613593560204,116.552898304454));
#2253=CARTESIAN_POINT('',(73.8454544243433,101.840364234683,123.03462187593));
#2254=CARTESIAN_POINT('',(86.8454544243433,101.840364234683,123.03462187593));
#2255=CARTESIAN_POINT('',(73.8454544243433,105.613593560204,116.552898304454));
#2256=CARTESIAN_POINT('',(79.2454541933753,102.846558721489,121.30616225687));
#2257=CARTESIAN_POINT('Origin',(80.3454541933754,102.846558721489,121.30616225687));
#2258=CARTESIAN_POINT('Origin',(80.3454541933754,89.2629331496126,144.640367114183));
#2259=CARTESIAN_POINT('',(79.2454541933754,96.1767716258536,148.665145061406));
#2260=CARTESIAN_POINT('',(79.2454541933754,89.2629331496126,144.640367114183));
#2261=CARTESIAN_POINT('Origin',(80.3454541933754,96.1767716258536,148.665145061406));
#2262=CARTESIAN_POINT('Origin',(80.3454541933754,96.1767716258536,148.665145061406));
#2263=CARTESIAN_POINT('Origin',(80.3454541933754,102.846558721489,121.30616225687));
#2264=CARTESIAN_POINT('',(79.2454541933754,109.76039719773,125.330940204092));
#2265=CARTESIAN_POINT('',(79.2454541933754,102.846558721489,121.30616225687));
#2266=CARTESIAN_POINT('Origin',(80.3454541933754,109.76039719773,125.330940204092));
#2267=CARTESIAN_POINT('Origin',(80.3454541933754,109.76039719773,125.330940204092));
#2268=CARTESIAN_POINT('Origin',(79.8454541933754,73.6978116635955,100.963995319596));
#2269=CARTESIAN_POINT('',(79.8454541933753,61.7374084054785,91.1081991006749));
#2270=CARTESIAN_POINT('',(79.8454541933754,72.2373829192647,102.330431517424));
#2271=CARTESIAN_POINT('Ctrl Pts',(79.8454541933753,61.7374084054785,91.1081991006749));
#2272=CARTESIAN_POINT('Ctrl Pts',(79.7056403724273,61.7935995065814,91.1682553984785));
#2273=CARTESIAN_POINT('Ctrl Pts',(79.6111488187837,61.877028977027,91.2400913160761));
#2274=CARTESIAN_POINT('Ctrl Pts',(79.4382881077968,62.0542525426881,91.3883954426153));
#2275=CARTESIAN_POINT('Ctrl Pts',(79.364222558901,62.1510397558399,91.4662535043876));
#2276=CARTESIAN_POINT('Ctrl Pts',(79.1567659032163,62.4617724305762,91.7113705422831));
#2277=CARTESIAN_POINT('Ctrl Pts',(79.0408339136489,62.6924557102298,91.8872596175421));
#2278=CARTESIAN_POINT('Ctrl Pts',(78.722622452844,63.4361080843689,92.4438578516951));
#2279=CARTESIAN_POINT('Ctrl Pts',(78.5593593670754,63.986268958427,92.84188062505));
#2280=CARTESIAN_POINT('Ctrl Pts',(78.166353554807,65.5789786543578,93.968919998878));
#2281=CARTESIAN_POINT('Ctrl Pts',(77.979377881101,66.8382959873891,94.8227590045204));
#2282=CARTESIAN_POINT('Ctrl Pts',(77.8953343611231,68.0616276011352,95.5898124280193));
#2283=CARTESIAN_POINT('Origin',(81.5954541933754,68.6708797367183,98.5186005861143));
#2284=CARTESIAN_POINT('',(80.8454541933753,75.8038861018111,106.142262448733));
#2285=CARTESIAN_POINT('',(78.3454543088594,75.8038861018111,106.142262448733));
#2286=CARTESIAN_POINT('',(80.8454544243433,61.537873274168,90.89493889091));
#2287=CARTESIAN_POINT('',(80.8454541933753,71.6484191516566,101.700954914746));
#2288=CARTESIAN_POINT('Origin',(80.8454544243434,75.8038865624014,106.142262941006));
#2289=CARTESIAN_POINT('Origin',(80.8454541933753,73.1088478959875,100.334518716919));
#2290=CARTESIAN_POINT('Origin',(80.8454541933753,67.5530899026371,94.3965988323774));
#2291=CARTESIAN_POINT('',(82.8454541933754,76.5520055509924,104.014519597039));
#2292=CARTESIAN_POINT('Ctrl Pts',(80.8454541933753,75.8038861018111,106.142262448733));
#2293=CARTESIAN_POINT('Ctrl Pts',(81.093366073821,75.8038861018111,106.142262448733));
#2294=CARTESIAN_POINT('Ctrl Pts',(81.3572518355095,75.8301507019845,106.098482771758));
#2295=CARTESIAN_POINT('Ctrl Pts',(81.8403292459801,75.929529466341,105.917194437318));
#2296=CARTESIAN_POINT('Ctrl Pts',(82.059416727728,76.0019184640795,105.779012050738));
#2297=CARTESIAN_POINT('Ctrl Pts',(82.4346324701363,76.1639167621849,105.424346524465));
#2298=CARTESIAN_POINT('Ctrl Pts',(82.5982022625276,76.2650265332272,105.173720733939));
#2299=CARTESIAN_POINT('Ctrl Pts',(82.8031090142385,76.437907409563,104.613791050948));
#2300=CARTESIAN_POINT('Ctrl Pts',(82.8454541933754,76.50847097083,104.304484387507));
#2301=CARTESIAN_POINT('Ctrl Pts',(82.8454541933754,76.5520055509924,104.014519597039));
#2302=CARTESIAN_POINT('',(82.8454541933754,73.1088478959875,100.334518716919));
#2303=CARTESIAN_POINT('Origin',(79.8454541933754,56.3422677768835,129.136462143992));
#2304=CARTESIAN_POINT('',(79.8454541933754,62.7233575784226,128.612237831345));
#2305=CARTESIAN_POINT('',(77.8454541933754,61.2425191476418,130.313440316383));
#2306=CARTESIAN_POINT('Ctrl Pts',(79.8454541933754,62.7233575784226,128.612237831345));
#2307=CARTESIAN_POINT('Ctrl Pts',(79.5975423129298,62.7233575784226,128.612237831345));
#2308=CARTESIAN_POINT('Ctrl Pts',(79.3336565512412,62.6982566042322,128.656694894147));
#2309=CARTESIAN_POINT('Ctrl Pts',(78.8505791407707,62.5896831766842,128.83263070585));
#2310=CARTESIAN_POINT('Ctrl Pts',(78.6314916590227,62.5052667824836,128.963811540368));
#2311=CARTESIAN_POINT('Ctrl Pts',(78.2562759166144,62.2768481191644,129.279811537777));
#2312=CARTESIAN_POINT('Ctrl Pts',(78.0927061242232,62.108834747275,129.491490491722));
#2313=CARTESIAN_POINT('Ctrl Pts',(77.8877993725122,61.7072954757446,129.918310431177));
#2314=CARTESIAN_POINT('Ctrl Pts',(77.8454541933754,61.473170897778,130.132402724873));
#2315=CARTESIAN_POINT('Ctrl Pts',(77.8454541933754,61.2425191476418,130.313440316384));
#2316=CARTESIAN_POINT('',(77.8454541933754,50.9409022498414,127.839122712719));
#2317=CARTESIAN_POINT('',(77.8454541933754,56.3422677768835,129.136462143992));
#2318=CARTESIAN_POINT('',(77.8953343611368,49.7241021955168,127.090354909878));
#2319=CARTESIAN_POINT('Ctrl Pts',(77.8454541933754,50.9409022498419,127.83912271272));
#2320=CARTESIAN_POINT('Ctrl Pts',(77.8454541933754,50.9151992230131,127.821042875713));
#2321=CARTESIAN_POINT('Ctrl Pts',(77.8455547154243,50.8892851514473,127.802975346308));
#2322=CARTESIAN_POINT('Ctrl Pts',(77.8478179589252,50.5903495662813,127.596438201386));
#2323=CARTESIAN_POINT('Ctrl Pts',(77.8619374844765,50.229199360617,127.362568671256));
#2324=CARTESIAN_POINT('Ctrl Pts',(77.8953343611377,49.7241021955035,127.090354909871));
#2325=CARTESIAN_POINT('',(79.8454541933754,42.7041532550305,123.803879089204));
#2326=CARTESIAN_POINT('Ctrl Pts',(77.8953343611368,49.7241021955168,127.090354909878));
#2327=CARTESIAN_POINT('Ctrl Pts',(77.9344839054817,49.1320012016538,126.77125187427));
#2328=CARTESIAN_POINT('Ctrl Pts',(77.9958086671454,48.5198846263181,126.454474787497));
#2329=CARTESIAN_POINT('Ctrl Pts',(78.2298321687961,46.7803694876865,125.582589879211));
#2330=CARTESIAN_POINT('Ctrl Pts',(78.4454761053329,45.6494570449966,125.048168747723));
#2331=CARTESIAN_POINT('Ctrl Pts',(78.8741271250289,44.2859503367411,124.437757616349));
#2332=CARTESIAN_POINT('Ctrl Pts',(79.0082718977704,43.9128561819705,124.27420057292));
#2333=CARTESIAN_POINT('Ctrl Pts',(79.2595250305024,43.3976461980306,124.058544258933));
#2334=CARTESIAN_POINT('Ctrl Pts',(79.3507241419984,43.2348136304974,123.992186591021));
#2335=CARTESIAN_POINT('Ctrl Pts',(79.5620292636964,42.9385877558829,123.877931769101));
#2336=CARTESIAN_POINT('Ctrl Pts',(79.6753220003971,42.8014650286405,123.827252141889));
#2337=CARTESIAN_POINT('Ctrl Pts',(79.8454541933754,42.7041532550305,123.803879089204));
#2338=CARTESIAN_POINT('',(79.8454541933754,56.8093580875668,127.191770229661));
#2339=CARTESIAN_POINT('Origin',(79.0954541933754,52.5717677529128,126.173954825907));
#2340=CARTESIAN_POINT('Origin',(80.8454544243434,62.723358233928,128.612237988789));
#2341=CARTESIAN_POINT('',(75.8454543088594,62.7233575784226,128.612237831345));
#2342=CARTESIAN_POINT('Origin',(80.8454544243434,89.6315629568356,114.191818510592));
#2343=CARTESIAN_POINT('',(74.8454544243434,58.519289813751,96.0803177480908));
#2344=CARTESIAN_POINT('Origin',(80.8454544243434,58.519289813751,96.0803177480908));
#2345=CARTESIAN_POINT('',(80.8454544243433,31.2898299406136,73.2865353718111));
#2346=CARTESIAN_POINT('',(80.8454544243434,92.6501464172525,109.006439653412));
#2347=CARTESIAN_POINT('',(74.8454544243433,28.2712464801966,78.4719142289919));
#2348=CARTESIAN_POINT('Origin',(80.8454544243433,28.2712464801966,78.4719142289919));
#2349=CARTESIAN_POINT('',(74.8454544243434,89.6315629568356,114.191818510592));
#2350=CARTESIAN_POINT('Origin',(80.8454544243433,21.7309823159599,89.7069017528835));
#2351=CARTESIAN_POINT('',(74.8454544243434,15.1907181517231,100.941889276775));
#2352=CARTESIAN_POINT('Origin',(80.8454544243434,15.1907181517231,100.941889276775));
#2353=CARTESIAN_POINT('Origin',(74.8454544243433,21.7309823159599,89.7069017528835));
#2354=CARTESIAN_POINT('Origin',(80.8454544243433,21.7309823159599,89.7069017528835));
#2355=CARTESIAN_POINT('Origin',(80.8454544243434,24.6972460565545,106.475958954206));
#2356=CARTESIAN_POINT('',(74.8454544243434,45.4387614852776,118.550292795874));
#2357=CARTESIAN_POINT('Origin',(80.8454544243434,45.4387614852776,118.550292795874));
#2358=CARTESIAN_POINT('',(74.8454544243434,24.6972460565545,106.475958954206));
#2359=CARTESIAN_POINT('Origin',(80.8454544243434,89.6315629568356,114.191818510592));
#2360=CARTESIAN_POINT('',(74.8454544243434,89.6315629568356,114.191818510592));
#2361=CARTESIAN_POINT('Origin',(80.8454544243434,24.6972460565545,106.475958954206));
#2362=CARTESIAN_POINT('',(74.8454544243434,52.3526007342002,122.575071192901));
#2363=CARTESIAN_POINT('Origin',(80.8454544243434,52.3526007342002,122.575071192901));
#2364=CARTESIAN_POINT('',(74.8454544243434,24.6972460565545,106.475958954206));
#2365=CARTESIAN_POINT('Origin',(68.8454544243434,52.3526007342002,122.575071192901));
#2366=CARTESIAN_POINT('',(71.3454544243434,57.0664178307255,125.319142689875));
#2367=CARTESIAN_POINT('Origin',(68.8454544243434,52.3526007342002,122.575071192901));
#2368=CARTESIAN_POINT('Origin',(73.8454544243434,61.7802349272509,128.063214186849));
#2369=CARTESIAN_POINT('Origin',(68.8454544243434,52.3526007342002,122.575071192901));
#2370=CARTESIAN_POINT('Origin',(68.8454544243434,52.3526007342002,122.575071192901));
#2371=CARTESIAN_POINT('Ctrl Pts',(77.8454541933754,50.9409022498414,127.839122712719));
#2372=CARTESIAN_POINT('Ctrl Pts',(77.8454541933754,51.274486664363,128.073770245973));
#2373=CARTESIAN_POINT('Ctrl Pts',(77.8454541933754,51.6066945050658,128.323798349788));
#2374=CARTESIAN_POINT('Ctrl Pts',(77.8454541933754,52.4662855965743,128.995874152414));
#2375=CARTESIAN_POINT('Ctrl Pts',(77.8454541933754,52.9872657566528,129.427282838151));
#2376=CARTESIAN_POINT('Ctrl Pts',(77.8454541933754,53.4888730789764,129.830313862608));
#2377=CARTESIAN_POINT('Origin',(72.8454544243434,73.4499328519208,108.821796036975));
#2378=CARTESIAN_POINT('',(66.8454544243433,75.2107732038307,105.79699170362));
#2379=CARTESIAN_POINT('Origin',(72.8454544243434,75.2107732038307,105.79699170362));
#2380=CARTESIAN_POINT('',(70.8454544243434,68.5611107813423,105.975848257724));
#2381=CARTESIAN_POINT('',(66.8454544243433,73.4499328519208,108.821796036975));
#2382=CARTESIAN_POINT('Origin',(72.8454544243434,75.2107732038307,105.79699170362));
#2383=CARTESIAN_POINT('Origin',(72.8454544243434,75.2107732038307,105.79699170362));
#2384=CARTESIAN_POINT('Origin',(74.8454544243434,57.164404506695,110.333888732399));
#2385=CARTESIAN_POINT('',(74.8454544243434,63.6722887107638,103.129900478473));
#2386=CARTESIAN_POINT('',(74.8454544243433,34.9104854848515,97.3791338843963));
#2387=CARTESIAN_POINT('Origin',(74.8454544243433,27.1324171990804,92.8512586937709));
#2388=CARTESIAN_POINT('Origin',(85.8454544243434,118.577040703156,124.099356955496));
#2389=CARTESIAN_POINT('',(87.8454544243432,38.2906919467314,77.3619726431041));
#2390=CARTESIAN_POINT('',(87.8454544243434,92.6501464172525,109.006439653412));
#2391=CARTESIAN_POINT('',(86.9219914594539,31.7925300845616,73.5791740356128));
#2392=CARTESIAN_POINT('Ctrl Pts',(86.9219914594539,31.7925300845617,73.5791740356128));
#2393=CARTESIAN_POINT('Ctrl Pts',(87.2425286375698,33.9572934947973,74.8393556358066));
#2394=CARTESIAN_POINT('Ctrl Pts',(87.5510328410207,36.1246255749435,76.1010325451613));
#2395=CARTESIAN_POINT('Ctrl Pts',(87.8454544243433,38.2906919467317,77.3619726431043));
#2396=CARTESIAN_POINT('',(86.8419779823712,31.28982993675,73.286535369562));
#2397=CARTESIAN_POINT('Ctrl Pts',(86.8419779828502,31.2898299377337,73.2865353701347));
#2398=CARTESIAN_POINT('Ctrl Pts',(86.8704598341159,31.4571739414883,73.3839519438984));
#2399=CARTESIAN_POINT('Ctrl Pts',(86.8971487418752,31.6247535840592,73.4815056909436));
#2400=CARTESIAN_POINT('Ctrl Pts',(86.9219914594539,31.7925300845617,73.5791740356128));
#2401=CARTESIAN_POINT('',(85.8454544243433,31.2898299406136,73.2865353718111));
#2402=CARTESIAN_POINT('Origin',(72.8454544243434,104.323470105189,122.744471873343));
#2403=CARTESIAN_POINT('',(66.8454544243433,104.323470105189,122.744471873343));
#2404=CARTESIAN_POINT('Origin',(66.8454544243433,86.548218732182,127.439195580241));
#2405=CARTESIAN_POINT('Origin',(73.8454544243433,105.613593560204,116.552898304454));
#2406=CARTESIAN_POINT('',(73.8454544243434,62.7233576758801,128.612237663931));
#2407=CARTESIAN_POINT('Origin',(73.8454544243434,57.5379788186993,125.593654203514));
#2408=CARTESIAN_POINT('',(73.8454544243433,78.8224694647705,100.956883758967));
#2409=CARTESIAN_POINT('',(73.8454544243434,108.754202710924,127.059399823153));
#2410=CARTESIAN_POINT('',(73.8454544243433,101.840364234683,123.03462187593));
#2411=CARTESIAN_POINT('',(73.8454544243434,108.754202710924,127.059399823153));
#2412=CARTESIAN_POINT('Origin',(79.8454544243434,57.5379788186993,125.593654203514));
#2413=CARTESIAN_POINT('Origin',(77.8454541933754,57.5379788186993,125.593654203514));
#2414=CARTESIAN_POINT('',(77.8454541933754,62.7233575784226,128.612237831345));
#2415=CARTESIAN_POINT('',(75.8454543088594,62.7233575784226,128.612237831345));
#2416=CARTESIAN_POINT('',(79.8454544243434,62.7233576758801,128.612237663931));
#2417=CARTESIAN_POINT('Ctrl Pts',(91.3817643540675,29.1964235010649,75.5553227628295));
#2418=CARTESIAN_POINT('Ctrl Pts',(91.1521021343645,27.6181614233239,74.7227356201271));
#2419=CARTESIAN_POINT('Ctrl Pts',(90.8385134402559,25.3148156758791,73.9695538200749));
#2420=CARTESIAN_POINT('Ctrl Pts',(90.259519204715,20.6419796926743,73.5184301529548));
#2421=CARTESIAN_POINT('Ctrl Pts',(89.6870037990352,15.3547082129965,74.4736183468558));
#2422=CARTESIAN_POINT('Ctrl Pts',(89.3697378689862,11.0212491606877,77.5293357967435));
#2423=CARTESIAN_POINT('Ctrl Pts',(89.2629488816226,8.08949709171399,81.0888898260708));
#2424=CARTESIAN_POINT('Ctrl Pts',(89.299298228843,5.96941660027388,85.2329742309851));
#2425=CARTESIAN_POINT('Ctrl Pts',(89.6867181947652,5.33454883812071,91.6830052216327));
#2426=CARTESIAN_POINT('Ctrl Pts',(90.2594111923938,7.1159695839436,96.7522166540293));
#2427=CARTESIAN_POINT('Ctrl Pts',(90.8384734168946,9.81550772176492,100.594062910549));
#2428=CARTESIAN_POINT('Ctrl Pts',(91.1521020131138,11.6080098930311,102.225270066003));
#2429=CARTESIAN_POINT('Ctrl Pts',(91.3817643540658,13.1113387715319,103.186580724098));
#2430=CARTESIAN_POINT('Ctrl Pts',(90.9467431840583,29.7628187791352,74.7095462984083));
#2431=CARTESIAN_POINT('Ctrl Pts',(90.7172470851646,28.0910496392973,73.8142656297701));
#2432=CARTESIAN_POINT('Ctrl Pts',(90.4035017494815,25.6464680227121,72.9969885118464));
#2433=CARTESIAN_POINT('Ctrl Pts',(89.8232819003307,20.6702760382952,72.4863259797401));
#2434=CARTESIAN_POINT('Ctrl Pts',(89.2482475156171,15.0193560929146,73.4748634900974));
#2435=CARTESIAN_POINT('Ctrl Pts',(88.928740949783,10.3705798682597,76.7308393703043));
#2436=CARTESIAN_POINT('Ctrl Pts',(88.8211894765369,7.22743756319111,80.5386211011287));
#2437=CARTESIAN_POINT('Ctrl Pts',(88.8578043473742,4.95807789340093,84.978396197232));
#2438=CARTESIAN_POINT('Ctrl Pts',(89.2479572051643,4.30019768065087,91.8846810624285));
#2439=CARTESIAN_POINT('Ctrl Pts',(89.8231726439928,6.2324348803403,97.2862869538733));
#2440=CARTESIAN_POINT('Ctrl Pts',(90.4034611231803,9.13351217505723,101.362719997026));
#2441=CARTESIAN_POINT('Ctrl Pts',(90.7172469640016,11.0515252706671,103.085075780515));
#2442=CARTESIAN_POINT('Ctrl Pts',(90.9467431840566,12.6555439523723,104.096741436069));
#2443=CARTESIAN_POINT('Ctrl Pts',(89.5812925371464,30.6944102439018,73.5084602930396));
#2444=CARTESIAN_POINT('Ctrl Pts',(89.3521481465062,28.8920563891919,72.5110588576025));
#2445=CARTESIAN_POINT('Ctrl Pts',(89.0380685475387,26.2413712664827,71.5826361592648));
#2446=CARTESIAN_POINT('Ctrl Pts',(88.4552523324739,20.8105614805389,70.9525846787981));
#2447=CARTESIAN_POINT('Ctrl Pts',(87.8748900632457,14.5913742257795,71.9617304054051));
#2448=CARTESIAN_POINT('Ctrl Pts',(87.5506669619094,9.43364881906134,75.5209321529363));
#2449=CARTESIAN_POINT('Ctrl Pts',(87.4415124083969,5.95122039857707,79.7188446066616));
#2450=CARTESIAN_POINT('Ctrl Pts',(87.4786841245736,3.44624186958423,84.6291395982986));
#2451=CARTESIAN_POINT('Ctrl Pts',(87.874588646593,2.77278513675971,92.2594447033803));
#2452=CARTESIAN_POINT('Ctrl Pts',(88.45514090489,4.96795056329138,98.1655604548249));
#2453=CARTESIAN_POINT('Ctrl Pts',(89.0380264722245,8.19733139235755,102.578388685164));
#2454=CARTESIAN_POINT('Ctrl Pts',(89.3521480255291,10.3138045649497,104.425123501618));
#2455=CARTESIAN_POINT('Ctrl Pts',(89.5812925371446,12.0711067846408,105.499917635444));
#2456=CARTESIAN_POINT('Ctrl Pts',(87.663368054424,31.1854141915872,73.2257514519614));
#2457=CARTESIAN_POINT('Ctrl Pts',(87.4346169651698,29.35460064336,72.1754774979156));
#2458=CARTESIAN_POINT('Ctrl Pts',(87.1201645610059,26.6468461722636,71.1776398269946));
#2459=CARTESIAN_POINT('Ctrl Pts',(86.5344468475972,21.055135286336,70.4440308183118));
#2460=CARTESIAN_POINT('Ctrl Pts',(85.948139036198,14.5923821134076,71.4005007388592));
#2461=CARTESIAN_POINT('Ctrl Pts',(85.6186703248313,9.183173963224,75.0698923327803));
#2462=CARTESIAN_POINT('Ctrl Pts',(85.507734383837,5.53658897233901,79.4410653159267));
#2463=CARTESIAN_POINT('Ctrl Pts',(85.5455244925008,2.9243308171679,84.5730718450112));
#2464=CARTESIAN_POINT('Ctrl Pts',(85.9478254423674,2.2848508537164,92.5376438352232));
#2465=CARTESIAN_POINT('Ctrl Pts',(86.5343328512525,4.64645696221766,98.6292293727777));
#2466=CARTESIAN_POINT('Ctrl Pts',(87.1201209100125,8.04532007345405,103.130991011329));
#2467=CARTESIAN_POINT('Ctrl Pts',(87.4346168444004,10.2503866257642,104.993049734379));
#2468=CARTESIAN_POINT('Ctrl Pts',(87.6633680544223,12.0677189422947,106.066484214048));
#2469=CARTESIAN_POINT('Ctrl Pts',(86.8419779828502,31.2898299367052,73.286535369536));
#2470=CARTESIAN_POINT('Ctrl Pts',(86.6133954779301,29.4671496583933,72.2254918681321));
#2471=CARTESIAN_POINT('Ctrl Pts',(86.2987833557276,26.7646629042371,71.2091406825879));
#2472=CARTESIAN_POINT('Ctrl Pts',(85.7118220264623,21.1662771233383,70.4396031471672));
#2473=CARTESIAN_POINT('Ctrl Pts',(85.1229659132246,14.6709284234575,71.3627927868596));
#2474=CARTESIAN_POINT('Ctrl Pts',(84.791248841749,9.2139494800481,75.0386066646676));
#2475=CARTESIAN_POINT('Ctrl Pts',(84.6795493616127,5.53749540693267,79.4353816727137));
#2476=CARTESIAN_POINT('Ctrl Pts',(84.7176045471018,2.90837118640917,84.6052483117922));
#2477=CARTESIAN_POINT('Ctrl Pts',(85.1226471311647,2.29073644725714,92.6245609218641));
#2478=CARTESIAN_POINT('Ctrl Pts',(85.7117069154412,4.69747518653418,98.7280711831499));
#2479=CARTESIAN_POINT('Ctrl Pts',(86.2987390342689,8.13087471375577,103.217885764508));
#2480=CARTESIAN_POINT('Ctrl Pts',(86.6133953572498,10.3494534473059,105.066224069229));
#2481=CARTESIAN_POINT('Ctrl Pts',(86.8419779828485,12.1721346873838,106.127268131673));
#2482=CARTESIAN_POINT('',(91.3817643540675,29.1964235010649,75.5553227628295));
#2483=CARTESIAN_POINT('Origin',(86.8419779828502,28.7743437207196,77.6076844177853));
#2484=CARTESIAN_POINT('',(91.3817643540658,13.1113387715318,103.186580724098));
#2485=CARTESIAN_POINT('Ctrl Pts',(91.3817643540658,13.1113387715319,103.186580724098));
#2486=CARTESIAN_POINT('Ctrl Pts',(91.1521020131138,11.6080098930311,102.225270066003));
#2487=CARTESIAN_POINT('Ctrl Pts',(90.9168805659494,10.2636332645815,101.001864699412));
#2488=CARTESIAN_POINT('Ctrl Pts',(90.6952139535175,9.16829400620681,99.6154940981184));
#2489=CARTESIAN_POINT('Ctrl Pts',(90.6213250827068,8.80318092008192,99.1533705643538));
#2490=CARTESIAN_POINT('Ctrl Pts',(90.5489423046443,8.46573865285426,98.6731397822889));
#2491=CARTESIAN_POINT('Ctrl Pts',(90.4783095711358,8.15619771138717,98.1763060136948));
#2492=CARTESIAN_POINT('Ctrl Pts',(90.1957786371018,6.91803394551883,96.1889709393185));
#2493=CARTESIAN_POINT('Ctrl Pts',(89.9412484159335,6.12629139181977,93.9359880804756));
#2494=CARTESIAN_POINT('Ctrl Pts',(89.7435433115453,5.84585061717991,91.6367637436637));
#2495=CARTESIAN_POINT('Ctrl Pts',(89.5458382071571,5.56540984254005,89.3375394068518));
#2496=CARTESIAN_POINT('Ctrl Pts',(89.4049582195491,5.79627084695938,86.9920735920708));
#2497=CARTESIAN_POINT('Ctrl Pts',(89.3341955542255,6.50094856069341,84.8028498414749));
#2498=CARTESIAN_POINT('Ctrl Pts',(89.2811235552328,7.02945684599394,83.160932028528));
#2499=CARTESIAN_POINT('Ctrl Pts',(89.2674925500251,7.82448703028398,81.6069003766851));
#2500=CARTESIAN_POINT('Ctrl Pts',(89.2941192014192,8.84779984575535,80.2172678929761));
#2501=CARTESIAN_POINT('Ctrl Pts',(89.3029947518839,9.18890411757914,79.7540570650731));
#2502=CARTESIAN_POINT('Ctrl Pts',(89.3163433753044,9.55537312620086,79.3091128114071));
#2503=CARTESIAN_POINT('Ctrl Pts',(89.3340726280418,9.94484742314953,78.8852525762547));
#2504=CARTESIAN_POINT('Ctrl Pts',(89.4049896389916,11.5027446109442,77.1898116356448));
#2505=CARTESIAN_POINT('Ctrl Pts',(89.5459967190134,13.4287264119704,75.8317149912503));
#2506=CARTESIAN_POINT('Ctrl Pts',(89.7437259047309,15.5666665301896,74.9404026259639));
#2507=CARTESIAN_POINT('Ctrl Pts',(89.9414550904484,17.7046066484088,74.0490902606776));
#2508=CARTESIAN_POINT('Ctrl Pts',(90.1959063818617,20.0545050838212,73.6245621744993));
#2509=CARTESIAN_POINT('Ctrl Pts',(90.4783943343607,22.3936191641856,73.7201060241117));
#2510=CARTESIAN_POINT('Ctrl Pts',(90.5490163224855,22.9783976842767,73.7439919865148));
#2511=CARTESIAN_POINT('Ctrl Pts',(90.6213906019281,23.5625021821773,73.8003824449048));
#2512=CARTESIAN_POINT('Ctrl Pts',(90.6952706048918,24.144539664818,73.8897491512006));
#2513=CARTESIAN_POINT('Ctrl Pts',(90.9169106137831,25.8906521127403,74.1578492700879));
#2514=CARTESIAN_POINT('Ctrl Pts',(91.1521021343645,27.6181614233239,74.7227356201271));
#2515=CARTESIAN_POINT('Ctrl Pts',(91.3817643540675,29.1964235010649,75.5553227628295));
#2516=CARTESIAN_POINT('Origin',(86.8419779828484,14.6876209054301,101.806119084623));
#2517=CARTESIAN_POINT('Ctrl Pts',(86.8419779828485,12.1721346873838,106.127268131673));
#2518=CARTESIAN_POINT('Ctrl Pts',(86.8224112342751,12.0161125686393,106.036442407973));
#2519=CARTESIAN_POINT('Ctrl Pts',(86.8028139161869,11.8614338123068,105.943338504977));
#2520=CARTESIAN_POINT('Ctrl Pts',(86.7831986634219,11.7081772859506,105.848043112431));
#2521=CARTESIAN_POINT('Ctrl Pts',(86.7392475965204,11.364781872002,105.634518758533));
#2522=CARTESIAN_POINT('Ctrl Pts',(86.6950285817361,11.0271408399825,105.40912574513));
#2523=CARTESIAN_POINT('Ctrl Pts',(86.6506966647919,10.6963214091857,105.172614400454));
#2524=CARTESIAN_POINT('Ctrl Pts',(86.605535620141,10.3593147531359,104.931679648843));
#2525=CARTESIAN_POINT('Ctrl Pts',(86.5602574944296,10.0293878854184,104.679207095598));
#2526=CARTESIAN_POINT('Ctrl Pts',(86.5150279373997,9.70765030584546,104.416040608757));
#2527=CARTESIAN_POINT('Ctrl Pts',(86.4696937969742,9.38516877893469,104.152265607339));
#2528=CARTESIAN_POINT('Ctrl Pts',(86.4244085429417,9.07091506565967,103.877747630367));
#2529=CARTESIAN_POINT('Ctrl Pts',(86.3793393644192,8.76597837606876,103.593380749288));
#2530=CARTESIAN_POINT('Ctrl Pts',(86.3346940916963,8.46390982021116,103.311688529121));
#2531=CARTESIAN_POINT('Ctrl Pts',(86.2902609377238,8.17098436717905,103.020332340998));
#2532=CARTESIAN_POINT('Ctrl Pts',(86.2462014432957,7.88822499208644,102.720217087041));
#2533=CARTESIAN_POINT('Ctrl Pts',(86.2150407433571,7.6882458466958,102.507963145026));
#2534=CARTESIAN_POINT('Ctrl Pts',(86.1840669262909,7.49335094729873,102.291328757213));
#2535=CARTESIAN_POINT('Ctrl Pts',(86.1533364766436,7.30388907548368,102.070642836146));
#2536=CARTESIAN_POINT('Ctrl Pts',(86.1096444554362,7.03451546669005,101.756875414774));
#2537=CARTESIAN_POINT('Ctrl Pts',(86.0664444815401,6.77612618204658,101.434916684883));
#2538=CARTESIAN_POINT('Ctrl Pts',(86.0238064461321,6.5289657150254,101.10525779428));
#2539=CARTESIAN_POINT('Ctrl Pts',(86.0125086522614,6.46347564301183,101.017908127297));
#2540=CARTESIAN_POINT('Ctrl Pts',(86.0012502974471,6.39877369536266,100.930017990178));
#2541=CARTESIAN_POINT('Ctrl Pts',(85.990032650159,6.33486389741627,100.841596838354));
#2542=CARTESIAN_POINT('Ctrl Pts',(85.9710893346281,6.22693899686219,100.692279451597));
#2543=CARTESIAN_POINT('Ctrl Pts',(85.9522290329631,6.12108442691115,100.541186280382));
#2544=CARTESIAN_POINT('Ctrl Pts',(85.9334605631401,6.01734950637787,100.38835991567));
#2545=CARTESIAN_POINT('Ctrl Pts',(85.8978156199631,5.82033688985924,100.09811318072));
#2546=CARTESIAN_POINT('Ctrl Pts',(85.8625019705054,5.63097193906571,99.8016125808732));
#2547=CARTESIAN_POINT('Ctrl Pts',(85.8276077997022,5.44969108444527,99.4995277448017));
#2548=CARTESIAN_POINT('Ctrl Pts',(85.7925007630131,5.26730435715824,99.1956000921575));
#2549=CARTESIAN_POINT('Ctrl Pts',(85.7578183945949,5.09310093160195,98.8860202780539));
#2550=CARTESIAN_POINT('Ctrl Pts',(85.7236488887393,4.92748501471858,98.5715045293009));
#2551=CARTESIAN_POINT('Ctrl Pts',(85.6893858191137,4.76141560431379,98.2561275658945));
#2552=CARTESIAN_POINT('Ctrl Pts',(85.6556384810804,4.60398104561269,97.9357880535938));
#2553=CARTESIAN_POINT('Ctrl Pts',(85.622493329266,4.45554460700945,97.6112358962404));
#2554=CARTESIAN_POINT('Ctrl Pts',(85.5894372529372,4.30750708188658,97.2875559521513));
#2555=CARTESIAN_POINT('Ctrl Pts',(85.5569801835481,4.16841957539856,96.9596864540666));
#2556=CARTESIAN_POINT('Ctrl Pts',(85.5252046129475,4.03859517477149,96.6283918319152));
#2557=CARTESIAN_POINT('Ctrl Pts',(85.4935900006411,3.90942839613747,96.2987753737195));
#2558=CARTESIAN_POINT('Ctrl Pts',(85.4626500492637,3.789431277374,95.9657688754643));
#2559=CARTESIAN_POINT('Ctrl Pts',(85.4324620056825,3.6788626857183,95.6301384724192));
#2560=CARTESIAN_POINT('Ctrl Pts',(85.4026007344628,3.56949095068261,95.2981411216155));
#2561=CARTESIAN_POINT('Ctrl Pts',(85.3734752211195,3.46934481691992,94.9635768125887));
#2562=CARTESIAN_POINT('Ctrl Pts',(85.3451556552443,3.37862451862875,94.6271932288007));
#2563=CARTESIAN_POINT('Ctrl Pts',(85.3340948036927,3.34319163958898,94.4958109575799));
#2564=CARTESIAN_POINT('Ctrl Pts',(85.3231568441946,3.30919609091742,94.364151192299));
#2565=CARTESIAN_POINT('Ctrl Pts',(85.3123457461969,3.2766476416869,94.2322585158612));
#2566=CARTESIAN_POINT('Ctrl Pts',(85.2856344717579,3.19622930118693,93.9063876859451));
#2567=CARTESIAN_POINT('Ctrl Pts',(85.2595442483719,3.12423721490824,93.5774286911732));
#2568=CARTESIAN_POINT('Ctrl Pts',(85.234160654239,3.06106412399544,93.2460495550299));
#2569=CARTESIAN_POINT('Ctrl Pts',(85.2157845238494,3.01533076765311,93.0061518406918));
#2570=CARTESIAN_POINT('Ctrl Pts',(85.1977786795672,2.97421841633199,92.7649863647812));
#2571=CARTESIAN_POINT('Ctrl Pts',(85.1801745476409,2.93786061215619,92.522813706964));
#2572=CARTESIAN_POINT('Ctrl Pts',(85.1562969548734,2.88854623268733,92.1943396801267));
#2573=CARTESIAN_POINT('Ctrl Pts',(85.1331585957467,2.84798105262269,91.8640123933994));
#2574=CARTESIAN_POINT('Ctrl Pts',(85.1108093586768,2.8162114493905,91.5325245343559));
#2575=CARTESIAN_POINT('Ctrl Pts',(85.0883249542919,2.78424970483601,91.1990318496589));
#2576=CARTESIAN_POINT('Ctrl Pts',(85.0666392765171,2.76119027659167,90.8643649519253));
#2577=CARTESIAN_POINT('Ctrl Pts',(85.0457986305095,2.74702870515217,90.5292386334256));
#2578=CARTESIAN_POINT('Ctrl Pts',(85.0248628253375,2.73280247145098,90.1925821156961));
#2579=CARTESIAN_POINT('Ctrl Pts',(85.0047798158439,2.72755553763208,89.8554624341695));
#2580=CARTESIAN_POINT('Ctrl Pts',(84.985591571995,2.73123118389153,89.5186069210249));
#2581=CARTESIAN_POINT('Ctrl Pts',(84.9664075999907,2.7349060118484,89.1818264014244));
#2582=CARTESIAN_POINT('Ctrl Pts',(84.9481180195407,2.74749939513121,88.8453103978985));
#2583=CARTESIAN_POINT('Ctrl Pts',(84.9307594161467,2.76890303820423,88.5097814777564));
#2584=CARTESIAN_POINT('Ctrl Pts',(84.913468953556,2.79022266176257,88.1755696687685));
#2585=CARTESIAN_POINT('Ctrl Pts',(84.8971021921651,2.82028341748234,87.8423376544425));
#2586=CARTESIAN_POINT('Ctrl Pts',(84.8816896557394,2.85892821183887,87.5107884703807));
#2587=CARTESIAN_POINT('Ctrl Pts',(84.8737568388102,2.8788186484568,87.3401404402613));
#2588=CARTESIAN_POINT('Ctrl Pts',(84.8660767170929,2.90098232073738,87.1699379960051));
#2589=CARTESIAN_POINT('Ctrl Pts',(84.8586528432423,2.92539273566469,87.0002752665284));
#2590=CARTESIAN_POINT('Ctrl Pts',(84.8442616705474,2.97271230275897,86.6713842200314));
#2591=CARTESIAN_POINT('Ctrl Pts',(84.8307497493081,3.02872746657416,86.3427857255061));
#2592=CARTESIAN_POINT('Ctrl Pts',(84.8181658380987,3.09347691106641,86.015207640913));
#2593=CARTESIAN_POINT('Ctrl Pts',(84.8055665490309,3.1583054810204,85.6872292476006));
#2594=CARTESIAN_POINT('Ctrl Pts',(84.7938975694247,3.23188969743312,85.3602742237369));
#2595=CARTESIAN_POINT('Ctrl Pts',(84.7832027805248,3.31421635644148,85.0350741317403));
#2596=CARTESIAN_POINT('Ctrl Pts',(84.7725079916249,3.39654301544984,84.7098740397437));
#2597=CARTESIAN_POINT('Ctrl Pts',(84.7627874214423,3.48761209865078,84.3864293506832));
#2598=CARTESIAN_POINT('Ctrl Pts',(84.7540794644013,3.58735851555005,84.0654656369157));
#2599=CARTESIAN_POINT('Ctrl Pts',(84.7454399653914,3.68632077110433,83.7470251951144));
#2600=CARTESIAN_POINT('Ctrl Pts',(84.7377972380688,3.79382435665483,83.4310273136517));
#2601=CARTESIAN_POINT('Ctrl Pts',(84.731160864667,3.90958361773344,83.1181234376412));
#2602=CARTESIAN_POINT('Ctrl Pts',(84.7245024948377,4.02572656581019,82.804182433821));
#2603=CARTESIAN_POINT('Ctrl Pts',(84.7188571671779,4.15017982147218,82.4933564020806));
#2604=CARTESIAN_POINT('Ctrl Pts',(84.7142286082795,4.28260657530323,82.1862840268517));
#2605=CARTESIAN_POINT('Ctrl Pts',(84.7096036729354,4.41492965635865,81.8794520490088));
#2606=CARTESIAN_POINT('Ctrl Pts',(84.7059939154691,4.55521352696104,81.5763682541233));
#2607=CARTESIAN_POINT('Ctrl Pts',(84.7033970788328,4.70307718531317,81.2776444623358));
#2608=CARTESIAN_POINT('Ctrl Pts',(84.7008112308665,4.85031514972476,80.9801847381934));
#2609=CARTESIAN_POINT('Ctrl Pts',(84.6992297449767,5.00506863230281,80.6870485604346));
#2610=CARTESIAN_POINT('Ctrl Pts',(84.6986445005454,5.16692049817527,80.3988091508935));
#2611=CARTESIAN_POINT('Ctrl Pts',(84.6984738788109,5.21410667305607,80.3147760437506));
#2612=CARTESIAN_POINT('Ctrl Pts',(84.6983878946865,5.26189592346514,80.2311589180164));
#2613=CARTESIAN_POINT('Ctrl Pts',(84.6983862530092,5.31027730241193,80.1479714132721));
#2614=CARTESIAN_POINT('Ctrl Pts',(84.6983801882683,5.48900947027296,79.8406572484929));
#2615=CARTESIAN_POINT('Ctrl Pts',(84.6995195540659,5.67682640379386,79.5374895903019));
#2616=CARTESIAN_POINT('Ctrl Pts',(84.7018242826807,5.87344158965556,79.2392840296937));
#2617=CARTESIAN_POINT('Ctrl Pts',(84.7041290112954,6.07005677551727,78.9410784690856));
#2618=CARTESIAN_POINT('Ctrl Pts',(84.7075991114577,6.27546998409482,78.6478355503286));
#2619=CARTESIAN_POINT('Ctrl Pts',(84.7122474337591,6.48933699369649,78.3603483542276));
#2620=CARTESIAN_POINT('Ctrl Pts',(84.7168806291731,6.70250802269302,78.0737967185624));
#2621=CARTESIAN_POINT('Ctrl Pts',(84.7226844031972,6.92407773927845,77.7929639295521));
#2622=CARTESIAN_POINT('Ctrl Pts',(84.7296476183106,7.15348811967961,77.518600657854));
#2623=CARTESIAN_POINT('Ctrl Pts',(84.7366108334239,7.38289850008077,77.2442373861558));
#2624=CARTESIAN_POINT('Ctrl Pts',(84.7447334775112,7.62014911820414,76.9763441577331));
#2625=CARTESIAN_POINT('Ctrl Pts',(84.7539972581706,7.86463268682427,76.7156333671858));
#2626=CARTESIAN_POINT('Ctrl Pts',(84.7628890543193,8.09929908640821,76.4653913452138));
#2627=CARTESIAN_POINT('Ctrl Pts',(84.7728321137158,8.34062855041339,76.2217665352172));
#2628=CARTESIAN_POINT('Ctrl Pts',(84.783787600834,8.58800739517416,75.9851755648273));
#2629=CARTESIAN_POINT('Ctrl Pts',(84.7947627284423,8.83582972927556,75.7481604450985));
#2630=CARTESIAN_POINT('Ctrl Pts',(84.8067538903196,9.08972276098166,75.5182046656932));
#2631=CARTESIAN_POINT('Ctrl Pts',(84.8197166029251,9.34903916176391,75.295684875146));
#2632=CARTESIAN_POINT('Ctrl Pts',(84.8318538667699,9.59184262978691,75.0873348568454));
#2633=CARTESIAN_POINT('Ctrl Pts',(84.8448428182133,9.83940021061709,74.8855037244815));
#2634=CARTESIAN_POINT('Ctrl Pts',(84.8586429538358,10.0911611174459,74.6904642702337));
#2635=CARTESIAN_POINT('Ctrl Pts',(84.8730028569505,10.3531340667737,74.4875135353156));
#2636=CARTESIAN_POINT('Ctrl Pts',(84.8883185145748,10.6210025572869,74.2908761256465));
#2637=CARTESIAN_POINT('Ctrl Pts',(84.9045635522976,10.8942621382156,74.1010439413653));
#2638=CARTESIAN_POINT('Ctrl Pts',(84.9208672349317,11.1685081916991,73.9105264591005));
#2639=CARTESIAN_POINT('Ctrl Pts',(84.9381070018385,11.4481840007127,73.7268637197867));
#2640=CARTESIAN_POINT('Ctrl Pts',(84.9562503381491,11.7327422713201,73.550516604445));
#2641=CARTESIAN_POINT('Ctrl Pts',(84.9744093301074,12.0175460835397,73.3740173214825));
#2642=CARTESIAN_POINT('Ctrl Pts',(84.9934734287553,12.3072404236886,73.2048465681886));
#2643=CARTESIAN_POINT('Ctrl Pts',(85.0134044928776,12.601244456089,73.0434257941029));
#2644=CARTESIAN_POINT('Ctrl Pts',(85.0332914351689,12.8945976453567,72.882362360702));
#2645=CARTESIAN_POINT('Ctrl Pts',(85.0540414819775,13.1922410821829,72.7290148744707));
#2646=CARTESIAN_POINT('Ctrl Pts',(85.0756116049855,13.4935714445161,72.5837577154292));
#2647=CARTESIAN_POINT('Ctrl Pts',(85.0970391829128,13.7929104801987,72.4394604810689));
#2648=CARTESIAN_POINT('Ctrl Pts',(85.1192760034462,14.0958874794236,72.3031471874593));
#2649=CARTESIAN_POINT('Ctrl Pts',(85.1422752410818,14.4018908174035,72.1751379292786));
#2650=CARTESIAN_POINT('Ctrl Pts',(85.1547318968236,14.5676257994697,72.105806619859));
#2651=CARTESIAN_POINT('Ctrl Pts',(85.1674121247144,14.7342482228498,72.0389104134179));
#2652=CARTESIAN_POINT('Ctrl Pts',(85.1803079588321,14.901659034744,71.9744940686697));
#2653=CARTESIAN_POINT('Ctrl Pts',(85.2045183928413,15.2159534322048,71.8535598468581));
#2654=CARTESIAN_POINT('Ctrl Pts',(85.229488936923,15.5330268715021,71.7413690957948));
#2655=CARTESIAN_POINT('Ctrl Pts',(85.2551380476907,15.8521135909815,71.6379527713842));
#2656=CARTESIAN_POINT('Ctrl Pts',(85.2738276753371,16.0846211437,71.5625968413753));
#2657=CARTESIAN_POINT('Ctrl Pts',(85.2928775072509,16.3181974074354,71.4918986500265));
#2658=CARTESIAN_POINT('Ctrl Pts',(85.3122549543895,16.5525448713337,71.4258528268158));
#2659=CARTESIAN_POINT('Ctrl Pts',(85.3399649775929,16.8876650559395,71.3314063664248));
#2660=CARTESIAN_POINT('Ctrl Pts',(85.3685076765489,17.2261556731649,71.2459702425011));
#2661=CARTESIAN_POINT('Ctrl Pts',(85.3978149434993,17.5672745675984,71.1697640409896));
#2662=CARTESIAN_POINT('Ctrl Pts',(85.4273719461818,17.9113002351885,71.0929084643056));
#2663=CARTESIAN_POINT('Ctrl Pts',(85.4577065611294,18.2579987209949,71.0254409175547));
#2664=CARTESIAN_POINT('Ctrl Pts',(85.4887439135388,18.6065857247285,70.9675388860641));
#2665=CARTESIAN_POINT('Ctrl Pts',(85.5199631724365,18.9572157583206,70.9092974971737));
#2666=CARTESIAN_POINT('Ctrl Pts',(85.5518933826125,19.3097560251938,70.8607341860449));
#2667=CARTESIAN_POINT('Ctrl Pts',(85.584453973962,19.6633922134881,70.8219796372308));
#2668=CARTESIAN_POINT('Ctrl Pts',(85.6170936249782,20.0178870581532,70.783130989336));
#2669=CARTESIAN_POINT('Ctrl Pts',(85.650366669476,20.3734826387573,70.7541388661465));
#2670=CARTESIAN_POINT('Ctrl Pts',(85.6841883292556,20.7293500791827,70.7350835500959));
#2671=CARTESIAN_POINT('Ctrl Pts',(85.7179301684091,21.0843776565709,70.7160732054413));
#2672=CARTESIAN_POINT('Ctrl Pts',(85.7522179806458,21.4396752948223,70.7069528399612));
#2673=CARTESIAN_POINT('Ctrl Pts',(85.7869648052894,21.7944191479345,70.7077504965293));
#2674=CARTESIAN_POINT('Ctrl Pts',(85.8214399509757,22.146389324859,70.7085419163691));
#2675=CARTESIAN_POINT('Ctrl Pts',(85.8563669034958,22.4978138529695,70.7190968310867));
#2676=CARTESIAN_POINT('Ctrl Pts',(85.8916588192582,22.8478947481927,70.7393919237833));
#2677=CARTESIAN_POINT('Ctrl Pts',(85.9055728531126,22.9859160860171,70.7473933768288));
#2678=CARTESIAN_POINT('Ctrl Pts',(85.9195435994603,23.1237286862319,70.7569082635501));
#2679=CARTESIAN_POINT('Ctrl Pts',(85.9335656828724,23.2612841892216,70.7679329851629));
#2680=CARTESIAN_POINT('Ctrl Pts',(85.952451494339,23.4465524706406,70.7827817638882));
#2681=CARTESIAN_POINT('Ctrl Pts',(85.9714304381273,23.6313543588851,70.8003695790878));
#2682=CARTESIAN_POINT('Ctrl Pts',(85.9904934581087,23.815627896809,70.820672149903));
#2683=CARTESIAN_POINT('Ctrl Pts',(86.0327568713423,24.2241690770058,70.8656836927176));
#2684=CARTESIAN_POINT('Ctrl Pts',(86.0755986341714,24.6316970998529,70.9242161586816));
#2685=CARTESIAN_POINT('Ctrl Pts',(86.1189491261695,25.0376740811828,70.9962892036565));
#2686=CARTESIAN_POINT('Ctrl Pts',(86.1303987591882,25.1448997950335,71.0153249718213));
#2687=CARTESIAN_POINT('Ctrl Pts',(86.1418838659262,25.2520173218958,71.0353050246027));
#2688=CARTESIAN_POINT('Ctrl Pts',(86.1534031341309,25.3590167829257,71.0562291187763));
#2689=CARTESIAN_POINT('Ctrl Pts',(86.1966992990396,25.7611835028561,71.1348741347446));
#2690=CARTESIAN_POINT('Ctrl Pts',(86.2404782696306,26.1616823346531,71.2268596945536));
#2691=CARTESIAN_POINT('Ctrl Pts',(86.2845818274292,26.5592319113317,71.3317866076298));
#2692=CARTESIAN_POINT('Ctrl Pts',(86.3292573512873,26.9619371914544,71.4380742869573));
#2693=CARTESIAN_POINT('Ctrl Pts',(86.3742658489599,27.3616154991526,71.5576410137315));
#2694=CARTESIAN_POINT('Ctrl Pts',(86.4194409146116,27.7569413772873,71.6900190287847));
#2695=CARTESIAN_POINT('Ctrl Pts',(86.4645416562764,28.1516168480576,71.822179249758));
#2696=CARTESIAN_POINT('Ctrl Pts',(86.5098083254212,28.5419534832199,71.9671083523763));
#2697=CARTESIAN_POINT('Ctrl Pts',(86.5550747657917,28.9266495448132,72.1242920194775));
#2698=CARTESIAN_POINT('Ctrl Pts',(86.599678745562,29.3057156964379,72.2791753513722));
#2699=CARTESIAN_POINT('Ctrl Pts',(86.6442824175192,29.6793045505453,72.4459568189517));
#2700=CARTESIAN_POINT('Ctrl Pts',(86.6887275838617,30.0461971653471,72.6241018955939));
#2701=CARTESIAN_POINT('Ctrl Pts',(86.7203527270708,30.307261133384,72.7508617667882));
#2702=CARTESIAN_POINT('Ctrl Pts',(86.751897630842,30.5649352617569,72.8833742526785));
#2703=CARTESIAN_POINT('Ctrl Pts',(86.7833058997479,30.8187913066444,73.0214348945122));
#2704=CARTESIAN_POINT('Ctrl Pts',(86.802885338172,30.9770413144471,73.1074998044776));
#2705=CARTESIAN_POINT('Ctrl Pts',(86.8224468878335,31.1340921136671,73.1958751440298));
#2706=CARTESIAN_POINT('Ctrl Pts',(86.8419779828502,31.2898299367052,73.286535369536));
#2707=CARTESIAN_POINT('Ctrl Pts',(91.4675008014004,29.7805382104053,75.8792248004016));
#2708=CARTESIAN_POINT('Ctrl Pts',(91.4389872916817,29.5879708367875,75.7671248545677));
#2709=CARTESIAN_POINT('Ctrl Pts',(91.4103807399996,29.3930782089088,75.6590648368564));
#2710=CARTESIAN_POINT('Ctrl Pts',(91.3817643540676,29.1964235010649,75.5553227628296));
#2711=CARTESIAN_POINT('Ctrl Pts',(91.0294426677972,30.3380693935064,75.0329109143055));
#2712=CARTESIAN_POINT('Ctrl Pts',(91.0012797271454,30.1478696051201,74.9221892194765));
#2713=CARTESIAN_POINT('Ctrl Pts',(90.9736609747352,29.9560028234649,74.8143621224941));
#2714=CARTESIAN_POINT('Ctrl Pts',(90.9467431840868,29.762818779395,74.7095462985245));
#2715=CARTESIAN_POINT('Ctrl Pts',(89.661194424328,31.2437188824935,73.8251941494359));
#2716=CARTESIAN_POINT('Ctrl Pts',(89.6341404358774,31.061008456692,73.7188322644973));
#2717=CARTESIAN_POINT('Ctrl Pts',(89.6074906862716,30.8778019497697,73.6131869849544));
#2718=CARTESIAN_POINT('Ctrl Pts',(89.5812964582196,30.6944123880724,73.5084554648986));
#2719=CARTESIAN_POINT('Ctrl Pts',(87.74335045996,31.7016937763009,73.5262951649896));
#2720=CARTESIAN_POINT('Ctrl Pts',(87.7178450121599,31.5294414950399,73.4260213177829));
#2721=CARTESIAN_POINT('Ctrl Pts',(87.691169216457,31.3572988848537,73.3258196376314));
#2722=CARTESIAN_POINT('Ctrl Pts',(87.6633680544361,31.1854141925547,73.2257514524913));
#2723=CARTESIAN_POINT('Ctrl Pts',(86.9219914594539,31.7925300845617,73.5791740356128));
#2724=CARTESIAN_POINT('Ctrl Pts',(86.8971487418752,31.6247535840592,73.4815056909436));
#2725=CARTESIAN_POINT('Ctrl Pts',(86.8704598341159,31.4571739414883,73.3839519438984));
#2726=CARTESIAN_POINT('Ctrl Pts',(86.8419779828502,31.2898299377337,73.2865353701347));
#2727=CARTESIAN_POINT('',(91.4675008014004,29.7805382104051,75.8792248004015));
#2728=CARTESIAN_POINT('Origin',(86.9219914594539,29.2770438675475,77.9003230832635));
#2729=CARTESIAN_POINT('Ctrl Pts',(91.3817643540676,29.1964235010649,75.5553227628296));
#2730=CARTESIAN_POINT('Ctrl Pts',(91.4103807399996,29.3930782089088,75.6590648368564));
#2731=CARTESIAN_POINT('Ctrl Pts',(91.4389872916817,29.5879708367875,75.7671248545677));
#2732=CARTESIAN_POINT('Ctrl Pts',(91.4675008014004,29.7805382104053,75.8792248004016));
#2733=CARTESIAN_POINT('Ctrl Pts',(91.3817643540658,13.1113387715318,103.186580724098));
#2734=CARTESIAN_POINT('Ctrl Pts',(91.4103807399992,13.2986565494209,103.306361950223));
#2735=CARTESIAN_POINT('Ctrl Pts',(91.4389872916825,13.4888590479024,103.422478759535));
#2736=CARTESIAN_POINT('Ctrl Pts',(91.4675008014004,13.6814264215146,103.534578705366));
#2737=CARTESIAN_POINT('Ctrl Pts',(90.9467431840851,12.6555439526023,104.096741436239));
#2738=CARTESIAN_POINT('Ctrl Pts',(90.9736609747347,12.8420816791586,104.212974428169));
#2739=CARTESIAN_POINT('Ctrl Pts',(91.0012797271461,13.0305875121768,104.3265750253));
#2740=CARTESIAN_POINT('Ctrl Pts',(91.0294426677972,13.2207873005583,104.437296720126));
#2741=CARTESIAN_POINT('Ctrl Pts',(89.5812916859516,12.071107467038,105.499916713646));
#2742=CARTESIAN_POINT('Ctrl Pts',(89.6074859140045,12.2527355028405,105.607674215689));
#2743=CARTESIAN_POINT('Ctrl Pts',(89.6341357104757,12.4350676260863,105.71482133447));
#2744=CARTESIAN_POINT('Ctrl Pts',(89.661189698926,12.6177780518858,105.821183219408));
#2745=CARTESIAN_POINT('Ctrl Pts',(87.6633680544345,12.0677189432366,106.06648421463));
#2746=CARTESIAN_POINT('Ctrl Pts',(87.691169216456,12.2396108738063,106.166539965744));
#2747=CARTESIAN_POINT('Ctrl Pts',(87.7178450121596,12.4117462457306,106.266754079927));
#2748=CARTESIAN_POINT('Ctrl Pts',(87.74335045996,12.5839985269934,106.367027927134));
#2749=CARTESIAN_POINT('Ctrl Pts',(86.8419779828484,12.172134688416,106.127268132273));
#2750=CARTESIAN_POINT('Ctrl Pts',(86.8704598341148,12.339478692174,106.224684706039));
#2751=CARTESIAN_POINT('Ctrl Pts',(86.8971487418747,12.5070583347483,106.322238453086));
#2752=CARTESIAN_POINT('Ctrl Pts',(86.9219914594539,12.6748348352542,106.419906797758));
#2753=CARTESIAN_POINT('',(91.4675008014005,13.6814264215147,103.534578705366));
#2754=CARTESIAN_POINT('Origin',(86.9219914594539,15.1903210522684,102.098757750107));
#2755=CARTESIAN_POINT('Ctrl Pts',(91.4675008014004,13.6814264215146,103.534578705366));
#2756=CARTESIAN_POINT('Ctrl Pts',(91.4389872916825,13.4888590479024,103.422478759535));
#2757=CARTESIAN_POINT('Ctrl Pts',(91.4103807399992,13.2986565494209,103.306361950223));
#2758=CARTESIAN_POINT('Ctrl Pts',(91.3817643540658,13.1113387715318,103.186580724098));
#2759=CARTESIAN_POINT('Ctrl Pts',(92.3967356642595,36.3193490817239,79.6856865634846));
#2760=CARTESIAN_POINT('Ctrl Pts',(92.1003963961661,34.1391742588942,78.4165334616051));
#2761=CARTESIAN_POINT('Ctrl Pts',(91.7898925885898,31.9578268131504,77.1466977364822));
#2762=CARTESIAN_POINT('Ctrl Pts',(91.4675008014004,29.7805382104051,75.8792248004015));
#2763=CARTESIAN_POINT('Ctrl Pts',(91.9581212834545,36.8729628536526,78.8370922205697));
#2764=CARTESIAN_POINT('Ctrl Pts',(91.6619651586542,34.6941354202501,77.5687234793998));
#2765=CARTESIAN_POINT('Ctrl Pts',(91.3516573355672,32.5141618116448,76.2996875110888));
#2766=CARTESIAN_POINT('Ctrl Pts',(91.0294426677972,30.3380693935062,75.0329109143054));
#2767=CARTESIAN_POINT('Ctrl Pts',(90.5881310133245,37.7663739003684,77.6222582070382));
#2768=CARTESIAN_POINT('Ctrl Pts',(90.2925542241734,35.5918086526851,76.3563706275484));
#2769=CARTESIAN_POINT('Ctrl Pts',(89.9828441956109,33.4160248171423,75.0897736670741));
#2770=CARTESIAN_POINT('Ctrl Pts',(89.6611898082207,31.2437162797777,73.8251997945728));
#2771=CARTESIAN_POINT('Ctrl Pts',(88.6678563883526,38.2072007844192,77.3133696290163));
#2772=CARTESIAN_POINT('Ctrl Pts',(88.3730885833961,36.0385872520929,76.0509467432417));
#2773=CARTESIAN_POINT('Ctrl Pts',(88.0642224719306,33.8687185032465,74.7877931537072));
#2774=CARTESIAN_POINT('Ctrl Pts',(87.74335045996,31.7016937763009,73.5262951649895));
#2775=CARTESIAN_POINT('Ctrl Pts',(87.8454544243433,38.2906919467317,77.3619726431043));
#2776=CARTESIAN_POINT('Ctrl Pts',(87.5510328410207,36.1246255749435,76.1010325451613));
#2777=CARTESIAN_POINT('Ctrl Pts',(87.2425286375698,33.9572934947973,74.8393556358066));
#2778=CARTESIAN_POINT('Ctrl Pts',(86.9219914594539,31.7925300845617,73.5791740356128));
#2779=CARTESIAN_POINT('',(92.3967356642595,36.3193490817237,79.6856865634844));
#2780=CARTESIAN_POINT('Origin',(87.8454544243432,35.7752057297173,81.6831216907548));
#2781=CARTESIAN_POINT('Ctrl Pts',(91.4675008014004,29.7805382104051,75.8792248004015));
#2782=CARTESIAN_POINT('Ctrl Pts',(91.7898925885898,31.9578268131504,77.1466977364822));
#2783=CARTESIAN_POINT('Ctrl Pts',(92.1003963961661,34.1391742588942,78.4165334616051));
#2784=CARTESIAN_POINT('Ctrl Pts',(92.3967356642595,36.3193490817239,79.6856865634846));
#2785=CARTESIAN_POINT('Ctrl Pts',(91.4675008014004,13.6814264215147,103.534578705366));
#2786=CARTESIAN_POINT('Ctrl Pts',(91.7898925885895,15.8587150242589,104.802051641446));
#2787=CARTESIAN_POINT('Ctrl Pts',(92.1003963961664,18.0400624700055,106.07188736657));
#2788=CARTESIAN_POINT('Ctrl Pts',(92.3967356642596,20.2202372928337,107.341040468449));
#2789=CARTESIAN_POINT('Ctrl Pts',(91.0294426677972,13.2207873005584,104.437296720126));
#2790=CARTESIAN_POINT('Ctrl Pts',(91.3516573355669,15.396879718696,105.704073316909));
#2791=CARTESIAN_POINT('Ctrl Pts',(91.6619651586546,17.5768533273038,106.973109285222));
#2792=CARTESIAN_POINT('Ctrl Pts',(91.9581212834546,19.755680760705,108.241478026391));
#2793=CARTESIAN_POINT('Ctrl Pts',(89.6611855435746,12.6177813139151,105.82117867278));
#2794=CARTESIAN_POINT('Ctrl Pts',(89.9828399309646,14.7900898512792,107.085752545281));
#2795=CARTESIAN_POINT('Ctrl Pts',(90.2925499541123,16.9658736486866,108.352349483555));
#2796=CARTESIAN_POINT('Ctrl Pts',(90.5881267432631,19.1404388963687,109.618237063044));
#2797=CARTESIAN_POINT('Ctrl Pts',(87.74335045996,12.5839985269934,106.367027927134));
#2798=CARTESIAN_POINT('Ctrl Pts',(88.0642224719305,14.7510232539389,107.628525915852));
#2799=CARTESIAN_POINT('Ctrl Pts',(88.3730885833963,16.9208920027866,108.891679505387));
#2800=CARTESIAN_POINT('Ctrl Pts',(88.6678563883527,19.089505535112,110.154102391161));
#2801=CARTESIAN_POINT('Ctrl Pts',(86.9219914594539,12.6748348352542,106.419906797758));
#2802=CARTESIAN_POINT('Ctrl Pts',(87.2425286375698,14.8395982454899,107.680088397951));
#2803=CARTESIAN_POINT('Ctrl Pts',(87.551032841021,17.0069303256371,108.941765307306));
#2804=CARTESIAN_POINT('Ctrl Pts',(87.8454544243433,19.1729966974245,110.202705405249));
#2805=CARTESIAN_POINT('',(92.3967356642596,20.2202372928335,107.341040468449));
#2806=CARTESIAN_POINT('Origin',(87.8454544243433,21.6884829144384,105.881556357598));
#2807=CARTESIAN_POINT('Ctrl Pts',(92.3967356642596,20.2202372928337,107.341040468449));
#2808=CARTESIAN_POINT('Ctrl Pts',(92.1003963961664,18.0400624700054,106.07188736657));
#2809=CARTESIAN_POINT('Ctrl Pts',(91.7898925885895,15.8587150242589,104.802051641446));
#2810=CARTESIAN_POINT('Ctrl Pts',(91.4675008014004,13.6814264215147,103.534578705366));
#2811=CARTESIAN_POINT('Ctrl Pts',(93.015822092089,41.0314426695464,82.4287565418841));
#2812=CARTESIAN_POINT('Ctrl Pts',(93.0158194202676,41.0314412532454,82.4287539235903));
#2813=CARTESIAN_POINT('Ctrl Pts',(93.0110082788988,40.9935141261237,82.4066752670863));
#2814=CARTESIAN_POINT('Ctrl Pts',(92.9984379695297,40.894531171758,82.3490539597256));
#2815=CARTESIAN_POINT('Ctrl Pts',(92.9742904979238,40.7047177165912,82.2385571624592));
#2816=CARTESIAN_POINT('Ctrl Pts',(92.9242882425614,40.3131260295543,82.010598468932));
#2817=CARTESIAN_POINT('Ctrl Pts',(92.8514238386993,39.746827788896,81.6809372136996));
#2818=CARTESIAN_POINT('Ctrl Pts',(92.674302319286,38.3839521389806,80.8875614529791));
#2819=CARTESIAN_POINT('Ctrl Pts',(92.5208707524501,37.2326137855351,80.2173286683019));
#2820=CARTESIAN_POINT('Ctrl Pts',(92.3967356642595,36.3193490817237,79.6856865634844));
#2821=CARTESIAN_POINT('Ctrl Pts',(93.0256419749944,41.1088716033672,82.4738287350262));
#2822=CARTESIAN_POINT('Ctrl Pts',(93.0067040092526,41.1255973324099,82.4457974481415));
#2823=CARTESIAN_POINT('Ctrl Pts',(92.9698776779275,41.1172637788723,82.3735571416231));
#2824=CARTESIAN_POINT('Ctrl Pts',(92.9197672503724,41.054709651994,82.2533792854268));
#2825=CARTESIAN_POINT('Ctrl Pts',(92.8510056557431,40.9102724469347,82.0638976540934));
#2826=CARTESIAN_POINT('Ctrl Pts',(92.7440956615084,40.5802602666857,81.7264721444383));
#2827=CARTESIAN_POINT('Ctrl Pts',(92.6167140323049,40.0763460632681,81.2826373827026));
#2828=CARTESIAN_POINT('Ctrl Pts',(92.3417623475959,38.8297325990069,80.2690550511305));
#2829=CARTESIAN_POINT('Ctrl Pts',(92.1289742442293,37.7414531643017,79.4681606460289));
#2830=CARTESIAN_POINT('Ctrl Pts',(91.9581212834545,36.8729628536524,78.8370922205694));
#2831=CARTESIAN_POINT('Ctrl Pts',(93.0391598492601,41.2436486528094,82.5547569573474));
#2832=CARTESIAN_POINT('Ctrl Pts',(92.9872061153928,41.2896856375185,82.477572714437));
#2833=CARTESIAN_POINT('Ctrl Pts',(92.8904995610996,41.3324327742794,82.319605653007));
#2834=CARTESIAN_POINT('Ctrl Pts',(92.7641098666067,41.3318125537831,82.0953855322441));
#2835=CARTESIAN_POINT('Ctrl Pts',(92.5965207468687,41.2634464623165,81.7779575296715));
#2836=CARTESIAN_POINT('Ctrl Pts',(92.3460813061023,41.0348030951322,81.2696346083088));
#2837=CARTESIAN_POINT('Ctrl Pts',(92.0573149966162,40.631579021302,80.6552916690127));
#2838=CARTESIAN_POINT('Ctrl Pts',(91.441942206453,39.5677428391763,79.3303869424217));
#2839=CARTESIAN_POINT('Ctrl Pts',(90.9764140985714,38.5749053645675,78.3618451990245));
#2840=CARTESIAN_POINT('Ctrl Pts',(90.5881277384725,37.7663720269901,77.622262189819));
#2841=CARTESIAN_POINT('Ctrl Pts',(93.0462182527983,41.376810430799,82.639060733277));
#2842=CARTESIAN_POINT('Ctrl Pts',(92.9615543030401,41.4521689240259,82.5126853408098));
#2843=CARTESIAN_POINT('Ctrl Pts',(92.7984152671105,41.5441451870902,82.2728089664809));
#2844=CARTESIAN_POINT('Ctrl Pts',(92.578634389215,41.600009982836,81.9556579398634));
#2845=CARTESIAN_POINT('Ctrl Pts',(92.2800520518565,41.5963255657866,81.533331459189));
#2846=CARTESIAN_POINT('Ctrl Pts',(91.8226332028381,41.442655833041,80.9070555530402));
#2847=CARTESIAN_POINT('Ctrl Pts',(91.2878641376472,41.0960843791817,80.2098956898151));
#2848=CARTESIAN_POINT('Ctrl Pts',(90.1513471083893,40.0952769025348,78.8114585790936));
#2849=CARTESIAN_POINT('Ctrl Pts',(89.320939007158,39.0687481470294,77.9326658177352));
#2850=CARTESIAN_POINT('Ctrl Pts',(88.6678563883523,38.2072007844189,77.313369629016));
#2851=CARTESIAN_POINT('Ctrl Pts',(93.0480544782871,41.4335361727405,82.6757811453287));
#2852=CARTESIAN_POINT('Ctrl Pts',(92.9494396107507,41.5214543584922,82.5283352872642));
#2853=CARTESIAN_POINT('Ctrl Pts',(92.7566636196619,41.6341099004549,82.2540747670441));
#2854=CARTESIAN_POINT('Ctrl Pts',(92.493950769902,41.7128836005502,81.8993276788294));
#2855=CARTESIAN_POINT('Ctrl Pts',(92.1340619099141,41.7341270909363,81.4368426776356));
#2856=CARTESIAN_POINT('Ctrl Pts',(91.5788720006295,41.6059411633273,80.7714368808551));
#2857=CARTESIAN_POINT('Ctrl Pts',(90.9294493452005,41.2724597078976,80.0580078706806));
#2858=CARTESIAN_POINT('Ctrl Pts',(89.5588320387235,40.2683086790537,78.6801570062597));
#2859=CARTESIAN_POINT('Ctrl Pts',(88.5854451001541,39.1980466885407,77.8901743602386));
#2860=CARTESIAN_POINT('Ctrl Pts',(87.8454544243429,38.2906919467314,77.3619726431041));
#2861=CARTESIAN_POINT('',(93.0416068500537,41.4392448025881,82.6661500935261));
#2862=CARTESIAN_POINT('',(93.0158194202676,41.0314412532455,82.4287539235903));
#2863=CARTESIAN_POINT('Ctrl Pts',(93.0416068470499,41.4392448052528,82.6661500890574));
#2864=CARTESIAN_POINT('Ctrl Pts',(93.0416068470499,41.371157102764,82.6265139470798));
#2865=CARTESIAN_POINT('Ctrl Pts',(93.0394569609529,41.3030820797364,82.5868851862431));
#2866=CARTESIAN_POINT('Ctrl Pts',(93.0308661889065,41.1671849212215,82.5077748789138));
#2867=CARTESIAN_POINT('Ctrl Pts',(93.0244316650864,41.0993878457435,82.4683079206955));
#2868=CARTESIAN_POINT('Ctrl Pts',(93.0158480746484,41.0316671807639,82.4288854435986));
#2869=CARTESIAN_POINT('Ctrl Pts',(93.0158337504214,41.0315542166093,82.4288196833643));
#2870=CARTESIAN_POINT('Ctrl Pts',(93.0158194202676,41.0314412532455,82.4287539235903));
#2871=CARTESIAN_POINT('Ctrl Pts',(92.3967356642594,36.3193490817237,79.6856865634844));
#2872=CARTESIAN_POINT('Ctrl Pts',(92.6120321396463,37.9032902114376,80.6077519762763));
#2873=CARTESIAN_POINT('Ctrl Pts',(92.817753363082,39.4701036398375,81.5198467779854));
#2874=CARTESIAN_POINT('Ctrl Pts',(93.0158194200488,41.0314412515204,82.4287539225861));
#2875=CARTESIAN_POINT('Ctrl Pts',(87.8454544243429,38.2906919467314,77.3619726431041));
#2876=CARTESIAN_POINT('Ctrl Pts',(88.5854451001541,39.1980466885407,77.8901743602386));
#2877=CARTESIAN_POINT('Ctrl Pts',(89.5588320387235,40.2683086790537,78.6801570062597));
#2878=CARTESIAN_POINT('Ctrl Pts',(90.9294493452005,41.2724597078976,80.0580078706806));
#2879=CARTESIAN_POINT('Ctrl Pts',(91.5788720006295,41.6059411633273,80.7714368808551));
#2880=CARTESIAN_POINT('Ctrl Pts',(92.1340619099141,41.7341270909363,81.4368426776356));
#2881=CARTESIAN_POINT('Ctrl Pts',(92.493950769902,41.7128836005502,81.8993276788294));
#2882=CARTESIAN_POINT('Ctrl Pts',(92.7552364579442,41.634537830833,82.2521476383778));
#2883=CARTESIAN_POINT('Ctrl Pts',(92.945257914513,41.5238936701731,82.5223871509787));
#2884=CARTESIAN_POINT('Ctrl Pts',(93.0416291805826,41.439222843003,82.6661840788695));
#2885=CARTESIAN_POINT('Ctrl Pts',(92.3967356642596,20.2202372928335,107.341040468449));
#2886=CARTESIAN_POINT('Ctrl Pts',(92.4588032083549,20.6768696447393,107.606861520857));
#2887=CARTESIAN_POINT('Ctrl Pts',(92.5823498364476,21.5947345470392,108.141181555958));
#2888=CARTESIAN_POINT('Ctrl Pts',(92.733308544286,22.7388988484036,108.807238083596));
#2889=CARTESIAN_POINT('Ctrl Pts',(92.8514240024863,23.6476925565959,109.336277471466));
#2890=CARTESIAN_POINT('Ctrl Pts',(92.9242895791581,24.214028234512,109.665960520186));
#2891=CARTESIAN_POINT('Ctrl Pts',(92.9742918712499,24.6056153406787,109.893916547034));
#2892=CARTESIAN_POINT('Ctrl Pts',(92.9984381517571,24.795420841387,110.004408713743));
#2893=CARTESIAN_POINT('Ctrl Pts',(93.0110084365819,24.8944034527237,110.062029821415));
#2894=CARTESIAN_POINT('Ctrl Pts',(93.0158194202677,24.9323294643551,110.084107828554));
#2895=CARTESIAN_POINT('Ctrl Pts',(93.015822092089,24.9323324405296,110.084107767268));
#2896=CARTESIAN_POINT('Ctrl Pts',(91.9581212834545,19.7556807607047,108.241478026391));
#2897=CARTESIAN_POINT('Ctrl Pts',(92.043547763842,20.244488353529,108.463283868341));
#2898=CARTESIAN_POINT('Ctrl Pts',(92.2160076561227,21.2284697266861,108.904059045982));
#2899=CARTESIAN_POINT('Ctrl Pts',(92.4324305466878,22.4660008378916,109.430290381344));
#2900=CARTESIAN_POINT('Ctrl Pts',(92.6172407649709,23.4644713390699,109.818744395698));
#2901=CARTESIAN_POINT('Ctrl Pts',(92.7439954921893,24.0988443950209,110.038601390674));
#2902=CARTESIAN_POINT('Ctrl Pts',(92.8509885199664,24.555246489177,110.158891878899));
#2903=CARTESIAN_POINT('Ctrl Pts',(92.9197614230517,24.7913182200826,110.190940228575));
#2904=CARTESIAN_POINT('Ctrl Pts',(92.9698751017637,24.9267115446265,110.185992306971));
#2905=CARTESIAN_POINT('Ctrl Pts',(93.0067040092526,24.9936432126905,110.157568520341));
#2906=CARTESIAN_POINT('Ctrl Pts',(93.0256419749945,25.0097598144768,110.12918263999));
#2907=CARTESIAN_POINT('Ctrl Pts',(90.5881237843027,19.1404411898347,109.618233814184));
#2908=CARTESIAN_POINT('Ctrl Pts',(90.7822669643522,19.6616270491636,109.787179356905));
#2909=CARTESIAN_POINT('Ctrl Pts',(91.1664223342885,20.7198455118485,110.104711187924));
#2910=CARTESIAN_POINT('Ctrl Pts',(91.6464648211547,22.0734574301614,110.432639627339));
#2911=CARTESIAN_POINT('Ctrl Pts',(92.0586892095895,23.1938853799524,110.609979325565));
#2912=CARTESIAN_POINT('Ctrl Pts',(92.3459489896212,23.9259190342136,110.659629520858));
#2913=CARTESIAN_POINT('Ctrl Pts',(92.5965327545436,24.4809799603598,110.607211229641));
#2914=CARTESIAN_POINT('Ctrl Pts',(92.764105884761,24.7907534687995,110.509928071753));
#2915=CARTESIAN_POINT('Ctrl Pts',(92.89049993275,24.9860418128281,110.399742770004));
#2916=CARTESIAN_POINT('Ctrl Pts',(92.9872061151244,25.1022990142852,110.284566773044));
#2917=CARTESIAN_POINT('Ctrl Pts',(93.039159848992,25.1466847070011,110.206421257517));
#2918=CARTESIAN_POINT('Ctrl Pts',(88.6678563883522,19.0895055351118,110.154102391161));
#2919=CARTESIAN_POINT('Ctrl Pts',(88.9943976977552,19.5714804914714,110.375795982155));
#2920=CARTESIAN_POINT('Ctrl Pts',(89.6596188155117,20.5678544576826,110.772110426933));
#2921=CARTESIAN_POINT('Ctrl Pts',(90.528988282391,21.8934200183788,111.117640768306));
#2922=CARTESIAN_POINT('Ctrl Pts',(91.2901448999236,23.0367178694251,111.232474887523));
#2923=CARTESIAN_POINT('Ctrl Pts',(91.8224052171937,23.8119464601137,111.193455334888));
#2924=CARTESIAN_POINT('Ctrl Pts',(92.2800687826854,24.4326349291118,111.017459193309));
#2925=CARTESIAN_POINT('Ctrl Pts',(92.5786270953009,24.8016787851634,110.812147460382));
#2926=CARTESIAN_POINT('Ctrl Pts',(92.7984154772505,25.0498891002906,110.60695158692));
#2927=CARTESIAN_POINT('Ctrl Pts',(92.9615543030399,25.2130643919434,110.408521385899));
#2928=CARTESIAN_POINT('Ctrl Pts',(93.0462182527986,25.2857473253269,110.280588460044));
#2929=CARTESIAN_POINT('Ctrl Pts',(87.8454544243428,19.1729966974243,110.202705405249));
#2930=CARTESIAN_POINT('Ctrl Pts',(88.2154497622486,19.6266740683289,110.466806263816));
#2931=CARTESIAN_POINT('Ctrl Pts',(88.9825684563361,20.5734300863564,110.93662080787));
#2932=CARTESIAN_POINT('Ctrl Pts',(90.0141484211429,21.8590430831932,111.337718923577));
#2933=CARTESIAN_POINT('Ctrl Pts',(90.9321252374515,22.9920780771264,111.460237439368));
#2934=CARTESIAN_POINT('Ctrl Pts',(91.5785939891232,23.774601007761,111.40248723919));
#2935=CARTESIAN_POINT('Ctrl Pts',(92.1340783145924,24.4167735607881,111.184936118759));
#2936=CARTESIAN_POINT('Ctrl Pts',(92.4939414155363,24.8084286337752,110.938118794875));
#2937=CARTESIAN_POINT('Ctrl Pts',(92.7566634380343,25.0780211124726,110.694434855233));
#2938=CARTESIAN_POINT('Ctrl Pts',(92.9494396107504,25.2608855237763,110.46104311096));
#2939=CARTESIAN_POINT('Ctrl Pts',(93.0480544782874,25.3456891770831,110.311784178791));
#2940=CARTESIAN_POINT('',(93.0158194202676,24.9323294643551,110.084107828554));
#2941=CARTESIAN_POINT('Ctrl Pts',(93.0158194202676,24.9323294643551,110.084107828554));
#2942=CARTESIAN_POINT('Ctrl Pts',(93.0158337504211,24.9324424277166,110.084173588327));
#2943=CARTESIAN_POINT('Ctrl Pts',(93.0158480746488,24.9325553918758,110.084239348564));
#2944=CARTESIAN_POINT('Ctrl Pts',(93.0244316650865,25.0002760568529,110.123661825659));
#2945=CARTESIAN_POINT('Ctrl Pts',(93.0308661889066,25.0680731323307,110.163128783878));
#2946=CARTESIAN_POINT('Ctrl Pts',(93.039456960953,25.2039702908462,110.242239091207));
#2947=CARTESIAN_POINT('Ctrl Pts',(93.04160684705,25.2720453138741,110.281867852044));
#2948=CARTESIAN_POINT('Ctrl Pts',(93.04160684705,25.3401330163625,110.321503994021));
#2949=CARTESIAN_POINT('Ctrl Pts',(93.0158194200488,24.93232946263,110.08410782755));
#2950=CARTESIAN_POINT('Ctrl Pts',(92.8177533630819,23.3709918509465,109.175200682949));
#2951=CARTESIAN_POINT('Ctrl Pts',(92.6120321396462,21.8041784225464,108.26310588124));
#2952=CARTESIAN_POINT('Ctrl Pts',(92.3967356642595,20.2202372928335,107.341040468449));
#2953=CARTESIAN_POINT('Origin',(85.8454544243433,21.7309823159599,89.7069017528835));
#2954=CARTESIAN_POINT('Origin',(85.8454544243434,13.6814264215147,103.534578705366));
#2955=CARTESIAN_POINT('',(85.8454544243434,13.6814264215147,103.534578705366));
#2956=CARTESIAN_POINT('',(85.8454544243434,13.6814264215147,103.534578705366));
#2957=CARTESIAN_POINT('',(85.8454544243434,56.0286870884909,128.186343632104));
#2958=CARTESIAN_POINT('',(85.8454544243434,31.3981375168823,113.848072195123));
#2959=CARTESIAN_POINT('',(85.8454544243434,56.0286870884909,128.186343632104));
#2960=CARTESIAN_POINT('Origin',(87.8454544243434,89.6315629568356,114.191818510592));
#2961=CARTESIAN_POINT('',(93.8454544243433,70.6185071471728,103.12367915573));
#2962=CARTESIAN_POINT('',(93.8454544243433,89.6315629568356,114.191818510592));
#2963=CARTESIAN_POINT('',(93.04160684705,72.1277988773813,100.53098972714));
#2964=CARTESIAN_POINT('Origin',(87.8454544243434,70.6185071471728,103.12367915573));
#2965=CARTESIAN_POINT('',(93.04160684705,91.140854687044,111.599129082002));
#2966=CARTESIAN_POINT('Origin',(93.8454544243433,57.164404506695,110.333888732399));
#2967=CARTESIAN_POINT('',(93.8454544243434,56.0286870884909,128.186343632104));
#2968=CARTESIAN_POINT('Origin',(85.8454544243434,56.0286870884909,128.186343632104));
#2969=CARTESIAN_POINT('',(85.8454544243434,72.1277988773813,100.53098972714));
#2970=CARTESIAN_POINT('',(85.8454544243434,60.0534650357135,121.272505155863));
#2971=CARTESIAN_POINT('',(85.8454544243434,72.1277988773813,100.53098972714));
#2972=CARTESIAN_POINT('Origin',(68.8454544243433,63.6722887107638,103.129900478473));
#2973=CARTESIAN_POINT('Origin',(79.8454544243434,57.5379788186993,125.593654203514));
#2974=CARTESIAN_POINT('',(86.8454544243434,62.7233576758801,128.612237663931));
#2975=CARTESIAN_POINT('Origin',(86.8454544243434,57.5379788186993,125.593654203514));
#2976=CARTESIAN_POINT('',(82.8454541933754,62.7233575784226,128.612237831345));
#2977=CARTESIAN_POINT('',(79.8454544243434,62.7233576758801,128.612237663931));
#2978=CARTESIAN_POINT('',(75.8454543088594,62.7233575784226,128.612237831345));
#2979=CARTESIAN_POINT('Origin',(73.8454544243433,78.8224694647705,100.956883758967));
#2980=CARTESIAN_POINT('',(86.8454544243433,75.8038860043536,106.142262616147));
#2981=CARTESIAN_POINT('',(86.8454544243433,78.8224694647705,100.956883758967));
#2982=CARTESIAN_POINT('',(82.8454541933754,75.8038861018111,106.142262448733));
#2983=CARTESIAN_POINT('',(79.8454544243434,75.8038860043536,106.142262616147));
#2984=CARTESIAN_POINT('',(78.3454543088594,75.8038861018111,106.142262448733));
#2985=CARTESIAN_POINT('Origin',(79.8454544243434,70.6185071471728,103.12367915573));
#2986=CARTESIAN_POINT('Origin',(82.8454541933754,70.6185071471728,103.12367915573));
#2987=CARTESIAN_POINT('Origin',(86.8454544243433,70.6185071471728,103.12367915573));
#2988=CARTESIAN_POINT('Origin',(82.8454541933753,78.8224692511136,100.95688412599));
#2989=CARTESIAN_POINT('Origin',(77.8454541933754,59.70477442912,133.797616154088));
#2990=CARTESIAN_POINT('Origin',(86.8454544243433,101.840364234683,123.03462187593));
#2991=CARTESIAN_POINT('',(86.8454544243434,108.754202710924,127.059399823153));
#2992=CARTESIAN_POINT('',(86.8454544243433,101.840364234683,123.03462187593));
#2993=CARTESIAN_POINT('',(86.8454544243434,108.754202710924,127.059399823153));
#2994=CARTESIAN_POINT('Origin',(80.3454544243434,102.968584411792,136.998042632749));
#2995=CARTESIAN_POINT('',(86.8454544243434,97.1829661126592,146.936685442346));
#2996=CARTESIAN_POINT('Origin',(74.8454544243433,27.1324171990804,92.8512586937709));
#2997=CARTESIAN_POINT('',(76.8454544243433,34.9104854848515,97.3791338843963));
#2998=CARTESIAN_POINT('Origin',(76.8454544243433,27.1324171990804,92.8512586937709));
#2999=CARTESIAN_POINT('',(74.8454544243433,34.9104854848515,97.3791338843963));
#3000=CARTESIAN_POINT('Origin',(76.8454544243433,35.9998610818556,97.9923966082069));
#3001=CARTESIAN_POINT('',(76.8454544243433,23.556584133569,78.6200997792059));
#3002=CARTESIAN_POINT('',(76.8454544243433,13.009715839407,96.737706457692));
#3003=CARTESIAN_POINT('',(76.8454544243433,15.6464329129475,92.2083047880704));
#3004=CARTESIAN_POINT('',(76.8454544243433,58.9900063243042,99.2470867587217));
#3005=CARTESIAN_POINT('',(76.8454544243433,32.4149396812528,83.7768465240849));
#3006=CARTESIAN_POINT('',(76.8454544243434,48.6765128345463,116.963797854089));
#3007=CARTESIAN_POINT('',(76.8454544243433,56.3532892507637,103.776488428343));
#3008=CARTESIAN_POINT('',(76.8454544243433,39.8102491293453,111.935876225175));
#3009=CARTESIAN_POINT('Origin',(85.8454544243433,23.556584133569,78.6200997792059));
#3010=CARTESIAN_POINT('',(85.8454544243433,23.556584133569,78.6200997792059));
#3011=CARTESIAN_POINT('',(85.8454544243433,23.556584133569,78.6200997792059));
#3012=CARTESIAN_POINT('',(85.8454544243434,58.9900063243042,99.2470867587217));
#3013=CARTESIAN_POINT('',(85.8454544243433,23.556584133569,78.6200997792059));
#3014=CARTESIAN_POINT('',(85.8454544243434,58.9900063243042,99.2470867587217));
#3015=CARTESIAN_POINT('Origin',(85.8454544243433,13.009715839407,96.737706457692));
#3016=CARTESIAN_POINT('',(85.8454544243433,13.009715839407,96.737706457692));
#3017=CARTESIAN_POINT('',(85.8454544243433,13.009715839407,96.737706457692));
#3018=CARTESIAN_POINT('',(85.8454544243433,12.9915420221097,96.7689257793386));
#3019=CARTESIAN_POINT('Origin',(86.8454544243433,78.8224694647705,100.956883758967));
#3020=CARTESIAN_POINT('Origin',(85.8454544243434,114.475059544357,125.182754653878));
#3021=CARTESIAN_POINT('',(85.8454544243433,29.7805382104051,75.8792248004015));
#3022=CARTESIAN_POINT('',(85.8454544243434,89.8445099727489,110.844483216898));
#3023=CARTESIAN_POINT('',(85.8454544243433,29.7805382104051,75.8792248004015));
#3024=CARTESIAN_POINT('Origin',(85.8454544243434,57.164404506695,110.333888732399));
#3025=CARTESIAN_POINT('Origin',(85.8454544243433,21.7309823159599,89.7069017528835));
#3026=CARTESIAN_POINT('',(85.8454544243434,48.6765128345463,116.963797854089));
#3027=CARTESIAN_POINT('',(85.8454544243434,58.9900063243042,99.2470867587217));
#3028=CARTESIAN_POINT('',(85.8454544243434,48.6765128345463,116.963797854089));
#3029=CARTESIAN_POINT('Origin',(85.8454544243433,21.7309823159599,89.7069017528835));
#3030=CARTESIAN_POINT('Origin',(85.8454544243434,48.6765128345463,116.963797854089));
#3031=CARTESIAN_POINT('',(85.8454544243434,48.6765128345463,116.963797854089));
#3032=CARTESIAN_POINT('Origin',(85.8454544243434,58.9900063243042,99.2470867587217));
#3033=UNCERTAINTY_MEASURE_WITH_UNIT(LENGTH_MEASURE(0.01),#3037,
'DISTANCE_ACCURACY_VALUE',
'Maximum model space distance between geometric entities at asserted c
onnectivities');
#3034=UNCERTAINTY_MEASURE_WITH_UNIT(LENGTH_MEASURE(0.01),#3037,
'DISTANCE_ACCURACY_VALUE',
'Maximum model space distance between geometric entities at asserted c
onnectivities');
#3035=(
GEOMETRIC_REPRESENTATION_CONTEXT(3)
GLOBAL_UNCERTAINTY_ASSIGNED_CONTEXT((#3033))
GLOBAL_UNIT_ASSIGNED_CONTEXT((#3037,#3039,#3040))
REPRESENTATION_CONTEXT('','3D')
);
#3036=(
GEOMETRIC_REPRESENTATION_CONTEXT(3)
GLOBAL_UNCERTAINTY_ASSIGNED_CONTEXT((#3034))
GLOBAL_UNIT_ASSIGNED_CONTEXT((#3037,#3039,#3040))
REPRESENTATION_CONTEXT('','3D')
);
#3037=(
LENGTH_UNIT()
NAMED_UNIT(*)
SI_UNIT(.MILLI.,.METRE.)
);
#3038=(
LENGTH_UNIT()
NAMED_UNIT(*)
SI_UNIT($,.METRE.)
);
#3039=(
NAMED_UNIT(*)
PLANE_ANGLE_UNIT()
SI_UNIT($,.RADIAN.)
);
#3040=(
NAMED_UNIT(*)
SI_UNIT($,.STERADIAN.)
SOLID_ANGLE_UNIT()
);
#3041=SHAPE_DEFINITION_REPRESENTATION(#3042,#3043);
#3042=PRODUCT_DEFINITION_SHAPE('',$,#3045);
#3043=SHAPE_REPRESENTATION('',(#1444),#3035);
#3044=PRODUCT_DEFINITION_CONTEXT('part definition',#3049,'design');
#3045=PRODUCT_DEFINITION('Robot Arm 2','Robot Arm 2 v1',#3046,#3044);
#3046=PRODUCT_DEFINITION_FORMATION('',$,#3051);
#3047=PRODUCT_RELATED_PRODUCT_CATEGORY('Robot Arm 2 v1',
'Robot Arm 2 v1',(#3051));
#3048=APPLICATION_PROTOCOL_DEFINITION('international standard',
'automotive_design',2009,#3049);
#3049=APPLICATION_CONTEXT(
'Core Data for Automotive Mechanical Design Process');
#3050=PRODUCT_CONTEXT('part definition',#3049,'mechanical');
#3051=PRODUCT('Robot Arm 2','Robot Arm 2 v1',$,(#3050));
#3052=PRESENTATION_STYLE_ASSIGNMENT((#3053));
#3053=SURFACE_STYLE_USAGE(.BOTH.,#3054);
#3054=SURFACE_SIDE_STYLE('',(#3055));
#3055=SURFACE_STYLE_FILL_AREA(#3056);
#3056=FILL_AREA_STYLE('Steel - Satin',(#3057));
#3057=FILL_AREA_STYLE_COLOUR('Steel - Satin',#3058);
#3058=COLOUR_RGB('Steel - Satin',0.627450980392157,0.627450980392157,0.627450980392157);
ENDSEC;
END-ISO-10303-21;
