ISO-10303-21;
HEADER;
/* Generated by software containing ST-Developer
 * from STEP Tools, Inc. (www.steptools.com) 
 */

FILE_DESCRIPTION(
/* description */ (''),
/* implementation_level */ '2;1');

FILE_NAME(
/* name */ '3c4f1028-363f-4600-a8ce-15170ee5c910.stp',
/* time_stamp */ '2026-08-07T02:20:51Z',
/* author */ (''),
/* organization */ (''),
/* preprocessor_version */ 'ST-DEVELOPER v20.2',
/* originating_system */ 'Autodesk Translation Framework v15.15.0.0',
/* authorisation */ '');

FILE_SCHEMA (('AUTOMOTIVE_DESIGN { 1 0 10303 214 3 1 1 }'));
ENDSEC;

DATA;
#10=MECHANICAL_DESIGN_GEOMETRIC_PRESENTATION_REPRESENTATION('',(#13),#3549);
#11=SHAPE_REPRESENTATION_RELATIONSHIP('SRR','None',#3556,#12);
#12=ADVANCED_BREP_SHAPE_REPRESENTATION('',(#14),#3548);
#13=STYLED_ITEM('',(#3565),#14);
#14=MANIFOLD_SOLID_BREP(' Servo MG996R',#2109);
#15=FACE_BOUND('',#305,.T.);
#16=FACE_BOUND('',#310,.T.);
#17=FACE_BOUND('',#312,.T.);
#18=FACE_BOUND('',#323,.T.);
#19=FACE_BOUND('',#325,.T.);
#20=FACE_BOUND('',#332,.T.);
#21=FACE_BOUND('',#335,.T.);
#22=CIRCLE('',#2126,1.5);
#23=CIRCLE('',#2127,1.5);
#24=CIRCLE('',#2130,0.499999999999998);
#25=CIRCLE('',#2131,0.499999999999998);
#26=CIRCLE('',#2134,0.499999999999997);
#27=CIRCLE('',#2135,0.499999999999997);
#28=CIRCLE('',#2137,2.);
#29=CIRCLE('',#2138,2.);
#30=CIRCLE('',#2140,0.499999999999992);
#31=CIRCLE('',#2141,0.499999999999992);
#32=CIRCLE('',#2144,0.499999999999997);
#33=CIRCLE('',#2145,0.499999999999997);
#34=CIRCLE('',#2148,0.499999999999998);
#35=CIRCLE('',#2149,0.499999999999998);
#36=CIRCLE('',#2152,0.499999999999992);
#37=CIRCLE('',#2153,0.499999999999992);
#38=CIRCLE('',#2155,2.);
#39=CIRCLE('',#2156,2.);
#40=CIRCLE('',#2158,0.499999999999997);
#41=CIRCLE('',#2159,0.499999999999997);
#42=CIRCLE('',#2162,0.499999999999999);
#43=CIRCLE('',#2163,0.499999999999999);
#44=CIRCLE('',#2166,1.5);
#45=CIRCLE('',#2167,1.5);
#46=CIRCLE('',#2173,1.5);
#47=CIRCLE('',#2174,1.5);
#48=CIRCLE('',#2177,0.499999999999998);
#49=CIRCLE('',#2178,0.499999999999998);
#50=CIRCLE('',#2181,0.499999999999997);
#51=CIRCLE('',#2182,0.499999999999997);
#52=CIRCLE('',#2184,2.);
#53=CIRCLE('',#2185,2.);
#54=CIRCLE('',#2187,0.499999999999992);
#55=CIRCLE('',#2188,0.499999999999992);
#56=CIRCLE('',#2191,0.499999999999997);
#57=CIRCLE('',#2192,0.499999999999997);
#58=CIRCLE('',#2195,0.499999999999998);
#59=CIRCLE('',#2196,0.499999999999998);
#60=CIRCLE('',#2199,0.499999999999992);
#61=CIRCLE('',#2200,0.499999999999992);
#62=CIRCLE('',#2202,2.);
#63=CIRCLE('',#2203,2.);
#64=CIRCLE('',#2205,0.499999999999997);
#65=CIRCLE('',#2206,0.499999999999997);
#66=CIRCLE('',#2209,0.499999999999999);
#67=CIRCLE('',#2210,0.499999999999999);
#68=CIRCLE('',#2213,1.5);
#69=CIRCLE('',#2214,1.5);
#70=CIRCLE('',#2218,0.7);
#71=CIRCLE('',#2219,0.7);
#72=CIRCLE('',#2221,2.);
#73=CIRCLE('',#2224,0.7);
#74=CIRCLE('',#2225,0.7);
#75=CIRCLE('',#2227,2.);
#76=CIRCLE('',#2229,0.7);
#77=CIRCLE('',#2230,0.7);
#78=CIRCLE('',#2232,0.7);
#79=CIRCLE('',#2235,0.7);
#80=CIRCLE('',#2244,1.75);
#81=CIRCLE('',#2245,1.75);
#82=CIRCLE('',#2247,3.00000271814702);
#83=CIRCLE('',#2249,10.0000001490116);
#84=CIRCLE('',#2250,10.0000001490116);
#85=CIRCLE('',#2251,6.5);
#86=CIRCLE('',#2255,3.25);
#87=CIRCLE('',#2256,3.25);
#88=CIRCLE('',#2259,5.5);
#89=CIRCLE('',#2260,5.5);
#90=CIRCLE('',#2263,6.5);
#91=CIRCLE('',#2266,10.0000001490116);
#92=CIRCLE('',#2269,3.00000271814702);
#93=CIRCLE('',#2270,3.00000271814702);
#94=CIRCLE('',#2275,10.0000001490116);
#95=CIRCLE('',#2276,10.0000001490116);
#96=CIRCLE('',#2277,10.0000001490116);
#97=CIRCLE('',#2279,10.0000001490116);
#98=CIRCLE('',#2280,10.0000001490116);
#99=CIRCLE('',#2292,2.);
#100=CIRCLE('',#2298,2.);
#101=CIRCLE('',#2299,2.);
#102=CIRCLE('',#2303,2.);
#103=CIRCLE('',#2304,2.);
#104=CIRCLE('',#2310,2.);
#105=CYLINDRICAL_SURFACE('',#2125,1.5);
#106=CYLINDRICAL_SURFACE('',#2129,0.499999999999998);
#107=CYLINDRICAL_SURFACE('',#2133,0.499999999999997);
#108=CYLINDRICAL_SURFACE('',#2136,2.);
#109=CYLINDRICAL_SURFACE('',#2139,0.499999999999992);
#110=CYLINDRICAL_SURFACE('',#2143,0.499999999999997);
#111=CYLINDRICAL_SURFACE('',#2147,0.499999999999998);
#112=CYLINDRICAL_SURFACE('',#2151,0.499999999999992);
#113=CYLINDRICAL_SURFACE('',#2154,2.);
#114=CYLINDRICAL_SURFACE('',#2157,0.499999999999997);
#115=CYLINDRICAL_SURFACE('',#2161,0.499999999999999);
#116=CYLINDRICAL_SURFACE('',#2165,1.5);
#117=CYLINDRICAL_SURFACE('',#2172,1.5);
#118=CYLINDRICAL_SURFACE('',#2176,0.499999999999998);
#119=CYLINDRICAL_SURFACE('',#2180,0.499999999999997);
#120=CYLINDRICAL_SURFACE('',#2183,2.);
#121=CYLINDRICAL_SURFACE('',#2186,0.499999999999992);
#122=CYLINDRICAL_SURFACE('',#2190,0.499999999999997);
#123=CYLINDRICAL_SURFACE('',#2194,0.499999999999998);
#124=CYLINDRICAL_SURFACE('',#2198,0.499999999999992);
#125=CYLINDRICAL_SURFACE('',#2201,2.);
#126=CYLINDRICAL_SURFACE('',#2204,0.499999999999997);
#127=CYLINDRICAL_SURFACE('',#2208,0.499999999999999);
#128=CYLINDRICAL_SURFACE('',#2212,1.5);
#129=CYLINDRICAL_SURFACE('',#2217,0.7);
#130=CYLINDRICAL_SURFACE('',#2223,0.7);
#131=CYLINDRICAL_SURFACE('',#2228,0.7);
#132=CYLINDRICAL_SURFACE('',#2234,0.7);
#133=CYLINDRICAL_SURFACE('',#2243,1.75);
#134=CYLINDRICAL_SURFACE('',#2254,3.25);
#135=CYLINDRICAL_SURFACE('',#2258,5.5);
#136=CYLINDRICAL_SURFACE('',#2262,6.5);
#137=CYLINDRICAL_SURFACE('',#2268,3.00000271814702);
#138=CYLINDRICAL_SURFACE('',#2274,10.0000001490116);
#139=CYLINDRICAL_SURFACE('',#2278,10.0000001490116);
#140=CYLINDRICAL_SURFACE('',#2291,2.);
#141=CYLINDRICAL_SURFACE('',#2297,2.);
#142=CYLINDRICAL_SURFACE('',#2302,2.);
#143=CYLINDRICAL_SURFACE('',#2309,2.);
#144=FACE_OUTER_BOUND('',#256,.T.);
#145=FACE_OUTER_BOUND('',#257,.T.);
#146=FACE_OUTER_BOUND('',#258,.T.);
#147=FACE_OUTER_BOUND('',#259,.T.);
#148=FACE_OUTER_BOUND('',#260,.T.);
#149=FACE_OUTER_BOUND('',#261,.T.);
#150=FACE_OUTER_BOUND('',#262,.T.);
#151=FACE_OUTER_BOUND('',#263,.T.);
#152=FACE_OUTER_BOUND('',#264,.T.);
#153=FACE_OUTER_BOUND('',#265,.T.);
#154=FACE_OUTER_BOUND('',#266,.T.);
#155=FACE_OUTER_BOUND('',#267,.T.);
#156=FACE_OUTER_BOUND('',#268,.T.);
#157=FACE_OUTER_BOUND('',#269,.T.);
#158=FACE_OUTER_BOUND('',#270,.T.);
#159=FACE_OUTER_BOUND('',#271,.T.);
#160=FACE_OUTER_BOUND('',#272,.T.);
#161=FACE_OUTER_BOUND('',#273,.T.);
#162=FACE_OUTER_BOUND('',#274,.T.);
#163=FACE_OUTER_BOUND('',#275,.T.);
#164=FACE_OUTER_BOUND('',#276,.T.);
#165=FACE_OUTER_BOUND('',#277,.T.);
#166=FACE_OUTER_BOUND('',#278,.T.);
#167=FACE_OUTER_BOUND('',#279,.T.);
#168=FACE_OUTER_BOUND('',#280,.T.);
#169=FACE_OUTER_BOUND('',#281,.T.);
#170=FACE_OUTER_BOUND('',#282,.T.);
#171=FACE_OUTER_BOUND('',#283,.T.);
#172=FACE_OUTER_BOUND('',#284,.T.);
#173=FACE_OUTER_BOUND('',#285,.T.);
#174=FACE_OUTER_BOUND('',#286,.T.);
#175=FACE_OUTER_BOUND('',#287,.T.);
#176=FACE_OUTER_BOUND('',#288,.T.);
#177=FACE_OUTER_BOUND('',#289,.T.);
#178=FACE_OUTER_BOUND('',#290,.T.);
#179=FACE_OUTER_BOUND('',#291,.T.);
#180=FACE_OUTER_BOUND('',#292,.T.);
#181=FACE_OUTER_BOUND('',#293,.T.);
#182=FACE_OUTER_BOUND('',#294,.T.);
#183=FACE_OUTER_BOUND('',#295,.T.);
#184=FACE_OUTER_BOUND('',#296,.T.);
#185=FACE_OUTER_BOUND('',#297,.T.);
#186=FACE_OUTER_BOUND('',#298,.T.);
#187=FACE_OUTER_BOUND('',#299,.T.);
#188=FACE_OUTER_BOUND('',#300,.T.);
#189=FACE_OUTER_BOUND('',#301,.T.);
#190=FACE_OUTER_BOUND('',#302,.T.);
#191=FACE_OUTER_BOUND('',#303,.T.);
#192=FACE_OUTER_BOUND('',#304,.T.);
#193=FACE_OUTER_BOUND('',#306,.T.);
#194=FACE_OUTER_BOUND('',#307,.T.);
#195=FACE_OUTER_BOUND('',#308,.T.);
#196=FACE_OUTER_BOUND('',#309,.T.);
#197=FACE_OUTER_BOUND('',#311,.T.);
#198=FACE_OUTER_BOUND('',#313,.T.);
#199=FACE_OUTER_BOUND('',#314,.T.);
#200=FACE_OUTER_BOUND('',#315,.T.);
#201=FACE_OUTER_BOUND('',#316,.T.);
#202=FACE_OUTER_BOUND('',#317,.T.);
#203=FACE_OUTER_BOUND('',#318,.T.);
#204=FACE_OUTER_BOUND('',#319,.T.);
#205=FACE_OUTER_BOUND('',#320,.T.);
#206=FACE_OUTER_BOUND('',#321,.T.);
#207=FACE_OUTER_BOUND('',#322,.T.);
#208=FACE_OUTER_BOUND('',#324,.T.);
#209=FACE_OUTER_BOUND('',#326,.T.);
#210=FACE_OUTER_BOUND('',#327,.T.);
#211=FACE_OUTER_BOUND('',#328,.T.);
#212=FACE_OUTER_BOUND('',#329,.T.);
#213=FACE_OUTER_BOUND('',#330,.T.);
#214=FACE_OUTER_BOUND('',#331,.T.);
#215=FACE_OUTER_BOUND('',#333,.T.);
#216=FACE_OUTER_BOUND('',#334,.T.);
#217=FACE_OUTER_BOUND('',#336,.T.);
#218=FACE_OUTER_BOUND('',#337,.T.);
#219=FACE_OUTER_BOUND('',#338,.T.);
#220=FACE_OUTER_BOUND('',#339,.T.);
#221=FACE_OUTER_BOUND('',#340,.T.);
#222=FACE_OUTER_BOUND('',#341,.T.);
#223=FACE_OUTER_BOUND('',#342,.T.);
#224=FACE_OUTER_BOUND('',#343,.T.);
#225=FACE_OUTER_BOUND('',#344,.T.);
#226=FACE_OUTER_BOUND('',#345,.T.);
#227=FACE_OUTER_BOUND('',#346,.T.);
#228=FACE_OUTER_BOUND('',#347,.T.);
#229=FACE_OUTER_BOUND('',#348,.T.);
#230=FACE_OUTER_BOUND('',#349,.T.);
#231=FACE_OUTER_BOUND('',#350,.T.);
#232=FACE_OUTER_BOUND('',#351,.T.);
#233=FACE_OUTER_BOUND('',#352,.T.);
#234=FACE_OUTER_BOUND('',#353,.T.);
#235=FACE_OUTER_BOUND('',#354,.T.);
#236=FACE_OUTER_BOUND('',#355,.T.);
#237=FACE_OUTER_BOUND('',#356,.T.);
#238=FACE_OUTER_BOUND('',#357,.T.);
#239=FACE_OUTER_BOUND('',#358,.T.);
#240=FACE_OUTER_BOUND('',#359,.T.);
#241=FACE_OUTER_BOUND('',#360,.T.);
#242=FACE_OUTER_BOUND('',#361,.T.);
#243=FACE_OUTER_BOUND('',#362,.T.);
#244=FACE_OUTER_BOUND('',#363,.T.);
#245=FACE_OUTER_BOUND('',#364,.T.);
#246=FACE_OUTER_BOUND('',#365,.T.);
#247=FACE_OUTER_BOUND('',#366,.T.);
#248=FACE_OUTER_BOUND('',#367,.T.);
#249=FACE_OUTER_BOUND('',#368,.T.);
#250=FACE_OUTER_BOUND('',#369,.T.);
#251=FACE_OUTER_BOUND('',#370,.T.);
#252=FACE_OUTER_BOUND('',#371,.T.);
#253=FACE_OUTER_BOUND('',#372,.T.);
#254=FACE_OUTER_BOUND('',#373,.T.);
#255=FACE_OUTER_BOUND('',#374,.T.);
#256=EDGE_LOOP('',(#1318,#1319,#1320,#1321));
#257=EDGE_LOOP('',(#1322,#1323,#1324,#1325));
#258=EDGE_LOOP('',(#1326,#1327,#1328,#1329));
#259=EDGE_LOOP('',(#1330,#1331,#1332,#1333));
#260=EDGE_LOOP('',(#1334,#1335,#1336,#1337));
#261=EDGE_LOOP('',(#1338,#1339,#1340,#1341));
#262=EDGE_LOOP('',(#1342,#1343,#1344,#1345));
#263=EDGE_LOOP('',(#1346,#1347,#1348,#1349));
#264=EDGE_LOOP('',(#1350,#1351,#1352,#1353));
#265=EDGE_LOOP('',(#1354,#1355,#1356,#1357));
#266=EDGE_LOOP('',(#1358,#1359,#1360,#1361));
#267=EDGE_LOOP('',(#1362,#1363,#1364,#1365));
#268=EDGE_LOOP('',(#1366,#1367,#1368,#1369));
#269=EDGE_LOOP('',(#1370,#1371,#1372,#1373));
#270=EDGE_LOOP('',(#1374,#1375,#1376,#1377));
#271=EDGE_LOOP('',(#1378,#1379,#1380,#1381));
#272=EDGE_LOOP('',(#1382,#1383,#1384,#1385));
#273=EDGE_LOOP('',(#1386,#1387,#1388,#1389));
#274=EDGE_LOOP('',(#1390,#1391,#1392,#1393));
#275=EDGE_LOOP('',(#1394,#1395,#1396,#1397));
#276=EDGE_LOOP('',(#1398,#1399,#1400,#1401));
#277=EDGE_LOOP('',(#1402,#1403,#1404,#1405,#1406,#1407,#1408,#1409,#1410,
#1411,#1412,#1413,#1414,#1415,#1416,#1417,#1418,#1419,#1420,#1421,#1422,
#1423));
#278=EDGE_LOOP('',(#1424,#1425,#1426,#1427,#1428,#1429,#1430,#1431,#1432,
#1433,#1434,#1435,#1436,#1437,#1438,#1439,#1440,#1441,#1442,#1443,#1444,
#1445));
#279=EDGE_LOOP('',(#1446,#1447,#1448,#1449));
#280=EDGE_LOOP('',(#1450,#1451,#1452,#1453));
#281=EDGE_LOOP('',(#1454,#1455,#1456,#1457));
#282=EDGE_LOOP('',(#1458,#1459,#1460,#1461));
#283=EDGE_LOOP('',(#1462,#1463,#1464,#1465));
#284=EDGE_LOOP('',(#1466,#1467,#1468,#1469));
#285=EDGE_LOOP('',(#1470,#1471,#1472,#1473));
#286=EDGE_LOOP('',(#1474,#1475,#1476,#1477));
#287=EDGE_LOOP('',(#1478,#1479,#1480,#1481));
#288=EDGE_LOOP('',(#1482,#1483,#1484,#1485));
#289=EDGE_LOOP('',(#1486,#1487,#1488,#1489));
#290=EDGE_LOOP('',(#1490,#1491,#1492,#1493));
#291=EDGE_LOOP('',(#1494,#1495,#1496,#1497));
#292=EDGE_LOOP('',(#1498,#1499,#1500,#1501));
#293=EDGE_LOOP('',(#1502,#1503,#1504,#1505));
#294=EDGE_LOOP('',(#1506,#1507,#1508,#1509));
#295=EDGE_LOOP('',(#1510,#1511,#1512,#1513));
#296=EDGE_LOOP('',(#1514,#1515,#1516,#1517));
#297=EDGE_LOOP('',(#1518,#1519,#1520,#1521));
#298=EDGE_LOOP('',(#1522,#1523,#1524,#1525));
#299=EDGE_LOOP('',(#1526,#1527,#1528,#1529));
#300=EDGE_LOOP('',(#1530,#1531,#1532,#1533,#1534,#1535,#1536,#1537,#1538,
#1539,#1540,#1541,#1542,#1543,#1544,#1545,#1546,#1547,#1548,#1549,#1550,
#1551));
#301=EDGE_LOOP('',(#1552,#1553,#1554,#1555,#1556,#1557,#1558,#1559,#1560,
#1561,#1562,#1563,#1564,#1565,#1566,#1567,#1568,#1569,#1570,#1571,#1572,
#1573));
#302=EDGE_LOOP('',(#1574,#1575,#1576,#1577));
#303=EDGE_LOOP('',(#1578,#1579,#1580,#1581,#1582,#1583));
#304=EDGE_LOOP('',(#1584,#1585,#1586,#1587,#1588,#1589,#1590,#1591));
#305=EDGE_LOOP('',(#1592,#1593,#1594,#1595));
#306=EDGE_LOOP('',(#1596,#1597,#1598,#1599));
#307=EDGE_LOOP('',(#1600,#1601,#1602,#1603,#1604,#1605));
#308=EDGE_LOOP('',(#1606,#1607,#1608,#1609));
#309=EDGE_LOOP('',(#1610,#1611,#1612,#1613,#1614,#1615,#1616,#1617));
#310=EDGE_LOOP('',(#1618,#1619,#1620,#1621));
#311=EDGE_LOOP('',(#1622,#1623,#1624,#1625,#1626,#1627,#1628,#1629));
#312=EDGE_LOOP('',(#1630,#1631,#1632,#1633));
#313=EDGE_LOOP('',(#1634,#1635,#1636,#1637));
#314=EDGE_LOOP('',(#1638,#1639,#1640,#1641));
#315=EDGE_LOOP('',(#1642,#1643,#1644,#1645));
#316=EDGE_LOOP('',(#1646,#1647,#1648,#1649));
#317=EDGE_LOOP('',(#1650,#1651,#1652,#1653));
#318=EDGE_LOOP('',(#1654,#1655,#1656,#1657));
#319=EDGE_LOOP('',(#1658,#1659,#1660,#1661));
#320=EDGE_LOOP('',(#1662,#1663,#1664,#1665));
#321=EDGE_LOOP('',(#1666,#1667,#1668,#1669));
#322=EDGE_LOOP('',(#1670,#1671,#1672,#1673,#1674,#1675,#1676,#1677));
#323=EDGE_LOOP('',(#1678,#1679,#1680,#1681));
#324=EDGE_LOOP('',(#1682,#1683,#1684,#1685,#1686,#1687,#1688,#1689,#1690));
#325=EDGE_LOOP('',(#1691));
#326=EDGE_LOOP('',(#1692,#1693,#1694));
#327=EDGE_LOOP('',(#1695,#1696,#1697,#1698));
#328=EDGE_LOOP('',(#1699,#1700,#1701,#1702));
#329=EDGE_LOOP('',(#1703));
#330=EDGE_LOOP('',(#1704,#1705,#1706,#1707));
#331=EDGE_LOOP('',(#1708));
#332=EDGE_LOOP('',(#1709));
#333=EDGE_LOOP('',(#1710,#1711,#1712,#1713));
#334=EDGE_LOOP('',(#1714));
#335=EDGE_LOOP('',(#1715));
#336=EDGE_LOOP('',(#1716,#1717));
#337=EDGE_LOOP('',(#1718,#1719,#1720,#1721,#1722,#1723));
#338=EDGE_LOOP('',(#1724,#1725,#1726,#1727,#1728,#1729));
#339=EDGE_LOOP('',(#1730,#1731,#1732,#1733,#1734,#1735));
#340=EDGE_LOOP('',(#1736,#1737,#1738,#1739,#1740));
#341=EDGE_LOOP('',(#1741,#1742,#1743,#1744));
#342=EDGE_LOOP('',(#1745,#1746,#1747,#1748,#1749,#1750));
#343=EDGE_LOOP('',(#1751,#1752,#1753,#1754,#1755,#1756));
#344=EDGE_LOOP('',(#1757,#1758,#1759,#1760,#1761,#1762));
#345=EDGE_LOOP('',(#1763,#1764));
#346=EDGE_LOOP('',(#1765,#1766));
#347=EDGE_LOOP('',(#1767,#1768,#1769));
#348=EDGE_LOOP('',(#1770,#1771,#1772));
#349=EDGE_LOOP('',(#1773,#1774,#1775,#1776,#1777,#1778));
#350=EDGE_LOOP('',(#1779,#1780,#1781,#1782,#1783,#1784,#1785,#1786));
#351=EDGE_LOOP('',(#1787,#1788,#1789,#1790,#1791,#1792));
#352=EDGE_LOOP('',(#1793,#1794,#1795,#1796));
#353=EDGE_LOOP('',(#1797,#1798,#1799,#1800,#1801,#1802,#1803,#1804));
#354=EDGE_LOOP('',(#1805,#1806,#1807,#1808));
#355=EDGE_LOOP('',(#1809,#1810,#1811,#1812,#1813));
#356=EDGE_LOOP('',(#1814,#1815,#1816,#1817,#1818));
#357=EDGE_LOOP('',(#1819,#1820,#1821,#1822,#1823));
#358=EDGE_LOOP('',(#1824,#1825,#1826,#1827,#1828));
#359=EDGE_LOOP('',(#1829,#1830,#1831,#1832));
#360=EDGE_LOOP('',(#1833,#1834,#1835,#1836,#1837,#1838));
#361=EDGE_LOOP('',(#1839,#1840,#1841,#1842,#1843));
#362=EDGE_LOOP('',(#1844,#1845,#1846,#1847));
#363=EDGE_LOOP('',(#1848,#1849,#1850,#1851,#1852));
#364=EDGE_LOOP('',(#1853,#1854,#1855,#1856,#1857,#1858));
#365=EDGE_LOOP('',(#1859,#1860,#1861,#1862,#1863));
#366=EDGE_LOOP('',(#1864,#1865,#1866,#1867,#1868));
#367=EDGE_LOOP('',(#1869,#1870,#1871,#1872));
#368=EDGE_LOOP('',(#1873,#1874,#1875,#1876,#1877,#1878,#1879,#1880));
#369=EDGE_LOOP('',(#1881,#1882,#1883,#1884));
#370=EDGE_LOOP('',(#1885,#1886,#1887,#1888));
#371=EDGE_LOOP('',(#1889,#1890,#1891,#1892));
#372=EDGE_LOOP('',(#1893,#1894,#1895,#1896));
#373=EDGE_LOOP('',(#1897,#1898,#1899,#1900,#1901,#1902,#1903,#1904,#1905,
#1906,#1907,#1908,#1909,#1910,#1911,#1912));
#374=EDGE_LOOP('',(#1913,#1914,#1915,#1916,#1917,#1918,#1919,#1920,#1921,
#1922,#1923));
#375=LINE('',#2934,#595);
#376=LINE('',#2936,#596);
#377=LINE('',#2938,#597);
#378=LINE('',#2939,#598);
#379=LINE('',#2943,#599);
#380=LINE('',#2945,#600);
#381=LINE('',#2947,#601);
#382=LINE('',#2948,#602);
#383=LINE('',#2953,#603);
#384=LINE('',#2957,#604);
#385=LINE('',#2959,#605);
#386=LINE('',#2960,#606);
#387=LINE('',#2965,#607);
#388=LINE('',#2969,#608);
#389=LINE('',#2971,#609);
#390=LINE('',#2972,#610);
#391=LINE('',#2977,#611);
#392=LINE('',#2983,#612);
#393=LINE('',#2989,#613);
#394=LINE('',#2993,#614);
#395=LINE('',#2995,#615);
#396=LINE('',#2996,#616);
#397=LINE('',#3001,#617);
#398=LINE('',#3005,#618);
#399=LINE('',#3007,#619);
#400=LINE('',#3008,#620);
#401=LINE('',#3013,#621);
#402=LINE('',#3017,#622);
#403=LINE('',#3019,#623);
#404=LINE('',#3020,#624);
#405=LINE('',#3025,#625);
#406=LINE('',#3031,#626);
#407=LINE('',#3037,#627);
#408=LINE('',#3041,#628);
#409=LINE('',#3043,#629);
#410=LINE('',#3044,#630);
#411=LINE('',#3049,#631);
#412=LINE('',#3053,#632);
#413=LINE('',#3055,#633);
#414=LINE('',#3056,#634);
#415=LINE('',#3061,#635);
#416=LINE('',#3063,#636);
#417=LINE('',#3067,#637);
#418=LINE('',#3069,#638);
#419=LINE('',#3071,#639);
#420=LINE('',#3072,#640);
#421=LINE('',#3076,#641);
#422=LINE('',#3078,#642);
#423=LINE('',#3080,#643);
#424=LINE('',#3081,#644);
#425=LINE('',#3087,#645);
#426=LINE('',#3090,#646);
#427=LINE('',#3092,#647);
#428=LINE('',#3093,#648);
#429=LINE('',#3099,#649);
#430=LINE('',#3102,#650);
#431=LINE('',#3104,#651);
#432=LINE('',#3105,#652);
#433=LINE('',#3111,#653);
#434=LINE('',#3117,#654);
#435=LINE('',#3123,#655);
#436=LINE('',#3126,#656);
#437=LINE('',#3128,#657);
#438=LINE('',#3129,#658);
#439=LINE('',#3135,#659);
#440=LINE('',#3138,#660);
#441=LINE('',#3140,#661);
#442=LINE('',#3141,#662);
#443=LINE('',#3147,#663);
#444=LINE('',#3150,#664);
#445=LINE('',#3152,#665);
#446=LINE('',#3153,#666);
#447=LINE('',#3159,#667);
#448=LINE('',#3165,#668);
#449=LINE('',#3171,#669);
#450=LINE('',#3174,#670);
#451=LINE('',#3176,#671);
#452=LINE('',#3177,#672);
#453=LINE('',#3183,#673);
#454=LINE('',#3186,#674);
#455=LINE('',#3188,#675);
#456=LINE('',#3189,#676);
#457=LINE('',#3194,#677);
#458=LINE('',#3196,#678);
#459=LINE('',#3202,#679);
#460=LINE('',#3205,#680);
#461=LINE('',#3208,#681);
#462=LINE('',#3210,#682);
#463=LINE('',#3214,#683);
#464=LINE('',#3215,#684);
#465=LINE('',#3218,#685);
#466=LINE('',#3220,#686);
#467=LINE('',#3222,#687);
#468=LINE('',#3224,#688);
#469=LINE('',#3226,#689);
#470=LINE('',#3227,#690);
#471=LINE('',#3233,#691);
#472=LINE('',#3236,#692);
#473=LINE('',#3238,#693);
#474=LINE('',#3241,#694);
#475=LINE('',#3247,#695);
#476=LINE('',#3250,#696);
#477=LINE('',#3252,#697);
#478=LINE('',#3254,#698);
#479=LINE('',#3257,#699);
#480=LINE('',#3260,#700);
#481=LINE('',#3262,#701);
#482=LINE('',#3264,#702);
#483=LINE('',#3265,#703);
#484=LINE('',#3268,#704);
#485=LINE('',#3270,#705);
#486=LINE('',#3272,#706);
#487=LINE('',#3274,#707);
#488=LINE('',#3276,#708);
#489=LINE('',#3277,#709);
#490=LINE('',#3281,#710);
#491=LINE('',#3285,#711);
#492=LINE('',#3287,#712);
#493=LINE('',#3289,#713);
#494=LINE('',#3290,#714);
#495=LINE('',#3293,#715);
#496=LINE('',#3295,#716);
#497=LINE('',#3296,#717);
#498=LINE('',#3299,#718);
#499=LINE('',#3301,#719);
#500=LINE('',#3302,#720);
#501=LINE('',#3304,#721);
#502=LINE('',#3305,#722);
#503=LINE('',#3309,#723);
#504=LINE('',#3311,#724);
#505=LINE('',#3313,#725);
#506=LINE('',#3314,#726);
#507=LINE('',#3318,#727);
#508=LINE('',#3320,#728);
#509=LINE('',#3322,#729);
#510=LINE('',#3323,#730);
#511=LINE('',#3326,#731);
#512=LINE('',#3328,#732);
#513=LINE('',#3329,#733);
#514=LINE('',#3335,#734);
#515=LINE('',#3339,#735);
#516=LINE('',#3340,#736);
#517=LINE('',#3343,#737);
#518=LINE('',#3347,#738);
#519=LINE('',#3351,#739);
#520=LINE('',#3352,#740);
#521=LINE('',#3357,#741);
#522=LINE('',#3358,#742);
#523=LINE('',#3364,#743);
#524=LINE('',#3371,#744);
#525=LINE('',#3377,#745);
#526=LINE('',#3382,#746);
#527=LINE('',#3387,#747);
#528=LINE('',#3388,#748);
#529=LINE('',#3390,#749);
#530=LINE('',#3392,#750);
#531=LINE('',#3393,#751);
#532=LINE('',#3398,#752);
#533=LINE('',#3401,#753);
#534=LINE('',#3402,#754);
#535=LINE('',#3405,#755);
#536=LINE('',#3406,#756);
#537=LINE('',#3409,#757);
#538=LINE('',#3410,#758);
#539=LINE('',#3418,#759);
#540=LINE('',#3424,#760);
#541=LINE('',#3425,#761);
#542=LINE('',#3427,#762);
#543=LINE('',#3430,#763);
#544=LINE('',#3433,#764);
#545=LINE('',#3434,#765);
#546=LINE('',#3437,#766);
#547=LINE('',#3438,#767);
#548=LINE('',#3440,#768);
#549=LINE('',#3442,#769);
#550=LINE('',#3443,#770);
#551=LINE('',#3445,#771);
#552=LINE('',#3448,#772);
#553=LINE('',#3449,#773);
#554=LINE('',#3451,#774);
#555=LINE('',#3454,#775);
#556=LINE('',#3456,#776);
#557=LINE('',#3458,#777);
#558=LINE('',#3459,#778);
#559=LINE('',#3464,#779);
#560=LINE('',#3465,#780);
#561=LINE('',#3468,#781);
#562=LINE('',#3469,#782);
#563=LINE('',#3472,#783);
#564=LINE('',#3473,#784);
#565=LINE('',#3477,#785);
#566=LINE('',#3479,#786);
#567=LINE('',#3481,#787);
#568=LINE('',#3483,#788);
#569=LINE('',#3484,#789);
#570=LINE('',#3487,#790);
#571=LINE('',#3489,#791);
#572=LINE('',#3491,#792);
#573=LINE('',#3492,#793);
#574=LINE('',#3497,#794);
#575=LINE('',#3500,#795);
#576=LINE('',#3502,#796);
#577=LINE('',#3504,#797);
#578=LINE('',#3505,#798);
#579=LINE('',#3510,#799);
#580=LINE('',#3514,#800);
#581=LINE('',#3515,#801);
#582=LINE('',#3516,#802);
#583=LINE('',#3520,#803);
#584=LINE('',#3522,#804);
#585=LINE('',#3523,#805);
#586=LINE('',#3527,#806);
#587=LINE('',#3529,#807);
#588=LINE('',#3530,#808);
#589=LINE('',#3531,#809);
#590=LINE('',#3535,#810);
#591=LINE('',#3537,#811);
#592=LINE('',#3539,#812);
#593=LINE('',#3541,#813);
#594=LINE('',#3543,#814);
#595=VECTOR('',#2322,10.);
#596=VECTOR('',#2323,10.);
#597=VECTOR('',#2324,10.);
#598=VECTOR('',#2325,10.);
#599=VECTOR('',#2328,10.);
#600=VECTOR('',#2329,10.);
#601=VECTOR('',#2330,10.);
#602=VECTOR('',#2331,10.);
#603=VECTOR('',#2336,10.);
#604=VECTOR('',#2341,10.);
#605=VECTOR('',#2342,10.);
#606=VECTOR('',#2343,10.);
#607=VECTOR('',#2348,10.);
#608=VECTOR('',#2353,10.);
#609=VECTOR('',#2354,10.);
#610=VECTOR('',#2355,10.);
#611=VECTOR('',#2360,10.);
#612=VECTOR('',#2367,10.);
#613=VECTOR('',#2374,10.);
#614=VECTOR('',#2379,10.);
#615=VECTOR('',#2380,10.);
#616=VECTOR('',#2381,10.);
#617=VECTOR('',#2386,10.);
#618=VECTOR('',#2391,10.);
#619=VECTOR('',#2392,10.);
#620=VECTOR('',#2393,10.);
#621=VECTOR('',#2398,10.);
#622=VECTOR('',#2403,10.);
#623=VECTOR('',#2404,10.);
#624=VECTOR('',#2405,10.);
#625=VECTOR('',#2410,10.);
#626=VECTOR('',#2417,10.);
#627=VECTOR('',#2424,10.);
#628=VECTOR('',#2429,10.);
#629=VECTOR('',#2430,10.);
#630=VECTOR('',#2431,10.);
#631=VECTOR('',#2436,10.);
#632=VECTOR('',#2441,10.);
#633=VECTOR('',#2442,10.);
#634=VECTOR('',#2443,10.);
#635=VECTOR('',#2452,10.);
#636=VECTOR('',#2455,10.);
#637=VECTOR('',#2458,10.);
#638=VECTOR('',#2459,10.);
#639=VECTOR('',#2460,10.);
#640=VECTOR('',#2461,10.);
#641=VECTOR('',#2464,10.);
#642=VECTOR('',#2465,10.);
#643=VECTOR('',#2466,10.);
#644=VECTOR('',#2467,10.);
#645=VECTOR('',#2474,10.);
#646=VECTOR('',#2477,10.);
#647=VECTOR('',#2478,10.);
#648=VECTOR('',#2479,10.);
#649=VECTOR('',#2486,10.);
#650=VECTOR('',#2489,10.);
#651=VECTOR('',#2490,10.);
#652=VECTOR('',#2491,10.);
#653=VECTOR('',#2498,10.);
#654=VECTOR('',#2505,10.);
#655=VECTOR('',#2512,10.);
#656=VECTOR('',#2515,10.);
#657=VECTOR('',#2516,10.);
#658=VECTOR('',#2517,10.);
#659=VECTOR('',#2524,10.);
#660=VECTOR('',#2527,10.);
#661=VECTOR('',#2528,10.);
#662=VECTOR('',#2529,10.);
#663=VECTOR('',#2536,10.);
#664=VECTOR('',#2539,10.);
#665=VECTOR('',#2540,10.);
#666=VECTOR('',#2541,10.);
#667=VECTOR('',#2548,10.);
#668=VECTOR('',#2555,10.);
#669=VECTOR('',#2562,10.);
#670=VECTOR('',#2565,10.);
#671=VECTOR('',#2566,10.);
#672=VECTOR('',#2567,10.);
#673=VECTOR('',#2574,10.);
#674=VECTOR('',#2577,10.);
#675=VECTOR('',#2578,10.);
#676=VECTOR('',#2579,10.);
#677=VECTOR('',#2588,10.);
#678=VECTOR('',#2591,10.);
#679=VECTOR('',#2596,10.);
#680=VECTOR('',#2599,10.);
#681=VECTOR('',#2602,10.);
#682=VECTOR('',#2603,10.);
#683=VECTOR('',#2606,10.);
#684=VECTOR('',#2607,10.);
#685=VECTOR('',#2610,10.);
#686=VECTOR('',#2611,10.);
#687=VECTOR('',#2612,10.);
#688=VECTOR('',#2613,10.);
#689=VECTOR('',#2614,10.);
#690=VECTOR('',#2615,10.);
#691=VECTOR('',#2622,10.);
#692=VECTOR('',#2625,10.);
#693=VECTOR('',#2626,10.);
#694=VECTOR('',#2629,10.);
#695=VECTOR('',#2634,10.);
#696=VECTOR('',#2637,10.);
#697=VECTOR('',#2640,10.);
#698=VECTOR('',#2641,10.);
#699=VECTOR('',#2644,10.);
#700=VECTOR('',#2645,10.);
#701=VECTOR('',#2646,10.);
#702=VECTOR('',#2647,10.);
#703=VECTOR('',#2648,10.);
#704=VECTOR('',#2651,10.);
#705=VECTOR('',#2652,10.);
#706=VECTOR('',#2653,10.);
#707=VECTOR('',#2654,10.);
#708=VECTOR('',#2655,10.);
#709=VECTOR('',#2656,10.);
#710=VECTOR('',#2661,10.);
#711=VECTOR('',#2664,10.);
#712=VECTOR('',#2665,10.);
#713=VECTOR('',#2666,10.);
#714=VECTOR('',#2667,10.);
#715=VECTOR('',#2670,10.);
#716=VECTOR('',#2671,10.);
#717=VECTOR('',#2672,10.);
#718=VECTOR('',#2675,10.);
#719=VECTOR('',#2676,10.);
#720=VECTOR('',#2677,10.);
#721=VECTOR('',#2680,10.);
#722=VECTOR('',#2681,10.);
#723=VECTOR('',#2684,10.);
#724=VECTOR('',#2685,10.);
#725=VECTOR('',#2686,10.);
#726=VECTOR('',#2687,10.);
#727=VECTOR('',#2690,10.);
#728=VECTOR('',#2691,10.);
#729=VECTOR('',#2692,10.);
#730=VECTOR('',#2693,10.);
#731=VECTOR('',#2696,10.);
#732=VECTOR('',#2697,10.);
#733=VECTOR('',#2698,10.);
#734=VECTOR('',#2707,10.);
#735=VECTOR('',#2710,10.);
#736=VECTOR('',#2711,10.);
#737=VECTOR('',#2714,10.);
#738=VECTOR('',#2717,10.);
#739=VECTOR('',#2720,10.);
#740=VECTOR('',#2721,10.);
#741=VECTOR('',#2726,10.);
#742=VECTOR('',#2727,10.);
#743=VECTOR('',#2734,3.25);
#744=VECTOR('',#2743,5.5);
#745=VECTOR('',#2752,6.5);
#746=VECTOR('',#2757,10.);
#747=VECTOR('',#2762,10.);
#748=VECTOR('',#2763,10.);
#749=VECTOR('',#2764,10.);
#750=VECTOR('',#2765,10.);
#751=VECTOR('',#2766,10.);
#752=VECTOR('',#2773,10.);
#753=VECTOR('',#2776,10.);
#754=VECTOR('',#2777,10.);
#755=VECTOR('',#2780,10.);
#756=VECTOR('',#2781,10.);
#757=VECTOR('',#2784,10.);
#758=VECTOR('',#2785,10.);
#759=VECTOR('',#2794,10.);
#760=VECTOR('',#2801,10.);
#761=VECTOR('',#2802,10.);
#762=VECTOR('',#2805,10.);
#763=VECTOR('',#2810,10.);
#764=VECTOR('',#2813,10.);
#765=VECTOR('',#2814,10.);
#766=VECTOR('',#2817,10.);
#767=VECTOR('',#2818,10.);
#768=VECTOR('',#2821,10.);
#769=VECTOR('',#2822,10.);
#770=VECTOR('',#2823,10.);
#771=VECTOR('',#2826,10.);
#772=VECTOR('',#2829,10.);
#773=VECTOR('',#2830,10.);
#774=VECTOR('',#2833,10.);
#775=VECTOR('',#2836,10.);
#776=VECTOR('',#2837,10.);
#777=VECTOR('',#2838,10.);
#778=VECTOR('',#2839,10.);
#779=VECTOR('',#2844,10.);
#780=VECTOR('',#2845,10.);
#781=VECTOR('',#2848,10.);
#782=VECTOR('',#2849,10.);
#783=VECTOR('',#2852,10.);
#784=VECTOR('',#2853,10.);
#785=VECTOR('',#2856,10.);
#786=VECTOR('',#2857,10.);
#787=VECTOR('',#2858,10.);
#788=VECTOR('',#2859,10.);
#789=VECTOR('',#2860,10.);
#790=VECTOR('',#2863,10.);
#791=VECTOR('',#2864,10.);
#792=VECTOR('',#2865,10.);
#793=VECTOR('',#2866,10.);
#794=VECTOR('',#2875,10.);
#795=VECTOR('',#2878,10.);
#796=VECTOR('',#2879,10.);
#797=VECTOR('',#2880,10.);
#798=VECTOR('',#2881,10.);
#799=VECTOR('',#2886,10.);
#800=VECTOR('',#2891,10.);
#801=VECTOR('',#2892,10.);
#802=VECTOR('',#2893,10.);
#803=VECTOR('',#2898,10.);
#804=VECTOR('',#2899,10.);
#805=VECTOR('',#2900,10.);
#806=VECTOR('',#2903,10.);
#807=VECTOR('',#2904,10.);
#808=VECTOR('',#2905,10.);
#809=VECTOR('',#2906,10.);
#810=VECTOR('',#2913,10.);
#811=VECTOR('',#2916,10.);
#812=VECTOR('',#2919,10.);
#813=VECTOR('',#2922,10.);
#814=VECTOR('',#2925,10.);
#815=VERTEX_POINT('',#2932);
#816=VERTEX_POINT('',#2933);
#817=VERTEX_POINT('',#2935);
#818=VERTEX_POINT('',#2937);
#819=VERTEX_POINT('',#2941);
#820=VERTEX_POINT('',#2942);
#821=VERTEX_POINT('',#2944);
#822=VERTEX_POINT('',#2946);
#823=VERTEX_POINT('',#2950);
#824=VERTEX_POINT('',#2952);
#825=VERTEX_POINT('',#2956);
#826=VERTEX_POINT('',#2958);
#827=VERTEX_POINT('',#2962);
#828=VERTEX_POINT('',#2964);
#829=VERTEX_POINT('',#2968);
#830=VERTEX_POINT('',#2970);
#831=VERTEX_POINT('',#2974);
#832=VERTEX_POINT('',#2976);
#833=VERTEX_POINT('',#2980);
#834=VERTEX_POINT('',#2982);
#835=VERTEX_POINT('',#2986);
#836=VERTEX_POINT('',#2988);
#837=VERTEX_POINT('',#2992);
#838=VERTEX_POINT('',#2994);
#839=VERTEX_POINT('',#2998);
#840=VERTEX_POINT('',#3000);
#841=VERTEX_POINT('',#3004);
#842=VERTEX_POINT('',#3006);
#843=VERTEX_POINT('',#3010);
#844=VERTEX_POINT('',#3012);
#845=VERTEX_POINT('',#3016);
#846=VERTEX_POINT('',#3018);
#847=VERTEX_POINT('',#3022);
#848=VERTEX_POINT('',#3024);
#849=VERTEX_POINT('',#3028);
#850=VERTEX_POINT('',#3030);
#851=VERTEX_POINT('',#3034);
#852=VERTEX_POINT('',#3036);
#853=VERTEX_POINT('',#3040);
#854=VERTEX_POINT('',#3042);
#855=VERTEX_POINT('',#3046);
#856=VERTEX_POINT('',#3048);
#857=VERTEX_POINT('',#3052);
#858=VERTEX_POINT('',#3054);
#859=VERTEX_POINT('',#3065);
#860=VERTEX_POINT('',#3066);
#861=VERTEX_POINT('',#3068);
#862=VERTEX_POINT('',#3070);
#863=VERTEX_POINT('',#3074);
#864=VERTEX_POINT('',#3075);
#865=VERTEX_POINT('',#3077);
#866=VERTEX_POINT('',#3079);
#867=VERTEX_POINT('',#3083);
#868=VERTEX_POINT('',#3085);
#869=VERTEX_POINT('',#3089);
#870=VERTEX_POINT('',#3091);
#871=VERTEX_POINT('',#3095);
#872=VERTEX_POINT('',#3097);
#873=VERTEX_POINT('',#3101);
#874=VERTEX_POINT('',#3103);
#875=VERTEX_POINT('',#3107);
#876=VERTEX_POINT('',#3109);
#877=VERTEX_POINT('',#3113);
#878=VERTEX_POINT('',#3115);
#879=VERTEX_POINT('',#3119);
#880=VERTEX_POINT('',#3121);
#881=VERTEX_POINT('',#3125);
#882=VERTEX_POINT('',#3127);
#883=VERTEX_POINT('',#3131);
#884=VERTEX_POINT('',#3133);
#885=VERTEX_POINT('',#3137);
#886=VERTEX_POINT('',#3139);
#887=VERTEX_POINT('',#3143);
#888=VERTEX_POINT('',#3145);
#889=VERTEX_POINT('',#3149);
#890=VERTEX_POINT('',#3151);
#891=VERTEX_POINT('',#3155);
#892=VERTEX_POINT('',#3157);
#893=VERTEX_POINT('',#3161);
#894=VERTEX_POINT('',#3163);
#895=VERTEX_POINT('',#3167);
#896=VERTEX_POINT('',#3169);
#897=VERTEX_POINT('',#3173);
#898=VERTEX_POINT('',#3175);
#899=VERTEX_POINT('',#3179);
#900=VERTEX_POINT('',#3181);
#901=VERTEX_POINT('',#3185);
#902=VERTEX_POINT('',#3187);
#903=VERTEX_POINT('',#3198);
#904=VERTEX_POINT('',#3199);
#905=VERTEX_POINT('',#3201);
#906=VERTEX_POINT('',#3203);
#907=VERTEX_POINT('',#3207);
#908=VERTEX_POINT('',#3209);
#909=VERTEX_POINT('',#3211);
#910=VERTEX_POINT('',#3213);
#911=VERTEX_POINT('',#3217);
#912=VERTEX_POINT('',#3219);
#913=VERTEX_POINT('',#3221);
#914=VERTEX_POINT('',#3223);
#915=VERTEX_POINT('',#3225);
#916=VERTEX_POINT('',#3229);
#917=VERTEX_POINT('',#3231);
#918=VERTEX_POINT('',#3235);
#919=VERTEX_POINT('',#3237);
#920=VERTEX_POINT('',#3239);
#921=VERTEX_POINT('',#3243);
#922=VERTEX_POINT('',#3244);
#923=VERTEX_POINT('',#3246);
#924=VERTEX_POINT('',#3248);
#925=VERTEX_POINT('',#3253);
#926=VERTEX_POINT('',#3255);
#927=VERTEX_POINT('',#3258);
#928=VERTEX_POINT('',#3259);
#929=VERTEX_POINT('',#3261);
#930=VERTEX_POINT('',#3263);
#931=VERTEX_POINT('',#3267);
#932=VERTEX_POINT('',#3269);
#933=VERTEX_POINT('',#3271);
#934=VERTEX_POINT('',#3273);
#935=VERTEX_POINT('',#3275);
#936=VERTEX_POINT('',#3279);
#937=VERTEX_POINT('',#3283);
#938=VERTEX_POINT('',#3284);
#939=VERTEX_POINT('',#3286);
#940=VERTEX_POINT('',#3288);
#941=VERTEX_POINT('',#3292);
#942=VERTEX_POINT('',#3294);
#943=VERTEX_POINT('',#3298);
#944=VERTEX_POINT('',#3300);
#945=VERTEX_POINT('',#3307);
#946=VERTEX_POINT('',#3308);
#947=VERTEX_POINT('',#3310);
#948=VERTEX_POINT('',#3312);
#949=VERTEX_POINT('',#3316);
#950=VERTEX_POINT('',#3317);
#951=VERTEX_POINT('',#3319);
#952=VERTEX_POINT('',#3321);
#953=VERTEX_POINT('',#3325);
#954=VERTEX_POINT('',#3327);
#955=VERTEX_POINT('',#3334);
#956=VERTEX_POINT('',#3336);
#957=VERTEX_POINT('',#3338);
#958=VERTEX_POINT('',#3342);
#959=VERTEX_POINT('',#3344);
#960=VERTEX_POINT('',#3346);
#961=VERTEX_POINT('',#3348);
#962=VERTEX_POINT('',#3350);
#963=VERTEX_POINT('',#3353);
#964=VERTEX_POINT('',#3356);
#965=VERTEX_POINT('',#3361);
#966=VERTEX_POINT('',#3363);
#967=VERTEX_POINT('',#3368);
#968=VERTEX_POINT('',#3370);
#969=VERTEX_POINT('',#3375);
#970=VERTEX_POINT('',#3380);
#971=VERTEX_POINT('',#3381);
#972=VERTEX_POINT('',#3385);
#973=VERTEX_POINT('',#3386);
#974=VERTEX_POINT('',#3389);
#975=VERTEX_POINT('',#3391);
#976=VERTEX_POINT('',#3395);
#977=VERTEX_POINT('',#3400);
#978=VERTEX_POINT('',#3404);
#979=VERTEX_POINT('',#3408);
#980=VERTEX_POINT('',#3412);
#981=VERTEX_POINT('',#3413);
#982=VERTEX_POINT('',#3415);
#983=VERTEX_POINT('',#3420);
#984=VERTEX_POINT('',#3422);
#985=VERTEX_POINT('',#3432);
#986=VERTEX_POINT('',#3436);
#987=VERTEX_POINT('',#3441);
#988=VERTEX_POINT('',#3447);
#989=VERTEX_POINT('',#3453);
#990=VERTEX_POINT('',#3455);
#991=VERTEX_POINT('',#3457);
#992=VERTEX_POINT('',#3461);
#993=VERTEX_POINT('',#3462);
#994=VERTEX_POINT('',#3467);
#995=VERTEX_POINT('',#3471);
#996=VERTEX_POINT('',#3475);
#997=VERTEX_POINT('',#3476);
#998=VERTEX_POINT('',#3478);
#999=VERTEX_POINT('',#3480);
#1000=VERTEX_POINT('',#3482);
#1001=VERTEX_POINT('',#3486);
#1002=VERTEX_POINT('',#3488);
#1003=VERTEX_POINT('',#3490);
#1004=VERTEX_POINT('',#3499);
#1005=VERTEX_POINT('',#3501);
#1006=VERTEX_POINT('',#3503);
#1007=VERTEX_POINT('',#3507);
#1008=VERTEX_POINT('',#3509);
#1009=VERTEX_POINT('',#3513);
#1010=VERTEX_POINT('',#3519);
#1011=VERTEX_POINT('',#3521);
#1012=VERTEX_POINT('',#3525);
#1013=VERTEX_POINT('',#3526);
#1014=VERTEX_POINT('',#3528);
#1015=EDGE_CURVE('',#815,#816,#375,.T.);
#1016=EDGE_CURVE('',#817,#815,#376,.T.);
#1017=EDGE_CURVE('',#817,#818,#377,.T.);
#1018=EDGE_CURVE('',#816,#818,#378,.T.);
#1019=EDGE_CURVE('',#819,#820,#379,.T.);
#1020=EDGE_CURVE('',#820,#821,#380,.T.);
#1021=EDGE_CURVE('',#821,#822,#381,.T.);
#1022=EDGE_CURVE('',#819,#822,#382,.T.);
#1023=EDGE_CURVE('',#820,#823,#22,.T.);
#1024=EDGE_CURVE('',#823,#824,#383,.T.);
#1025=EDGE_CURVE('',#824,#821,#23,.T.);
#1026=EDGE_CURVE('',#823,#825,#384,.T.);
#1027=EDGE_CURVE('',#825,#826,#385,.T.);
#1028=EDGE_CURVE('',#826,#824,#386,.T.);
#1029=EDGE_CURVE('',#825,#827,#24,.T.);
#1030=EDGE_CURVE('',#827,#828,#387,.T.);
#1031=EDGE_CURVE('',#828,#826,#25,.T.);
#1032=EDGE_CURVE('',#829,#827,#388,.T.);
#1033=EDGE_CURVE('',#829,#830,#389,.T.);
#1034=EDGE_CURVE('',#830,#828,#390,.T.);
#1035=EDGE_CURVE('',#829,#831,#26,.T.);
#1036=EDGE_CURVE('',#831,#832,#391,.T.);
#1037=EDGE_CURVE('',#832,#830,#27,.T.);
#1038=EDGE_CURVE('',#833,#831,#28,.T.);
#1039=EDGE_CURVE('',#833,#834,#392,.T.);
#1040=EDGE_CURVE('',#834,#832,#29,.T.);
#1041=EDGE_CURVE('',#833,#835,#30,.T.);
#1042=EDGE_CURVE('',#835,#836,#393,.T.);
#1043=EDGE_CURVE('',#836,#834,#31,.T.);
#1044=EDGE_CURVE('',#835,#837,#394,.T.);
#1045=EDGE_CURVE('',#837,#838,#395,.T.);
#1046=EDGE_CURVE('',#838,#836,#396,.T.);
#1047=EDGE_CURVE('',#837,#839,#32,.T.);
#1048=EDGE_CURVE('',#839,#840,#397,.T.);
#1049=EDGE_CURVE('',#840,#838,#33,.T.);
#1050=EDGE_CURVE('',#839,#841,#398,.T.);
#1051=EDGE_CURVE('',#841,#842,#399,.T.);
#1052=EDGE_CURVE('',#842,#840,#400,.T.);
#1053=EDGE_CURVE('',#841,#843,#34,.T.);
#1054=EDGE_CURVE('',#843,#844,#401,.T.);
#1055=EDGE_CURVE('',#844,#842,#35,.T.);
#1056=EDGE_CURVE('',#845,#843,#402,.T.);
#1057=EDGE_CURVE('',#845,#846,#403,.T.);
#1058=EDGE_CURVE('',#846,#844,#404,.T.);
#1059=EDGE_CURVE('',#845,#847,#36,.T.);
#1060=EDGE_CURVE('',#847,#848,#405,.T.);
#1061=EDGE_CURVE('',#848,#846,#37,.T.);
#1062=EDGE_CURVE('',#849,#847,#38,.T.);
#1063=EDGE_CURVE('',#849,#850,#406,.T.);
#1064=EDGE_CURVE('',#850,#848,#39,.T.);
#1065=EDGE_CURVE('',#849,#851,#40,.T.);
#1066=EDGE_CURVE('',#851,#852,#407,.T.);
#1067=EDGE_CURVE('',#852,#850,#41,.T.);
#1068=EDGE_CURVE('',#851,#853,#408,.T.);
#1069=EDGE_CURVE('',#853,#854,#409,.T.);
#1070=EDGE_CURVE('',#854,#852,#410,.T.);
#1071=EDGE_CURVE('',#853,#855,#42,.T.);
#1072=EDGE_CURVE('',#855,#856,#411,.T.);
#1073=EDGE_CURVE('',#856,#854,#43,.T.);
#1074=EDGE_CURVE('',#857,#855,#412,.T.);
#1075=EDGE_CURVE('',#857,#858,#413,.T.);
#1076=EDGE_CURVE('',#858,#856,#414,.T.);
#1077=EDGE_CURVE('',#857,#816,#44,.T.);
#1078=EDGE_CURVE('',#818,#858,#45,.T.);
#1079=EDGE_CURVE('',#815,#819,#415,.T.);
#1080=EDGE_CURVE('',#822,#817,#416,.T.);
#1081=EDGE_CURVE('',#859,#860,#417,.T.);
#1082=EDGE_CURVE('',#860,#861,#418,.T.);
#1083=EDGE_CURVE('',#862,#861,#419,.T.);
#1084=EDGE_CURVE('',#859,#862,#420,.T.);
#1085=EDGE_CURVE('',#863,#864,#421,.T.);
#1086=EDGE_CURVE('',#865,#863,#422,.T.);
#1087=EDGE_CURVE('',#866,#865,#423,.T.);
#1088=EDGE_CURVE('',#864,#866,#424,.T.);
#1089=EDGE_CURVE('',#864,#867,#46,.T.);
#1090=EDGE_CURVE('',#868,#866,#47,.T.);
#1091=EDGE_CURVE('',#867,#868,#425,.T.);
#1092=EDGE_CURVE('',#867,#869,#426,.T.);
#1093=EDGE_CURVE('',#870,#868,#427,.T.);
#1094=EDGE_CURVE('',#869,#870,#428,.T.);
#1095=EDGE_CURVE('',#869,#871,#48,.T.);
#1096=EDGE_CURVE('',#872,#870,#49,.T.);
#1097=EDGE_CURVE('',#871,#872,#429,.T.);
#1098=EDGE_CURVE('',#873,#871,#430,.T.);
#1099=EDGE_CURVE('',#874,#872,#431,.T.);
#1100=EDGE_CURVE('',#873,#874,#432,.T.);
#1101=EDGE_CURVE('',#873,#875,#50,.T.);
#1102=EDGE_CURVE('',#876,#874,#51,.T.);
#1103=EDGE_CURVE('',#875,#876,#433,.T.);
#1104=EDGE_CURVE('',#877,#875,#52,.T.);
#1105=EDGE_CURVE('',#878,#876,#53,.T.);
#1106=EDGE_CURVE('',#877,#878,#434,.T.);
#1107=EDGE_CURVE('',#877,#879,#54,.T.);
#1108=EDGE_CURVE('',#880,#878,#55,.T.);
#1109=EDGE_CURVE('',#879,#880,#435,.T.);
#1110=EDGE_CURVE('',#879,#881,#436,.T.);
#1111=EDGE_CURVE('',#882,#880,#437,.T.);
#1112=EDGE_CURVE('',#881,#882,#438,.T.);
#1113=EDGE_CURVE('',#881,#883,#56,.T.);
#1114=EDGE_CURVE('',#884,#882,#57,.T.);
#1115=EDGE_CURVE('',#883,#884,#439,.T.);
#1116=EDGE_CURVE('',#883,#885,#440,.T.);
#1117=EDGE_CURVE('',#886,#884,#441,.T.);
#1118=EDGE_CURVE('',#885,#886,#442,.T.);
#1119=EDGE_CURVE('',#885,#887,#58,.T.);
#1120=EDGE_CURVE('',#888,#886,#59,.T.);
#1121=EDGE_CURVE('',#887,#888,#443,.T.);
#1122=EDGE_CURVE('',#889,#887,#444,.T.);
#1123=EDGE_CURVE('',#890,#888,#445,.T.);
#1124=EDGE_CURVE('',#889,#890,#446,.T.);
#1125=EDGE_CURVE('',#889,#891,#60,.T.);
#1126=EDGE_CURVE('',#892,#890,#61,.T.);
#1127=EDGE_CURVE('',#891,#892,#447,.T.);
#1128=EDGE_CURVE('',#893,#891,#62,.T.);
#1129=EDGE_CURVE('',#894,#892,#63,.T.);
#1130=EDGE_CURVE('',#893,#894,#448,.T.);
#1131=EDGE_CURVE('',#893,#895,#64,.T.);
#1132=EDGE_CURVE('',#896,#894,#65,.T.);
#1133=EDGE_CURVE('',#895,#896,#449,.T.);
#1134=EDGE_CURVE('',#895,#897,#450,.T.);
#1135=EDGE_CURVE('',#898,#896,#451,.T.);
#1136=EDGE_CURVE('',#897,#898,#452,.T.);
#1137=EDGE_CURVE('',#897,#899,#66,.T.);
#1138=EDGE_CURVE('',#900,#898,#67,.T.);
#1139=EDGE_CURVE('',#899,#900,#453,.T.);
#1140=EDGE_CURVE('',#901,#899,#454,.T.);
#1141=EDGE_CURVE('',#902,#900,#455,.T.);
#1142=EDGE_CURVE('',#901,#902,#456,.T.);
#1143=EDGE_CURVE('',#901,#860,#68,.T.);
#1144=EDGE_CURVE('',#861,#902,#69,.T.);
#1145=EDGE_CURVE('',#863,#859,#457,.T.);
#1146=EDGE_CURVE('',#862,#865,#458,.T.);
#1147=EDGE_CURVE('',#903,#904,#70,.T.);
#1148=EDGE_CURVE('',#904,#905,#459,.T.);
#1149=EDGE_CURVE('',#905,#906,#71,.T.);
#1150=EDGE_CURVE('',#906,#903,#460,.T.);
#1151=EDGE_CURVE('',#907,#905,#461,.T.);
#1152=EDGE_CURVE('',#908,#907,#462,.T.);
#1153=EDGE_CURVE('',#909,#908,#72,.T.);
#1154=EDGE_CURVE('',#910,#909,#463,.T.);
#1155=EDGE_CURVE('',#906,#910,#464,.T.);
#1156=EDGE_CURVE('',#904,#911,#465,.T.);
#1157=EDGE_CURVE('',#912,#911,#466,.T.);
#1158=EDGE_CURVE('',#912,#913,#467,.T.);
#1159=EDGE_CURVE('',#913,#914,#468,.T.);
#1160=EDGE_CURVE('',#915,#914,#469,.T.);
#1161=EDGE_CURVE('',#915,#907,#470,.T.);
#1162=EDGE_CURVE('',#916,#912,#73,.T.);
#1163=EDGE_CURVE('',#911,#917,#74,.T.);
#1164=EDGE_CURVE('',#917,#916,#471,.T.);
#1165=EDGE_CURVE('',#918,#916,#472,.T.);
#1166=EDGE_CURVE('',#919,#918,#473,.T.);
#1167=EDGE_CURVE('',#920,#919,#75,.T.);
#1168=EDGE_CURVE('',#913,#920,#474,.T.);
#1169=EDGE_CURVE('',#921,#922,#76,.T.);
#1170=EDGE_CURVE('',#922,#923,#475,.T.);
#1171=EDGE_CURVE('',#923,#924,#77,.T.);
#1172=EDGE_CURVE('',#924,#921,#476,.T.);
#1173=EDGE_CURVE('',#922,#903,#477,.T.);
#1174=EDGE_CURVE('',#925,#921,#478,.T.);
#1175=EDGE_CURVE('',#926,#925,#78,.T.);
#1176=EDGE_CURVE('',#917,#926,#479,.T.);
#1177=EDGE_CURVE('',#927,#928,#480,.T.);
#1178=EDGE_CURVE('',#929,#927,#481,.T.);
#1179=EDGE_CURVE('',#930,#929,#482,.T.);
#1180=EDGE_CURVE('',#928,#930,#483,.T.);
#1181=EDGE_CURVE('',#924,#931,#484,.T.);
#1182=EDGE_CURVE('',#931,#932,#485,.T.);
#1183=EDGE_CURVE('',#933,#932,#486,.T.);
#1184=EDGE_CURVE('',#933,#934,#487,.T.);
#1185=EDGE_CURVE('',#934,#935,#488,.T.);
#1186=EDGE_CURVE('',#925,#935,#489,.T.);
#1187=EDGE_CURVE('',#935,#936,#79,.T.);
#1188=EDGE_CURVE('',#936,#926,#490,.T.);
#1189=EDGE_CURVE('',#937,#938,#491,.T.);
#1190=EDGE_CURVE('',#937,#939,#492,.T.);
#1191=EDGE_CURVE('',#940,#939,#493,.T.);
#1192=EDGE_CURVE('',#938,#940,#494,.T.);
#1193=EDGE_CURVE('',#938,#941,#495,.T.);
#1194=EDGE_CURVE('',#942,#940,#496,.T.);
#1195=EDGE_CURVE('',#941,#942,#497,.T.);
#1196=EDGE_CURVE('',#941,#943,#498,.T.);
#1197=EDGE_CURVE('',#944,#942,#499,.T.);
#1198=EDGE_CURVE('',#943,#944,#500,.T.);
#1199=EDGE_CURVE('',#943,#937,#501,.T.);
#1200=EDGE_CURVE('',#939,#944,#502,.T.);
#1201=EDGE_CURVE('',#945,#946,#503,.T.);
#1202=EDGE_CURVE('',#945,#947,#504,.T.);
#1203=EDGE_CURVE('',#948,#947,#505,.T.);
#1204=EDGE_CURVE('',#946,#948,#506,.T.);
#1205=EDGE_CURVE('',#949,#950,#507,.T.);
#1206=EDGE_CURVE('',#949,#951,#508,.T.);
#1207=EDGE_CURVE('',#952,#951,#509,.T.);
#1208=EDGE_CURVE('',#950,#952,#510,.T.);
#1209=EDGE_CURVE('',#950,#953,#511,.T.);
#1210=EDGE_CURVE('',#954,#952,#512,.T.);
#1211=EDGE_CURVE('',#953,#954,#513,.T.);
#1212=EDGE_CURVE('',#953,#945,#80,.T.);
#1213=EDGE_CURVE('',#947,#954,#81,.T.);
#1214=EDGE_CURVE('',#951,#955,#514,.T.);
#1215=EDGE_CURVE('',#955,#956,#82,.T.);
#1216=EDGE_CURVE('',#956,#957,#515,.T.);
#1217=EDGE_CURVE('',#957,#948,#516,.T.);
#1218=EDGE_CURVE('',#946,#958,#517,.T.);
#1219=EDGE_CURVE('',#958,#959,#83,.T.);
#1220=EDGE_CURVE('',#959,#960,#518,.T.);
#1221=EDGE_CURVE('',#960,#961,#84,.T.);
#1222=EDGE_CURVE('',#961,#962,#519,.T.);
#1223=EDGE_CURVE('',#962,#950,#520,.T.);
#1224=EDGE_CURVE('',#963,#963,#85,.T.);
#1225=EDGE_CURVE('',#950,#964,#521,.T.);
#1226=EDGE_CURVE('',#964,#949,#522,.T.);
#1227=EDGE_CURVE('',#965,#965,#86,.T.);
#1228=EDGE_CURVE('',#965,#966,#523,.T.);
#1229=EDGE_CURVE('',#966,#966,#87,.T.);
#1230=EDGE_CURVE('',#967,#967,#88,.T.);
#1231=EDGE_CURVE('',#967,#968,#524,.T.);
#1232=EDGE_CURVE('',#968,#968,#89,.T.);
#1233=EDGE_CURVE('',#969,#969,#90,.T.);
#1234=EDGE_CURVE('',#969,#963,#525,.T.);
#1235=EDGE_CURVE('',#970,#971,#526,.T.);
#1236=EDGE_CURVE('',#970,#971,#91,.T.);
#1237=EDGE_CURVE('',#972,#973,#527,.T.);
#1238=EDGE_CURVE('',#972,#957,#528,.T.);
#1239=EDGE_CURVE('',#974,#956,#529,.T.);
#1240=EDGE_CURVE('',#975,#974,#530,.T.);
#1241=EDGE_CURVE('',#973,#975,#531,.T.);
#1242=EDGE_CURVE('',#973,#976,#92,.T.);
#1243=EDGE_CURVE('',#974,#975,#93,.T.);
#1244=EDGE_CURVE('',#976,#955,#532,.T.);
#1245=EDGE_CURVE('',#976,#977,#533,.T.);
#1246=EDGE_CURVE('',#977,#964,#534,.T.);
#1247=EDGE_CURVE('',#977,#978,#535,.T.);
#1248=EDGE_CURVE('',#978,#962,#536,.T.);
#1249=EDGE_CURVE('',#978,#979,#537,.T.);
#1250=EDGE_CURVE('',#979,#961,#538,.T.);
#1251=EDGE_CURVE('',#980,#981,#94,.T.);
#1252=EDGE_CURVE('',#980,#982,#95,.T.);
#1253=EDGE_CURVE('',#979,#982,#96,.T.);
#1254=EDGE_CURVE('',#981,#960,#539,.T.);
#1255=EDGE_CURVE('',#970,#983,#97,.T.);
#1256=EDGE_CURVE('',#984,#971,#98,.T.);
#1257=EDGE_CURVE('',#984,#959,#540,.T.);
#1258=EDGE_CURVE('',#983,#958,#541,.T.);
#1259=EDGE_CURVE('',#983,#972,#542,.T.);
#1260=EDGE_CURVE('',#980,#982,#543,.T.);
#1261=EDGE_CURVE('',#971,#985,#544,.T.);
#1262=EDGE_CURVE('',#985,#984,#545,.T.);
#1263=EDGE_CURVE('',#981,#986,#546,.T.);
#1264=EDGE_CURVE('',#986,#980,#547,.T.);
#1265=EDGE_CURVE('',#986,#929,#548,.T.);
#1266=EDGE_CURVE('',#987,#927,#549,.T.);
#1267=EDGE_CURVE('',#982,#987,#550,.T.);
#1268=EDGE_CURVE('',#985,#930,#551,.T.);
#1269=EDGE_CURVE('',#988,#970,#552,.T.);
#1270=EDGE_CURVE('',#988,#928,#553,.T.);
#1271=EDGE_CURVE('',#987,#988,#554,.T.);
#1272=EDGE_CURVE('',#910,#989,#555,.T.);
#1273=EDGE_CURVE('',#990,#989,#556,.T.);
#1274=EDGE_CURVE('',#990,#991,#557,.T.);
#1275=EDGE_CURVE('',#991,#923,#558,.T.);
#1276=EDGE_CURVE('',#992,#993,#99,.T.);
#1277=EDGE_CURVE('',#992,#909,#559,.T.);
#1278=EDGE_CURVE('',#993,#908,#560,.T.);
#1279=EDGE_CURVE('',#989,#994,#561,.T.);
#1280=EDGE_CURVE('',#994,#992,#562,.T.);
#1281=EDGE_CURVE('',#995,#915,#563,.T.);
#1282=EDGE_CURVE('',#993,#995,#564,.T.);
#1283=EDGE_CURVE('',#996,#997,#565,.T.);
#1284=EDGE_CURVE('',#998,#996,#566,.T.);
#1285=EDGE_CURVE('',#998,#999,#567,.T.);
#1286=EDGE_CURVE('',#1000,#999,#568,.T.);
#1287=EDGE_CURVE('',#997,#1000,#569,.T.);
#1288=EDGE_CURVE('',#1001,#933,#570,.T.);
#1289=EDGE_CURVE('',#1002,#1001,#571,.T.);
#1290=EDGE_CURVE('',#1002,#1003,#572,.T.);
#1291=EDGE_CURVE('',#1003,#934,#573,.T.);
#1292=EDGE_CURVE('',#1000,#1002,#100,.T.);
#1293=EDGE_CURVE('',#999,#1003,#101,.T.);
#1294=EDGE_CURVE('',#936,#998,#574,.T.);
#1295=EDGE_CURVE('',#1004,#990,#575,.T.);
#1296=EDGE_CURVE('',#1005,#1004,#576,.T.);
#1297=EDGE_CURVE('',#1005,#1006,#577,.T.);
#1298=EDGE_CURVE('',#1006,#991,#578,.T.);
#1299=EDGE_CURVE('',#1007,#1005,#102,.T.);
#1300=EDGE_CURVE('',#1007,#1008,#579,.T.);
#1301=EDGE_CURVE('',#1008,#1006,#103,.T.);
#1302=EDGE_CURVE('',#932,#1009,#580,.T.);
#1303=EDGE_CURVE('',#931,#1008,#581,.T.);
#1304=EDGE_CURVE('',#1009,#1007,#582,.T.);
#1305=EDGE_CURVE('',#914,#1010,#583,.T.);
#1306=EDGE_CURVE('',#1011,#920,#584,.T.);
#1307=EDGE_CURVE('',#1010,#1011,#585,.T.);
#1308=EDGE_CURVE('',#1012,#1013,#586,.T.);
#1309=EDGE_CURVE('',#1014,#1012,#587,.T.);
#1310=EDGE_CURVE('',#1014,#919,#588,.T.);
#1311=EDGE_CURVE('',#1013,#918,#589,.T.);
#1312=EDGE_CURVE('',#1011,#1014,#104,.T.);
#1313=EDGE_CURVE('',#1013,#996,#590,.T.);
#1314=EDGE_CURVE('',#1010,#995,#591,.T.);
#1315=EDGE_CURVE('',#994,#1004,#592,.T.);
#1316=EDGE_CURVE('',#1009,#1001,#593,.T.);
#1317=EDGE_CURVE('',#997,#1012,#594,.T.);
#1318=ORIENTED_EDGE('',*,*,#1015,.F.);
#1319=ORIENTED_EDGE('',*,*,#1016,.F.);
#1320=ORIENTED_EDGE('',*,*,#1017,.T.);
#1321=ORIENTED_EDGE('',*,*,#1018,.F.);
#1322=ORIENTED_EDGE('',*,*,#1019,.T.);
#1323=ORIENTED_EDGE('',*,*,#1020,.T.);
#1324=ORIENTED_EDGE('',*,*,#1021,.T.);
#1325=ORIENTED_EDGE('',*,*,#1022,.F.);
#1326=ORIENTED_EDGE('',*,*,#1023,.T.);
#1327=ORIENTED_EDGE('',*,*,#1024,.T.);
#1328=ORIENTED_EDGE('',*,*,#1025,.T.);
#1329=ORIENTED_EDGE('',*,*,#1020,.F.);
#1330=ORIENTED_EDGE('',*,*,#1026,.T.);
#1331=ORIENTED_EDGE('',*,*,#1027,.T.);
#1332=ORIENTED_EDGE('',*,*,#1028,.T.);
#1333=ORIENTED_EDGE('',*,*,#1024,.F.);
#1334=ORIENTED_EDGE('',*,*,#1029,.T.);
#1335=ORIENTED_EDGE('',*,*,#1030,.T.);
#1336=ORIENTED_EDGE('',*,*,#1031,.T.);
#1337=ORIENTED_EDGE('',*,*,#1027,.F.);
#1338=ORIENTED_EDGE('',*,*,#1032,.F.);
#1339=ORIENTED_EDGE('',*,*,#1033,.T.);
#1340=ORIENTED_EDGE('',*,*,#1034,.T.);
#1341=ORIENTED_EDGE('',*,*,#1030,.F.);
#1342=ORIENTED_EDGE('',*,*,#1035,.T.);
#1343=ORIENTED_EDGE('',*,*,#1036,.T.);
#1344=ORIENTED_EDGE('',*,*,#1037,.T.);
#1345=ORIENTED_EDGE('',*,*,#1033,.F.);
#1346=ORIENTED_EDGE('',*,*,#1038,.F.);
#1347=ORIENTED_EDGE('',*,*,#1039,.T.);
#1348=ORIENTED_EDGE('',*,*,#1040,.T.);
#1349=ORIENTED_EDGE('',*,*,#1036,.F.);
#1350=ORIENTED_EDGE('',*,*,#1041,.T.);
#1351=ORIENTED_EDGE('',*,*,#1042,.T.);
#1352=ORIENTED_EDGE('',*,*,#1043,.T.);
#1353=ORIENTED_EDGE('',*,*,#1039,.F.);
#1354=ORIENTED_EDGE('',*,*,#1044,.T.);
#1355=ORIENTED_EDGE('',*,*,#1045,.T.);
#1356=ORIENTED_EDGE('',*,*,#1046,.T.);
#1357=ORIENTED_EDGE('',*,*,#1042,.F.);
#1358=ORIENTED_EDGE('',*,*,#1047,.T.);
#1359=ORIENTED_EDGE('',*,*,#1048,.T.);
#1360=ORIENTED_EDGE('',*,*,#1049,.T.);
#1361=ORIENTED_EDGE('',*,*,#1045,.F.);
#1362=ORIENTED_EDGE('',*,*,#1050,.T.);
#1363=ORIENTED_EDGE('',*,*,#1051,.T.);
#1364=ORIENTED_EDGE('',*,*,#1052,.T.);
#1365=ORIENTED_EDGE('',*,*,#1048,.F.);
#1366=ORIENTED_EDGE('',*,*,#1053,.T.);
#1367=ORIENTED_EDGE('',*,*,#1054,.T.);
#1368=ORIENTED_EDGE('',*,*,#1055,.T.);
#1369=ORIENTED_EDGE('',*,*,#1051,.F.);
#1370=ORIENTED_EDGE('',*,*,#1056,.F.);
#1371=ORIENTED_EDGE('',*,*,#1057,.T.);
#1372=ORIENTED_EDGE('',*,*,#1058,.T.);
#1373=ORIENTED_EDGE('',*,*,#1054,.F.);
#1374=ORIENTED_EDGE('',*,*,#1059,.T.);
#1375=ORIENTED_EDGE('',*,*,#1060,.T.);
#1376=ORIENTED_EDGE('',*,*,#1061,.T.);
#1377=ORIENTED_EDGE('',*,*,#1057,.F.);
#1378=ORIENTED_EDGE('',*,*,#1062,.F.);
#1379=ORIENTED_EDGE('',*,*,#1063,.T.);
#1380=ORIENTED_EDGE('',*,*,#1064,.T.);
#1381=ORIENTED_EDGE('',*,*,#1060,.F.);
#1382=ORIENTED_EDGE('',*,*,#1065,.T.);
#1383=ORIENTED_EDGE('',*,*,#1066,.T.);
#1384=ORIENTED_EDGE('',*,*,#1067,.T.);
#1385=ORIENTED_EDGE('',*,*,#1063,.F.);
#1386=ORIENTED_EDGE('',*,*,#1068,.T.);
#1387=ORIENTED_EDGE('',*,*,#1069,.T.);
#1388=ORIENTED_EDGE('',*,*,#1070,.T.);
#1389=ORIENTED_EDGE('',*,*,#1066,.F.);
#1390=ORIENTED_EDGE('',*,*,#1071,.T.);
#1391=ORIENTED_EDGE('',*,*,#1072,.T.);
#1392=ORIENTED_EDGE('',*,*,#1073,.T.);
#1393=ORIENTED_EDGE('',*,*,#1069,.F.);
#1394=ORIENTED_EDGE('',*,*,#1074,.F.);
#1395=ORIENTED_EDGE('',*,*,#1075,.T.);
#1396=ORIENTED_EDGE('',*,*,#1076,.T.);
#1397=ORIENTED_EDGE('',*,*,#1072,.F.);
#1398=ORIENTED_EDGE('',*,*,#1077,.T.);
#1399=ORIENTED_EDGE('',*,*,#1018,.T.);
#1400=ORIENTED_EDGE('',*,*,#1078,.T.);
#1401=ORIENTED_EDGE('',*,*,#1075,.F.);
#1402=ORIENTED_EDGE('',*,*,#1077,.F.);
#1403=ORIENTED_EDGE('',*,*,#1074,.T.);
#1404=ORIENTED_EDGE('',*,*,#1071,.F.);
#1405=ORIENTED_EDGE('',*,*,#1068,.F.);
#1406=ORIENTED_EDGE('',*,*,#1065,.F.);
#1407=ORIENTED_EDGE('',*,*,#1062,.T.);
#1408=ORIENTED_EDGE('',*,*,#1059,.F.);
#1409=ORIENTED_EDGE('',*,*,#1056,.T.);
#1410=ORIENTED_EDGE('',*,*,#1053,.F.);
#1411=ORIENTED_EDGE('',*,*,#1050,.F.);
#1412=ORIENTED_EDGE('',*,*,#1047,.F.);
#1413=ORIENTED_EDGE('',*,*,#1044,.F.);
#1414=ORIENTED_EDGE('',*,*,#1041,.F.);
#1415=ORIENTED_EDGE('',*,*,#1038,.T.);
#1416=ORIENTED_EDGE('',*,*,#1035,.F.);
#1417=ORIENTED_EDGE('',*,*,#1032,.T.);
#1418=ORIENTED_EDGE('',*,*,#1029,.F.);
#1419=ORIENTED_EDGE('',*,*,#1026,.F.);
#1420=ORIENTED_EDGE('',*,*,#1023,.F.);
#1421=ORIENTED_EDGE('',*,*,#1019,.F.);
#1422=ORIENTED_EDGE('',*,*,#1079,.F.);
#1423=ORIENTED_EDGE('',*,*,#1015,.T.);
#1424=ORIENTED_EDGE('',*,*,#1078,.F.);
#1425=ORIENTED_EDGE('',*,*,#1017,.F.);
#1426=ORIENTED_EDGE('',*,*,#1080,.F.);
#1427=ORIENTED_EDGE('',*,*,#1021,.F.);
#1428=ORIENTED_EDGE('',*,*,#1025,.F.);
#1429=ORIENTED_EDGE('',*,*,#1028,.F.);
#1430=ORIENTED_EDGE('',*,*,#1031,.F.);
#1431=ORIENTED_EDGE('',*,*,#1034,.F.);
#1432=ORIENTED_EDGE('',*,*,#1037,.F.);
#1433=ORIENTED_EDGE('',*,*,#1040,.F.);
#1434=ORIENTED_EDGE('',*,*,#1043,.F.);
#1435=ORIENTED_EDGE('',*,*,#1046,.F.);
#1436=ORIENTED_EDGE('',*,*,#1049,.F.);
#1437=ORIENTED_EDGE('',*,*,#1052,.F.);
#1438=ORIENTED_EDGE('',*,*,#1055,.F.);
#1439=ORIENTED_EDGE('',*,*,#1058,.F.);
#1440=ORIENTED_EDGE('',*,*,#1061,.F.);
#1441=ORIENTED_EDGE('',*,*,#1064,.F.);
#1442=ORIENTED_EDGE('',*,*,#1067,.F.);
#1443=ORIENTED_EDGE('',*,*,#1070,.F.);
#1444=ORIENTED_EDGE('',*,*,#1073,.F.);
#1445=ORIENTED_EDGE('',*,*,#1076,.F.);
#1446=ORIENTED_EDGE('',*,*,#1081,.T.);
#1447=ORIENTED_EDGE('',*,*,#1082,.T.);
#1448=ORIENTED_EDGE('',*,*,#1083,.F.);
#1449=ORIENTED_EDGE('',*,*,#1084,.F.);
#1450=ORIENTED_EDGE('',*,*,#1085,.F.);
#1451=ORIENTED_EDGE('',*,*,#1086,.F.);
#1452=ORIENTED_EDGE('',*,*,#1087,.F.);
#1453=ORIENTED_EDGE('',*,*,#1088,.F.);
#1454=ORIENTED_EDGE('',*,*,#1089,.F.);
#1455=ORIENTED_EDGE('',*,*,#1088,.T.);
#1456=ORIENTED_EDGE('',*,*,#1090,.F.);
#1457=ORIENTED_EDGE('',*,*,#1091,.F.);
#1458=ORIENTED_EDGE('',*,*,#1092,.F.);
#1459=ORIENTED_EDGE('',*,*,#1091,.T.);
#1460=ORIENTED_EDGE('',*,*,#1093,.F.);
#1461=ORIENTED_EDGE('',*,*,#1094,.F.);
#1462=ORIENTED_EDGE('',*,*,#1095,.F.);
#1463=ORIENTED_EDGE('',*,*,#1094,.T.);
#1464=ORIENTED_EDGE('',*,*,#1096,.F.);
#1465=ORIENTED_EDGE('',*,*,#1097,.F.);
#1466=ORIENTED_EDGE('',*,*,#1098,.T.);
#1467=ORIENTED_EDGE('',*,*,#1097,.T.);
#1468=ORIENTED_EDGE('',*,*,#1099,.F.);
#1469=ORIENTED_EDGE('',*,*,#1100,.F.);
#1470=ORIENTED_EDGE('',*,*,#1101,.F.);
#1471=ORIENTED_EDGE('',*,*,#1100,.T.);
#1472=ORIENTED_EDGE('',*,*,#1102,.F.);
#1473=ORIENTED_EDGE('',*,*,#1103,.F.);
#1474=ORIENTED_EDGE('',*,*,#1104,.T.);
#1475=ORIENTED_EDGE('',*,*,#1103,.T.);
#1476=ORIENTED_EDGE('',*,*,#1105,.F.);
#1477=ORIENTED_EDGE('',*,*,#1106,.F.);
#1478=ORIENTED_EDGE('',*,*,#1107,.F.);
#1479=ORIENTED_EDGE('',*,*,#1106,.T.);
#1480=ORIENTED_EDGE('',*,*,#1108,.F.);
#1481=ORIENTED_EDGE('',*,*,#1109,.F.);
#1482=ORIENTED_EDGE('',*,*,#1110,.F.);
#1483=ORIENTED_EDGE('',*,*,#1109,.T.);
#1484=ORIENTED_EDGE('',*,*,#1111,.F.);
#1485=ORIENTED_EDGE('',*,*,#1112,.F.);
#1486=ORIENTED_EDGE('',*,*,#1113,.F.);
#1487=ORIENTED_EDGE('',*,*,#1112,.T.);
#1488=ORIENTED_EDGE('',*,*,#1114,.F.);
#1489=ORIENTED_EDGE('',*,*,#1115,.F.);
#1490=ORIENTED_EDGE('',*,*,#1116,.F.);
#1491=ORIENTED_EDGE('',*,*,#1115,.T.);
#1492=ORIENTED_EDGE('',*,*,#1117,.F.);
#1493=ORIENTED_EDGE('',*,*,#1118,.F.);
#1494=ORIENTED_EDGE('',*,*,#1119,.F.);
#1495=ORIENTED_EDGE('',*,*,#1118,.T.);
#1496=ORIENTED_EDGE('',*,*,#1120,.F.);
#1497=ORIENTED_EDGE('',*,*,#1121,.F.);
#1498=ORIENTED_EDGE('',*,*,#1122,.T.);
#1499=ORIENTED_EDGE('',*,*,#1121,.T.);
#1500=ORIENTED_EDGE('',*,*,#1123,.F.);
#1501=ORIENTED_EDGE('',*,*,#1124,.F.);
#1502=ORIENTED_EDGE('',*,*,#1125,.F.);
#1503=ORIENTED_EDGE('',*,*,#1124,.T.);
#1504=ORIENTED_EDGE('',*,*,#1126,.F.);
#1505=ORIENTED_EDGE('',*,*,#1127,.F.);
#1506=ORIENTED_EDGE('',*,*,#1128,.T.);
#1507=ORIENTED_EDGE('',*,*,#1127,.T.);
#1508=ORIENTED_EDGE('',*,*,#1129,.F.);
#1509=ORIENTED_EDGE('',*,*,#1130,.F.);
#1510=ORIENTED_EDGE('',*,*,#1131,.F.);
#1511=ORIENTED_EDGE('',*,*,#1130,.T.);
#1512=ORIENTED_EDGE('',*,*,#1132,.F.);
#1513=ORIENTED_EDGE('',*,*,#1133,.F.);
#1514=ORIENTED_EDGE('',*,*,#1134,.F.);
#1515=ORIENTED_EDGE('',*,*,#1133,.T.);
#1516=ORIENTED_EDGE('',*,*,#1135,.F.);
#1517=ORIENTED_EDGE('',*,*,#1136,.F.);
#1518=ORIENTED_EDGE('',*,*,#1137,.F.);
#1519=ORIENTED_EDGE('',*,*,#1136,.T.);
#1520=ORIENTED_EDGE('',*,*,#1138,.F.);
#1521=ORIENTED_EDGE('',*,*,#1139,.F.);
#1522=ORIENTED_EDGE('',*,*,#1140,.T.);
#1523=ORIENTED_EDGE('',*,*,#1139,.T.);
#1524=ORIENTED_EDGE('',*,*,#1141,.F.);
#1525=ORIENTED_EDGE('',*,*,#1142,.F.);
#1526=ORIENTED_EDGE('',*,*,#1143,.F.);
#1527=ORIENTED_EDGE('',*,*,#1142,.T.);
#1528=ORIENTED_EDGE('',*,*,#1144,.F.);
#1529=ORIENTED_EDGE('',*,*,#1082,.F.);
#1530=ORIENTED_EDGE('',*,*,#1143,.T.);
#1531=ORIENTED_EDGE('',*,*,#1081,.F.);
#1532=ORIENTED_EDGE('',*,*,#1145,.F.);
#1533=ORIENTED_EDGE('',*,*,#1085,.T.);
#1534=ORIENTED_EDGE('',*,*,#1089,.T.);
#1535=ORIENTED_EDGE('',*,*,#1092,.T.);
#1536=ORIENTED_EDGE('',*,*,#1095,.T.);
#1537=ORIENTED_EDGE('',*,*,#1098,.F.);
#1538=ORIENTED_EDGE('',*,*,#1101,.T.);
#1539=ORIENTED_EDGE('',*,*,#1104,.F.);
#1540=ORIENTED_EDGE('',*,*,#1107,.T.);
#1541=ORIENTED_EDGE('',*,*,#1110,.T.);
#1542=ORIENTED_EDGE('',*,*,#1113,.T.);
#1543=ORIENTED_EDGE('',*,*,#1116,.T.);
#1544=ORIENTED_EDGE('',*,*,#1119,.T.);
#1545=ORIENTED_EDGE('',*,*,#1122,.F.);
#1546=ORIENTED_EDGE('',*,*,#1125,.T.);
#1547=ORIENTED_EDGE('',*,*,#1128,.F.);
#1548=ORIENTED_EDGE('',*,*,#1131,.T.);
#1549=ORIENTED_EDGE('',*,*,#1134,.T.);
#1550=ORIENTED_EDGE('',*,*,#1137,.T.);
#1551=ORIENTED_EDGE('',*,*,#1140,.F.);
#1552=ORIENTED_EDGE('',*,*,#1144,.T.);
#1553=ORIENTED_EDGE('',*,*,#1141,.T.);
#1554=ORIENTED_EDGE('',*,*,#1138,.T.);
#1555=ORIENTED_EDGE('',*,*,#1135,.T.);
#1556=ORIENTED_EDGE('',*,*,#1132,.T.);
#1557=ORIENTED_EDGE('',*,*,#1129,.T.);
#1558=ORIENTED_EDGE('',*,*,#1126,.T.);
#1559=ORIENTED_EDGE('',*,*,#1123,.T.);
#1560=ORIENTED_EDGE('',*,*,#1120,.T.);
#1561=ORIENTED_EDGE('',*,*,#1117,.T.);
#1562=ORIENTED_EDGE('',*,*,#1114,.T.);
#1563=ORIENTED_EDGE('',*,*,#1111,.T.);
#1564=ORIENTED_EDGE('',*,*,#1108,.T.);
#1565=ORIENTED_EDGE('',*,*,#1105,.T.);
#1566=ORIENTED_EDGE('',*,*,#1102,.T.);
#1567=ORIENTED_EDGE('',*,*,#1099,.T.);
#1568=ORIENTED_EDGE('',*,*,#1096,.T.);
#1569=ORIENTED_EDGE('',*,*,#1093,.T.);
#1570=ORIENTED_EDGE('',*,*,#1090,.T.);
#1571=ORIENTED_EDGE('',*,*,#1087,.T.);
#1572=ORIENTED_EDGE('',*,*,#1146,.F.);
#1573=ORIENTED_EDGE('',*,*,#1083,.T.);
#1574=ORIENTED_EDGE('',*,*,#1147,.T.);
#1575=ORIENTED_EDGE('',*,*,#1148,.T.);
#1576=ORIENTED_EDGE('',*,*,#1149,.T.);
#1577=ORIENTED_EDGE('',*,*,#1150,.T.);
#1578=ORIENTED_EDGE('',*,*,#1149,.F.);
#1579=ORIENTED_EDGE('',*,*,#1151,.F.);
#1580=ORIENTED_EDGE('',*,*,#1152,.F.);
#1581=ORIENTED_EDGE('',*,*,#1153,.F.);
#1582=ORIENTED_EDGE('',*,*,#1154,.F.);
#1583=ORIENTED_EDGE('',*,*,#1155,.F.);
#1584=ORIENTED_EDGE('',*,*,#1148,.F.);
#1585=ORIENTED_EDGE('',*,*,#1156,.T.);
#1586=ORIENTED_EDGE('',*,*,#1157,.F.);
#1587=ORIENTED_EDGE('',*,*,#1158,.T.);
#1588=ORIENTED_EDGE('',*,*,#1159,.T.);
#1589=ORIENTED_EDGE('',*,*,#1160,.F.);
#1590=ORIENTED_EDGE('',*,*,#1161,.T.);
#1591=ORIENTED_EDGE('',*,*,#1151,.T.);
#1592=ORIENTED_EDGE('',*,*,#1086,.T.);
#1593=ORIENTED_EDGE('',*,*,#1145,.T.);
#1594=ORIENTED_EDGE('',*,*,#1084,.T.);
#1595=ORIENTED_EDGE('',*,*,#1146,.T.);
#1596=ORIENTED_EDGE('',*,*,#1162,.T.);
#1597=ORIENTED_EDGE('',*,*,#1157,.T.);
#1598=ORIENTED_EDGE('',*,*,#1163,.T.);
#1599=ORIENTED_EDGE('',*,*,#1164,.T.);
#1600=ORIENTED_EDGE('',*,*,#1162,.F.);
#1601=ORIENTED_EDGE('',*,*,#1165,.F.);
#1602=ORIENTED_EDGE('',*,*,#1166,.F.);
#1603=ORIENTED_EDGE('',*,*,#1167,.F.);
#1604=ORIENTED_EDGE('',*,*,#1168,.F.);
#1605=ORIENTED_EDGE('',*,*,#1158,.F.);
#1606=ORIENTED_EDGE('',*,*,#1169,.T.);
#1607=ORIENTED_EDGE('',*,*,#1170,.T.);
#1608=ORIENTED_EDGE('',*,*,#1171,.T.);
#1609=ORIENTED_EDGE('',*,*,#1172,.T.);
#1610=ORIENTED_EDGE('',*,*,#1147,.F.);
#1611=ORIENTED_EDGE('',*,*,#1173,.F.);
#1612=ORIENTED_EDGE('',*,*,#1169,.F.);
#1613=ORIENTED_EDGE('',*,*,#1174,.F.);
#1614=ORIENTED_EDGE('',*,*,#1175,.F.);
#1615=ORIENTED_EDGE('',*,*,#1176,.F.);
#1616=ORIENTED_EDGE('',*,*,#1163,.F.);
#1617=ORIENTED_EDGE('',*,*,#1156,.F.);
#1618=ORIENTED_EDGE('',*,*,#1177,.F.);
#1619=ORIENTED_EDGE('',*,*,#1178,.F.);
#1620=ORIENTED_EDGE('',*,*,#1179,.F.);
#1621=ORIENTED_EDGE('',*,*,#1180,.F.);
#1622=ORIENTED_EDGE('',*,*,#1172,.F.);
#1623=ORIENTED_EDGE('',*,*,#1181,.T.);
#1624=ORIENTED_EDGE('',*,*,#1182,.T.);
#1625=ORIENTED_EDGE('',*,*,#1183,.F.);
#1626=ORIENTED_EDGE('',*,*,#1184,.T.);
#1627=ORIENTED_EDGE('',*,*,#1185,.T.);
#1628=ORIENTED_EDGE('',*,*,#1186,.F.);
#1629=ORIENTED_EDGE('',*,*,#1174,.T.);
#1630=ORIENTED_EDGE('',*,*,#1022,.T.);
#1631=ORIENTED_EDGE('',*,*,#1080,.T.);
#1632=ORIENTED_EDGE('',*,*,#1016,.T.);
#1633=ORIENTED_EDGE('',*,*,#1079,.T.);
#1634=ORIENTED_EDGE('',*,*,#1175,.T.);
#1635=ORIENTED_EDGE('',*,*,#1186,.T.);
#1636=ORIENTED_EDGE('',*,*,#1187,.T.);
#1637=ORIENTED_EDGE('',*,*,#1188,.T.);
#1638=ORIENTED_EDGE('',*,*,#1189,.F.);
#1639=ORIENTED_EDGE('',*,*,#1190,.T.);
#1640=ORIENTED_EDGE('',*,*,#1191,.F.);
#1641=ORIENTED_EDGE('',*,*,#1192,.F.);
#1642=ORIENTED_EDGE('',*,*,#1193,.F.);
#1643=ORIENTED_EDGE('',*,*,#1192,.T.);
#1644=ORIENTED_EDGE('',*,*,#1194,.F.);
#1645=ORIENTED_EDGE('',*,*,#1195,.F.);
#1646=ORIENTED_EDGE('',*,*,#1196,.F.);
#1647=ORIENTED_EDGE('',*,*,#1195,.T.);
#1648=ORIENTED_EDGE('',*,*,#1197,.F.);
#1649=ORIENTED_EDGE('',*,*,#1198,.F.);
#1650=ORIENTED_EDGE('',*,*,#1199,.F.);
#1651=ORIENTED_EDGE('',*,*,#1198,.T.);
#1652=ORIENTED_EDGE('',*,*,#1200,.F.);
#1653=ORIENTED_EDGE('',*,*,#1190,.F.);
#1654=ORIENTED_EDGE('',*,*,#1201,.F.);
#1655=ORIENTED_EDGE('',*,*,#1202,.T.);
#1656=ORIENTED_EDGE('',*,*,#1203,.F.);
#1657=ORIENTED_EDGE('',*,*,#1204,.F.);
#1658=ORIENTED_EDGE('',*,*,#1205,.F.);
#1659=ORIENTED_EDGE('',*,*,#1206,.T.);
#1660=ORIENTED_EDGE('',*,*,#1207,.F.);
#1661=ORIENTED_EDGE('',*,*,#1208,.F.);
#1662=ORIENTED_EDGE('',*,*,#1209,.F.);
#1663=ORIENTED_EDGE('',*,*,#1208,.T.);
#1664=ORIENTED_EDGE('',*,*,#1210,.F.);
#1665=ORIENTED_EDGE('',*,*,#1211,.F.);
#1666=ORIENTED_EDGE('',*,*,#1212,.F.);
#1667=ORIENTED_EDGE('',*,*,#1211,.T.);
#1668=ORIENTED_EDGE('',*,*,#1213,.F.);
#1669=ORIENTED_EDGE('',*,*,#1202,.F.);
#1670=ORIENTED_EDGE('',*,*,#1213,.T.);
#1671=ORIENTED_EDGE('',*,*,#1210,.T.);
#1672=ORIENTED_EDGE('',*,*,#1207,.T.);
#1673=ORIENTED_EDGE('',*,*,#1214,.T.);
#1674=ORIENTED_EDGE('',*,*,#1215,.T.);
#1675=ORIENTED_EDGE('',*,*,#1216,.T.);
#1676=ORIENTED_EDGE('',*,*,#1217,.T.);
#1677=ORIENTED_EDGE('',*,*,#1203,.T.);
#1678=ORIENTED_EDGE('',*,*,#1200,.T.);
#1679=ORIENTED_EDGE('',*,*,#1197,.T.);
#1680=ORIENTED_EDGE('',*,*,#1194,.T.);
#1681=ORIENTED_EDGE('',*,*,#1191,.T.);
#1682=ORIENTED_EDGE('',*,*,#1209,.T.);
#1683=ORIENTED_EDGE('',*,*,#1212,.T.);
#1684=ORIENTED_EDGE('',*,*,#1201,.T.);
#1685=ORIENTED_EDGE('',*,*,#1218,.T.);
#1686=ORIENTED_EDGE('',*,*,#1219,.T.);
#1687=ORIENTED_EDGE('',*,*,#1220,.T.);
#1688=ORIENTED_EDGE('',*,*,#1221,.T.);
#1689=ORIENTED_EDGE('',*,*,#1222,.T.);
#1690=ORIENTED_EDGE('',*,*,#1223,.T.);
#1691=ORIENTED_EDGE('',*,*,#1224,.T.);
#1692=ORIENTED_EDGE('',*,*,#1205,.T.);
#1693=ORIENTED_EDGE('',*,*,#1225,.T.);
#1694=ORIENTED_EDGE('',*,*,#1226,.T.);
#1695=ORIENTED_EDGE('',*,*,#1189,.T.);
#1696=ORIENTED_EDGE('',*,*,#1193,.T.);
#1697=ORIENTED_EDGE('',*,*,#1196,.T.);
#1698=ORIENTED_EDGE('',*,*,#1199,.T.);
#1699=ORIENTED_EDGE('',*,*,#1227,.F.);
#1700=ORIENTED_EDGE('',*,*,#1228,.T.);
#1701=ORIENTED_EDGE('',*,*,#1229,.F.);
#1702=ORIENTED_EDGE('',*,*,#1228,.F.);
#1703=ORIENTED_EDGE('',*,*,#1227,.T.);
#1704=ORIENTED_EDGE('',*,*,#1230,.F.);
#1705=ORIENTED_EDGE('',*,*,#1231,.T.);
#1706=ORIENTED_EDGE('',*,*,#1232,.F.);
#1707=ORIENTED_EDGE('',*,*,#1231,.F.);
#1708=ORIENTED_EDGE('',*,*,#1230,.T.);
#1709=ORIENTED_EDGE('',*,*,#1229,.T.);
#1710=ORIENTED_EDGE('',*,*,#1233,.F.);
#1711=ORIENTED_EDGE('',*,*,#1234,.T.);
#1712=ORIENTED_EDGE('',*,*,#1224,.F.);
#1713=ORIENTED_EDGE('',*,*,#1234,.F.);
#1714=ORIENTED_EDGE('',*,*,#1233,.T.);
#1715=ORIENTED_EDGE('',*,*,#1232,.T.);
#1716=ORIENTED_EDGE('',*,*,#1235,.T.);
#1717=ORIENTED_EDGE('',*,*,#1236,.F.);
#1718=ORIENTED_EDGE('',*,*,#1237,.F.);
#1719=ORIENTED_EDGE('',*,*,#1238,.T.);
#1720=ORIENTED_EDGE('',*,*,#1216,.F.);
#1721=ORIENTED_EDGE('',*,*,#1239,.F.);
#1722=ORIENTED_EDGE('',*,*,#1240,.F.);
#1723=ORIENTED_EDGE('',*,*,#1241,.F.);
#1724=ORIENTED_EDGE('',*,*,#1242,.F.);
#1725=ORIENTED_EDGE('',*,*,#1241,.T.);
#1726=ORIENTED_EDGE('',*,*,#1243,.F.);
#1727=ORIENTED_EDGE('',*,*,#1239,.T.);
#1728=ORIENTED_EDGE('',*,*,#1215,.F.);
#1729=ORIENTED_EDGE('',*,*,#1244,.F.);
#1730=ORIENTED_EDGE('',*,*,#1245,.F.);
#1731=ORIENTED_EDGE('',*,*,#1244,.T.);
#1732=ORIENTED_EDGE('',*,*,#1214,.F.);
#1733=ORIENTED_EDGE('',*,*,#1206,.F.);
#1734=ORIENTED_EDGE('',*,*,#1226,.F.);
#1735=ORIENTED_EDGE('',*,*,#1246,.F.);
#1736=ORIENTED_EDGE('',*,*,#1247,.F.);
#1737=ORIENTED_EDGE('',*,*,#1246,.T.);
#1738=ORIENTED_EDGE('',*,*,#1225,.F.);
#1739=ORIENTED_EDGE('',*,*,#1223,.F.);
#1740=ORIENTED_EDGE('',*,*,#1248,.F.);
#1741=ORIENTED_EDGE('',*,*,#1249,.F.);
#1742=ORIENTED_EDGE('',*,*,#1248,.T.);
#1743=ORIENTED_EDGE('',*,*,#1222,.F.);
#1744=ORIENTED_EDGE('',*,*,#1250,.F.);
#1745=ORIENTED_EDGE('',*,*,#1251,.F.);
#1746=ORIENTED_EDGE('',*,*,#1252,.T.);
#1747=ORIENTED_EDGE('',*,*,#1253,.F.);
#1748=ORIENTED_EDGE('',*,*,#1250,.T.);
#1749=ORIENTED_EDGE('',*,*,#1221,.F.);
#1750=ORIENTED_EDGE('',*,*,#1254,.F.);
#1751=ORIENTED_EDGE('',*,*,#1255,.F.);
#1752=ORIENTED_EDGE('',*,*,#1236,.T.);
#1753=ORIENTED_EDGE('',*,*,#1256,.F.);
#1754=ORIENTED_EDGE('',*,*,#1257,.T.);
#1755=ORIENTED_EDGE('',*,*,#1219,.F.);
#1756=ORIENTED_EDGE('',*,*,#1258,.F.);
#1757=ORIENTED_EDGE('',*,*,#1259,.F.);
#1758=ORIENTED_EDGE('',*,*,#1258,.T.);
#1759=ORIENTED_EDGE('',*,*,#1218,.F.);
#1760=ORIENTED_EDGE('',*,*,#1204,.T.);
#1761=ORIENTED_EDGE('',*,*,#1217,.F.);
#1762=ORIENTED_EDGE('',*,*,#1238,.F.);
#1763=ORIENTED_EDGE('',*,*,#1240,.T.);
#1764=ORIENTED_EDGE('',*,*,#1243,.T.);
#1765=ORIENTED_EDGE('',*,*,#1260,.T.);
#1766=ORIENTED_EDGE('',*,*,#1252,.F.);
#1767=ORIENTED_EDGE('',*,*,#1256,.T.);
#1768=ORIENTED_EDGE('',*,*,#1261,.T.);
#1769=ORIENTED_EDGE('',*,*,#1262,.T.);
#1770=ORIENTED_EDGE('',*,*,#1251,.T.);
#1771=ORIENTED_EDGE('',*,*,#1263,.T.);
#1772=ORIENTED_EDGE('',*,*,#1264,.T.);
#1773=ORIENTED_EDGE('',*,*,#1264,.F.);
#1774=ORIENTED_EDGE('',*,*,#1265,.T.);
#1775=ORIENTED_EDGE('',*,*,#1178,.T.);
#1776=ORIENTED_EDGE('',*,*,#1266,.F.);
#1777=ORIENTED_EDGE('',*,*,#1267,.F.);
#1778=ORIENTED_EDGE('',*,*,#1260,.F.);
#1779=ORIENTED_EDGE('',*,*,#1262,.F.);
#1780=ORIENTED_EDGE('',*,*,#1268,.T.);
#1781=ORIENTED_EDGE('',*,*,#1179,.T.);
#1782=ORIENTED_EDGE('',*,*,#1265,.F.);
#1783=ORIENTED_EDGE('',*,*,#1263,.F.);
#1784=ORIENTED_EDGE('',*,*,#1254,.T.);
#1785=ORIENTED_EDGE('',*,*,#1220,.F.);
#1786=ORIENTED_EDGE('',*,*,#1257,.F.);
#1787=ORIENTED_EDGE('',*,*,#1269,.F.);
#1788=ORIENTED_EDGE('',*,*,#1270,.T.);
#1789=ORIENTED_EDGE('',*,*,#1180,.T.);
#1790=ORIENTED_EDGE('',*,*,#1268,.F.);
#1791=ORIENTED_EDGE('',*,*,#1261,.F.);
#1792=ORIENTED_EDGE('',*,*,#1235,.F.);
#1793=ORIENTED_EDGE('',*,*,#1271,.F.);
#1794=ORIENTED_EDGE('',*,*,#1266,.T.);
#1795=ORIENTED_EDGE('',*,*,#1177,.T.);
#1796=ORIENTED_EDGE('',*,*,#1270,.F.);
#1797=ORIENTED_EDGE('',*,*,#1150,.F.);
#1798=ORIENTED_EDGE('',*,*,#1155,.T.);
#1799=ORIENTED_EDGE('',*,*,#1272,.T.);
#1800=ORIENTED_EDGE('',*,*,#1273,.F.);
#1801=ORIENTED_EDGE('',*,*,#1274,.T.);
#1802=ORIENTED_EDGE('',*,*,#1275,.T.);
#1803=ORIENTED_EDGE('',*,*,#1170,.F.);
#1804=ORIENTED_EDGE('',*,*,#1173,.T.);
#1805=ORIENTED_EDGE('',*,*,#1276,.F.);
#1806=ORIENTED_EDGE('',*,*,#1277,.T.);
#1807=ORIENTED_EDGE('',*,*,#1153,.T.);
#1808=ORIENTED_EDGE('',*,*,#1278,.F.);
#1809=ORIENTED_EDGE('',*,*,#1279,.F.);
#1810=ORIENTED_EDGE('',*,*,#1272,.F.);
#1811=ORIENTED_EDGE('',*,*,#1154,.T.);
#1812=ORIENTED_EDGE('',*,*,#1277,.F.);
#1813=ORIENTED_EDGE('',*,*,#1280,.F.);
#1814=ORIENTED_EDGE('',*,*,#1281,.F.);
#1815=ORIENTED_EDGE('',*,*,#1282,.F.);
#1816=ORIENTED_EDGE('',*,*,#1278,.T.);
#1817=ORIENTED_EDGE('',*,*,#1152,.T.);
#1818=ORIENTED_EDGE('',*,*,#1161,.F.);
#1819=ORIENTED_EDGE('',*,*,#1283,.F.);
#1820=ORIENTED_EDGE('',*,*,#1284,.F.);
#1821=ORIENTED_EDGE('',*,*,#1285,.T.);
#1822=ORIENTED_EDGE('',*,*,#1286,.F.);
#1823=ORIENTED_EDGE('',*,*,#1287,.F.);
#1824=ORIENTED_EDGE('',*,*,#1288,.F.);
#1825=ORIENTED_EDGE('',*,*,#1289,.F.);
#1826=ORIENTED_EDGE('',*,*,#1290,.T.);
#1827=ORIENTED_EDGE('',*,*,#1291,.T.);
#1828=ORIENTED_EDGE('',*,*,#1184,.F.);
#1829=ORIENTED_EDGE('',*,*,#1292,.F.);
#1830=ORIENTED_EDGE('',*,*,#1286,.T.);
#1831=ORIENTED_EDGE('',*,*,#1293,.T.);
#1832=ORIENTED_EDGE('',*,*,#1290,.F.);
#1833=ORIENTED_EDGE('',*,*,#1187,.F.);
#1834=ORIENTED_EDGE('',*,*,#1185,.F.);
#1835=ORIENTED_EDGE('',*,*,#1291,.F.);
#1836=ORIENTED_EDGE('',*,*,#1293,.F.);
#1837=ORIENTED_EDGE('',*,*,#1285,.F.);
#1838=ORIENTED_EDGE('',*,*,#1294,.F.);
#1839=ORIENTED_EDGE('',*,*,#1295,.F.);
#1840=ORIENTED_EDGE('',*,*,#1296,.F.);
#1841=ORIENTED_EDGE('',*,*,#1297,.T.);
#1842=ORIENTED_EDGE('',*,*,#1298,.T.);
#1843=ORIENTED_EDGE('',*,*,#1274,.F.);
#1844=ORIENTED_EDGE('',*,*,#1299,.F.);
#1845=ORIENTED_EDGE('',*,*,#1300,.T.);
#1846=ORIENTED_EDGE('',*,*,#1301,.T.);
#1847=ORIENTED_EDGE('',*,*,#1297,.F.);
#1848=ORIENTED_EDGE('',*,*,#1302,.F.);
#1849=ORIENTED_EDGE('',*,*,#1182,.F.);
#1850=ORIENTED_EDGE('',*,*,#1303,.T.);
#1851=ORIENTED_EDGE('',*,*,#1300,.F.);
#1852=ORIENTED_EDGE('',*,*,#1304,.F.);
#1853=ORIENTED_EDGE('',*,*,#1171,.F.);
#1854=ORIENTED_EDGE('',*,*,#1275,.F.);
#1855=ORIENTED_EDGE('',*,*,#1298,.F.);
#1856=ORIENTED_EDGE('',*,*,#1301,.F.);
#1857=ORIENTED_EDGE('',*,*,#1303,.F.);
#1858=ORIENTED_EDGE('',*,*,#1181,.F.);
#1859=ORIENTED_EDGE('',*,*,#1305,.F.);
#1860=ORIENTED_EDGE('',*,*,#1159,.F.);
#1861=ORIENTED_EDGE('',*,*,#1168,.T.);
#1862=ORIENTED_EDGE('',*,*,#1306,.F.);
#1863=ORIENTED_EDGE('',*,*,#1307,.F.);
#1864=ORIENTED_EDGE('',*,*,#1308,.F.);
#1865=ORIENTED_EDGE('',*,*,#1309,.F.);
#1866=ORIENTED_EDGE('',*,*,#1310,.T.);
#1867=ORIENTED_EDGE('',*,*,#1166,.T.);
#1868=ORIENTED_EDGE('',*,*,#1311,.F.);
#1869=ORIENTED_EDGE('',*,*,#1312,.F.);
#1870=ORIENTED_EDGE('',*,*,#1306,.T.);
#1871=ORIENTED_EDGE('',*,*,#1167,.T.);
#1872=ORIENTED_EDGE('',*,*,#1310,.F.);
#1873=ORIENTED_EDGE('',*,*,#1164,.F.);
#1874=ORIENTED_EDGE('',*,*,#1176,.T.);
#1875=ORIENTED_EDGE('',*,*,#1188,.F.);
#1876=ORIENTED_EDGE('',*,*,#1294,.T.);
#1877=ORIENTED_EDGE('',*,*,#1284,.T.);
#1878=ORIENTED_EDGE('',*,*,#1313,.F.);
#1879=ORIENTED_EDGE('',*,*,#1311,.T.);
#1880=ORIENTED_EDGE('',*,*,#1165,.T.);
#1881=ORIENTED_EDGE('',*,*,#1281,.T.);
#1882=ORIENTED_EDGE('',*,*,#1160,.T.);
#1883=ORIENTED_EDGE('',*,*,#1305,.T.);
#1884=ORIENTED_EDGE('',*,*,#1314,.T.);
#1885=ORIENTED_EDGE('',*,*,#1279,.T.);
#1886=ORIENTED_EDGE('',*,*,#1315,.T.);
#1887=ORIENTED_EDGE('',*,*,#1295,.T.);
#1888=ORIENTED_EDGE('',*,*,#1273,.T.);
#1889=ORIENTED_EDGE('',*,*,#1288,.T.);
#1890=ORIENTED_EDGE('',*,*,#1183,.T.);
#1891=ORIENTED_EDGE('',*,*,#1302,.T.);
#1892=ORIENTED_EDGE('',*,*,#1316,.T.);
#1893=ORIENTED_EDGE('',*,*,#1283,.T.);
#1894=ORIENTED_EDGE('',*,*,#1317,.T.);
#1895=ORIENTED_EDGE('',*,*,#1308,.T.);
#1896=ORIENTED_EDGE('',*,*,#1313,.T.);
#1897=ORIENTED_EDGE('',*,*,#1282,.T.);
#1898=ORIENTED_EDGE('',*,*,#1314,.F.);
#1899=ORIENTED_EDGE('',*,*,#1307,.T.);
#1900=ORIENTED_EDGE('',*,*,#1312,.T.);
#1901=ORIENTED_EDGE('',*,*,#1309,.T.);
#1902=ORIENTED_EDGE('',*,*,#1317,.F.);
#1903=ORIENTED_EDGE('',*,*,#1287,.T.);
#1904=ORIENTED_EDGE('',*,*,#1292,.T.);
#1905=ORIENTED_EDGE('',*,*,#1289,.T.);
#1906=ORIENTED_EDGE('',*,*,#1316,.F.);
#1907=ORIENTED_EDGE('',*,*,#1304,.T.);
#1908=ORIENTED_EDGE('',*,*,#1299,.T.);
#1909=ORIENTED_EDGE('',*,*,#1296,.T.);
#1910=ORIENTED_EDGE('',*,*,#1315,.F.);
#1911=ORIENTED_EDGE('',*,*,#1280,.T.);
#1912=ORIENTED_EDGE('',*,*,#1276,.T.);
#1913=ORIENTED_EDGE('',*,*,#1253,.T.);
#1914=ORIENTED_EDGE('',*,*,#1267,.T.);
#1915=ORIENTED_EDGE('',*,*,#1271,.T.);
#1916=ORIENTED_EDGE('',*,*,#1269,.T.);
#1917=ORIENTED_EDGE('',*,*,#1255,.T.);
#1918=ORIENTED_EDGE('',*,*,#1259,.T.);
#1919=ORIENTED_EDGE('',*,*,#1237,.T.);
#1920=ORIENTED_EDGE('',*,*,#1242,.T.);
#1921=ORIENTED_EDGE('',*,*,#1245,.T.);
#1922=ORIENTED_EDGE('',*,*,#1247,.T.);
#1923=ORIENTED_EDGE('',*,*,#1249,.T.);
#1924=PLANE('',#2123);
#1925=PLANE('',#2124);
#1926=PLANE('',#2128);
#1927=PLANE('',#2132);
#1928=PLANE('',#2142);
#1929=PLANE('',#2146);
#1930=PLANE('',#2150);
#1931=PLANE('',#2160);
#1932=PLANE('',#2164);
#1933=PLANE('',#2168);
#1934=PLANE('',#2169);
#1935=PLANE('',#2170);
#1936=PLANE('',#2171);
#1937=PLANE('',#2175);
#1938=PLANE('',#2179);
#1939=PLANE('',#2189);
#1940=PLANE('',#2193);
#1941=PLANE('',#2197);
#1942=PLANE('',#2207);
#1943=PLANE('',#2211);
#1944=PLANE('',#2215);
#1945=PLANE('',#2216);
#1946=PLANE('',#2220);
#1947=PLANE('',#2222);
#1948=PLANE('',#2226);
#1949=PLANE('',#2231);
#1950=PLANE('',#2233);
#1951=PLANE('',#2236);
#1952=PLANE('',#2237);
#1953=PLANE('',#2238);
#1954=PLANE('',#2239);
#1955=PLANE('',#2240);
#1956=PLANE('',#2241);
#1957=PLANE('',#2242);
#1958=PLANE('',#2246);
#1959=PLANE('',#2248);
#1960=PLANE('',#2252);
#1961=PLANE('',#2253);
#1962=PLANE('',#2257);
#1963=PLANE('',#2261);
#1964=PLANE('',#2264);
#1965=PLANE('',#2265);
#1966=PLANE('',#2267);
#1967=PLANE('',#2271);
#1968=PLANE('',#2272);
#1969=PLANE('',#2273);
#1970=PLANE('',#2281);
#1971=PLANE('',#2282);
#1972=PLANE('',#2283);
#1973=PLANE('',#2284);
#1974=PLANE('',#2285);
#1975=PLANE('',#2286);
#1976=PLANE('',#2287);
#1977=PLANE('',#2288);
#1978=PLANE('',#2289);
#1979=PLANE('',#2290);
#1980=PLANE('',#2293);
#1981=PLANE('',#2294);
#1982=PLANE('',#2295);
#1983=PLANE('',#2296);
#1984=PLANE('',#2300);
#1985=PLANE('',#2301);
#1986=PLANE('',#2305);
#1987=PLANE('',#2306);
#1988=PLANE('',#2307);
#1989=PLANE('',#2308);
#1990=PLANE('',#2311);
#1991=PLANE('',#2312);
#1992=PLANE('',#2313);
#1993=PLANE('',#2314);
#1994=PLANE('',#2315);
#1995=PLANE('',#2316);
#1996=PLANE('',#2317);
#1997=ADVANCED_FACE('',(#144),#1924,.F.);
#1998=ADVANCED_FACE('',(#145),#1925,.F.);
#1999=ADVANCED_FACE('',(#146),#105,.T.);
#2000=ADVANCED_FACE('',(#147),#1926,.F.);
#2001=ADVANCED_FACE('',(#148),#106,.T.);
#2002=ADVANCED_FACE('',(#149),#1927,.F.);
#2003=ADVANCED_FACE('',(#150),#107,.T.);
#2004=ADVANCED_FACE('',(#151),#108,.F.);
#2005=ADVANCED_FACE('',(#152),#109,.T.);
#2006=ADVANCED_FACE('',(#153),#1928,.F.);
#2007=ADVANCED_FACE('',(#154),#110,.T.);
#2008=ADVANCED_FACE('',(#155),#1929,.F.);
#2009=ADVANCED_FACE('',(#156),#111,.T.);
#2010=ADVANCED_FACE('',(#157),#1930,.F.);
#2011=ADVANCED_FACE('',(#158),#112,.T.);
#2012=ADVANCED_FACE('',(#159),#113,.F.);
#2013=ADVANCED_FACE('',(#160),#114,.T.);
#2014=ADVANCED_FACE('',(#161),#1931,.F.);
#2015=ADVANCED_FACE('',(#162),#115,.T.);
#2016=ADVANCED_FACE('',(#163),#1932,.F.);
#2017=ADVANCED_FACE('',(#164),#116,.T.);
#2018=ADVANCED_FACE('',(#165),#1933,.F.);
#2019=ADVANCED_FACE('',(#166),#1934,.T.);
#2020=ADVANCED_FACE('',(#167),#1935,.T.);
#2021=ADVANCED_FACE('',(#168),#1936,.T.);
#2022=ADVANCED_FACE('',(#169),#117,.T.);
#2023=ADVANCED_FACE('',(#170),#1937,.T.);
#2024=ADVANCED_FACE('',(#171),#118,.T.);
#2025=ADVANCED_FACE('',(#172),#1938,.T.);
#2026=ADVANCED_FACE('',(#173),#119,.T.);
#2027=ADVANCED_FACE('',(#174),#120,.F.);
#2028=ADVANCED_FACE('',(#175),#121,.T.);
#2029=ADVANCED_FACE('',(#176),#1939,.T.);
#2030=ADVANCED_FACE('',(#177),#122,.T.);
#2031=ADVANCED_FACE('',(#178),#1940,.T.);
#2032=ADVANCED_FACE('',(#179),#123,.T.);
#2033=ADVANCED_FACE('',(#180),#1941,.T.);
#2034=ADVANCED_FACE('',(#181),#124,.T.);
#2035=ADVANCED_FACE('',(#182),#125,.F.);
#2036=ADVANCED_FACE('',(#183),#126,.T.);
#2037=ADVANCED_FACE('',(#184),#1942,.T.);
#2038=ADVANCED_FACE('',(#185),#127,.T.);
#2039=ADVANCED_FACE('',(#186),#1943,.T.);
#2040=ADVANCED_FACE('',(#187),#128,.T.);
#2041=ADVANCED_FACE('',(#188),#1944,.T.);
#2042=ADVANCED_FACE('',(#189),#1945,.F.);
#2043=ADVANCED_FACE('',(#190),#129,.T.);
#2044=ADVANCED_FACE('',(#191),#1946,.T.);
#2045=ADVANCED_FACE('',(#192,#15),#1947,.T.);
#2046=ADVANCED_FACE('',(#193),#130,.T.);
#2047=ADVANCED_FACE('',(#194),#1948,.T.);
#2048=ADVANCED_FACE('',(#195),#131,.T.);
#2049=ADVANCED_FACE('',(#196,#16),#1949,.F.);
#2050=ADVANCED_FACE('',(#197,#17),#1950,.T.);
#2051=ADVANCED_FACE('',(#198),#132,.T.);
#2052=ADVANCED_FACE('',(#199),#1951,.T.);
#2053=ADVANCED_FACE('',(#200),#1952,.T.);
#2054=ADVANCED_FACE('',(#201),#1953,.T.);
#2055=ADVANCED_FACE('',(#202),#1954,.T.);
#2056=ADVANCED_FACE('',(#203),#1955,.T.);
#2057=ADVANCED_FACE('',(#204),#1956,.T.);
#2058=ADVANCED_FACE('',(#205),#1957,.T.);
#2059=ADVANCED_FACE('',(#206),#133,.T.);
#2060=ADVANCED_FACE('',(#207,#18),#1958,.T.);
#2061=ADVANCED_FACE('',(#208,#19),#1959,.T.);
#2062=ADVANCED_FACE('',(#209),#1960,.T.);
#2063=ADVANCED_FACE('',(#210),#1961,.T.);
#2064=ADVANCED_FACE('',(#211),#134,.T.);
#2065=ADVANCED_FACE('',(#212),#1962,.T.);
#2066=ADVANCED_FACE('',(#213),#135,.T.);
#2067=ADVANCED_FACE('',(#214,#20),#1963,.T.);
#2068=ADVANCED_FACE('',(#215),#136,.T.);
#2069=ADVANCED_FACE('',(#216,#21),#1964,.T.);
#2070=ADVANCED_FACE('',(#217),#1965,.F.);
#2071=ADVANCED_FACE('',(#218),#1966,.T.);
#2072=ADVANCED_FACE('',(#219),#137,.T.);
#2073=ADVANCED_FACE('',(#220),#1967,.T.);
#2074=ADVANCED_FACE('',(#221),#1968,.T.);
#2075=ADVANCED_FACE('',(#222),#1969,.T.);
#2076=ADVANCED_FACE('',(#223),#138,.T.);
#2077=ADVANCED_FACE('',(#224),#139,.T.);
#2078=ADVANCED_FACE('',(#225),#1970,.T.);
#2079=ADVANCED_FACE('',(#226),#1971,.T.);
#2080=ADVANCED_FACE('',(#227),#1972,.F.);
#2081=ADVANCED_FACE('',(#228),#1973,.T.);
#2082=ADVANCED_FACE('',(#229),#1974,.T.);
#2083=ADVANCED_FACE('',(#230),#1975,.F.);
#2084=ADVANCED_FACE('',(#231),#1976,.F.);
#2085=ADVANCED_FACE('',(#232),#1977,.F.);
#2086=ADVANCED_FACE('',(#233),#1978,.F.);
#2087=ADVANCED_FACE('',(#234),#1979,.T.);
#2088=ADVANCED_FACE('',(#235),#140,.F.);
#2089=ADVANCED_FACE('',(#236),#1980,.F.);
#2090=ADVANCED_FACE('',(#237),#1981,.F.);
#2091=ADVANCED_FACE('',(#238),#1982,.F.);
#2092=ADVANCED_FACE('',(#239),#1983,.F.);
#2093=ADVANCED_FACE('',(#240),#141,.F.);
#2094=ADVANCED_FACE('',(#241),#1984,.T.);
#2095=ADVANCED_FACE('',(#242),#1985,.F.);
#2096=ADVANCED_FACE('',(#243),#142,.F.);
#2097=ADVANCED_FACE('',(#244),#1986,.F.);
#2098=ADVANCED_FACE('',(#245),#1987,.T.);
#2099=ADVANCED_FACE('',(#246),#1988,.F.);
#2100=ADVANCED_FACE('',(#247),#1989,.F.);
#2101=ADVANCED_FACE('',(#248),#143,.F.);
#2102=ADVANCED_FACE('',(#249),#1990,.T.);
#2103=ADVANCED_FACE('',(#250),#1991,.T.);
#2104=ADVANCED_FACE('',(#251),#1992,.T.);
#2105=ADVANCED_FACE('',(#252),#1993,.T.);
#2106=ADVANCED_FACE('',(#253),#1994,.T.);
#2107=ADVANCED_FACE('',(#254),#1995,.T.);
#2108=ADVANCED_FACE('',(#255),#1996,.T.);
#2109=CLOSED_SHELL('',(#1997,#1998,#1999,#2000,#2001,#2002,#2003,#2004,
#2005,#2006,#2007,#2008,#2009,#2010,#2011,#2012,#2013,#2014,#2015,#2016,
#2017,#2018,#2019,#2020,#2021,#2022,#2023,#2024,#2025,#2026,#2027,#2028,
#2029,#2030,#2031,#2032,#2033,#2034,#2035,#2036,#2037,#2038,#2039,#2040,
#2041,#2042,#2043,#2044,#2045,#2046,#2047,#2048,#2049,#2050,#2051,#2052,
#2053,#2054,#2055,#2056,#2057,#2058,#2059,#2060,#2061,#2062,#2063,#2064,
#2065,#2066,#2067,#2068,#2069,#2070,#2071,#2072,#2073,#2074,#2075,#2076,
#2077,#2078,#2079,#2080,#2081,#2082,#2083,#2084,#2085,#2086,#2087,#2088,
#2089,#2090,#2091,#2092,#2093,#2094,#2095,#2096,#2097,#2098,#2099,#2100,
#2101,#2102,#2103,#2104,#2105,#2106,#2107,#2108));
#2110=DERIVED_UNIT_ELEMENT(#2112,1.);
#2111=DERIVED_UNIT_ELEMENT(#3551,-3.);
#2112=(
MASS_UNIT()
NAMED_UNIT(*)
SI_UNIT(.KILO.,.GRAM.)
);
#2113=DERIVED_UNIT((#2110,#2111));
#2114=MEASURE_REPRESENTATION_ITEM('density measure',
POSITIVE_RATIO_MEASURE(7850.),#2113);
#2115=PROPERTY_DEFINITION_REPRESENTATION(#2120,#2117);
#2116=PROPERTY_DEFINITION_REPRESENTATION(#2121,#2118);
#2117=REPRESENTATION('material name',(#2119),#3548);
#2118=REPRESENTATION('density',(#2114),#3548);
#2119=DESCRIPTIVE_REPRESENTATION_ITEM('Steel','Steel');
#2120=PROPERTY_DEFINITION('material property','material name',#3558);
#2121=PROPERTY_DEFINITION('material property','density of part',#3558);
#2122=AXIS2_PLACEMENT_3D('',#2930,#2318,#2319);
#2123=AXIS2_PLACEMENT_3D('',#2931,#2320,#2321);
#2124=AXIS2_PLACEMENT_3D('',#2940,#2326,#2327);
#2125=AXIS2_PLACEMENT_3D('',#2949,#2332,#2333);
#2126=AXIS2_PLACEMENT_3D('',#2951,#2334,#2335);
#2127=AXIS2_PLACEMENT_3D('',#2954,#2337,#2338);
#2128=AXIS2_PLACEMENT_3D('',#2955,#2339,#2340);
#2129=AXIS2_PLACEMENT_3D('',#2961,#2344,#2345);
#2130=AXIS2_PLACEMENT_3D('',#2963,#2346,#2347);
#2131=AXIS2_PLACEMENT_3D('',#2966,#2349,#2350);
#2132=AXIS2_PLACEMENT_3D('',#2967,#2351,#2352);
#2133=AXIS2_PLACEMENT_3D('',#2973,#2356,#2357);
#2134=AXIS2_PLACEMENT_3D('',#2975,#2358,#2359);
#2135=AXIS2_PLACEMENT_3D('',#2978,#2361,#2362);
#2136=AXIS2_PLACEMENT_3D('',#2979,#2363,#2364);
#2137=AXIS2_PLACEMENT_3D('',#2981,#2365,#2366);
#2138=AXIS2_PLACEMENT_3D('',#2984,#2368,#2369);
#2139=AXIS2_PLACEMENT_3D('',#2985,#2370,#2371);
#2140=AXIS2_PLACEMENT_3D('',#2987,#2372,#2373);
#2141=AXIS2_PLACEMENT_3D('',#2990,#2375,#2376);
#2142=AXIS2_PLACEMENT_3D('',#2991,#2377,#2378);
#2143=AXIS2_PLACEMENT_3D('',#2997,#2382,#2383);
#2144=AXIS2_PLACEMENT_3D('',#2999,#2384,#2385);
#2145=AXIS2_PLACEMENT_3D('',#3002,#2387,#2388);
#2146=AXIS2_PLACEMENT_3D('',#3003,#2389,#2390);
#2147=AXIS2_PLACEMENT_3D('',#3009,#2394,#2395);
#2148=AXIS2_PLACEMENT_3D('',#3011,#2396,#2397);
#2149=AXIS2_PLACEMENT_3D('',#3014,#2399,#2400);
#2150=AXIS2_PLACEMENT_3D('',#3015,#2401,#2402);
#2151=AXIS2_PLACEMENT_3D('',#3021,#2406,#2407);
#2152=AXIS2_PLACEMENT_3D('',#3023,#2408,#2409);
#2153=AXIS2_PLACEMENT_3D('',#3026,#2411,#2412);
#2154=AXIS2_PLACEMENT_3D('',#3027,#2413,#2414);
#2155=AXIS2_PLACEMENT_3D('',#3029,#2415,#2416);
#2156=AXIS2_PLACEMENT_3D('',#3032,#2418,#2419);
#2157=AXIS2_PLACEMENT_3D('',#3033,#2420,#2421);
#2158=AXIS2_PLACEMENT_3D('',#3035,#2422,#2423);
#2159=AXIS2_PLACEMENT_3D('',#3038,#2425,#2426);
#2160=AXIS2_PLACEMENT_3D('',#3039,#2427,#2428);
#2161=AXIS2_PLACEMENT_3D('',#3045,#2432,#2433);
#2162=AXIS2_PLACEMENT_3D('',#3047,#2434,#2435);
#2163=AXIS2_PLACEMENT_3D('',#3050,#2437,#2438);
#2164=AXIS2_PLACEMENT_3D('',#3051,#2439,#2440);
#2165=AXIS2_PLACEMENT_3D('',#3057,#2444,#2445);
#2166=AXIS2_PLACEMENT_3D('',#3058,#2446,#2447);
#2167=AXIS2_PLACEMENT_3D('',#3059,#2448,#2449);
#2168=AXIS2_PLACEMENT_3D('',#3060,#2450,#2451);
#2169=AXIS2_PLACEMENT_3D('',#3062,#2453,#2454);
#2170=AXIS2_PLACEMENT_3D('',#3064,#2456,#2457);
#2171=AXIS2_PLACEMENT_3D('',#3073,#2462,#2463);
#2172=AXIS2_PLACEMENT_3D('',#3082,#2468,#2469);
#2173=AXIS2_PLACEMENT_3D('',#3084,#2470,#2471);
#2174=AXIS2_PLACEMENT_3D('',#3086,#2472,#2473);
#2175=AXIS2_PLACEMENT_3D('',#3088,#2475,#2476);
#2176=AXIS2_PLACEMENT_3D('',#3094,#2480,#2481);
#2177=AXIS2_PLACEMENT_3D('',#3096,#2482,#2483);
#2178=AXIS2_PLACEMENT_3D('',#3098,#2484,#2485);
#2179=AXIS2_PLACEMENT_3D('',#3100,#2487,#2488);
#2180=AXIS2_PLACEMENT_3D('',#3106,#2492,#2493);
#2181=AXIS2_PLACEMENT_3D('',#3108,#2494,#2495);
#2182=AXIS2_PLACEMENT_3D('',#3110,#2496,#2497);
#2183=AXIS2_PLACEMENT_3D('',#3112,#2499,#2500);
#2184=AXIS2_PLACEMENT_3D('',#3114,#2501,#2502);
#2185=AXIS2_PLACEMENT_3D('',#3116,#2503,#2504);
#2186=AXIS2_PLACEMENT_3D('',#3118,#2506,#2507);
#2187=AXIS2_PLACEMENT_3D('',#3120,#2508,#2509);
#2188=AXIS2_PLACEMENT_3D('',#3122,#2510,#2511);
#2189=AXIS2_PLACEMENT_3D('',#3124,#2513,#2514);
#2190=AXIS2_PLACEMENT_3D('',#3130,#2518,#2519);
#2191=AXIS2_PLACEMENT_3D('',#3132,#2520,#2521);
#2192=AXIS2_PLACEMENT_3D('',#3134,#2522,#2523);
#2193=AXIS2_PLACEMENT_3D('',#3136,#2525,#2526);
#2194=AXIS2_PLACEMENT_3D('',#3142,#2530,#2531);
#2195=AXIS2_PLACEMENT_3D('',#3144,#2532,#2533);
#2196=AXIS2_PLACEMENT_3D('',#3146,#2534,#2535);
#2197=AXIS2_PLACEMENT_3D('',#3148,#2537,#2538);
#2198=AXIS2_PLACEMENT_3D('',#3154,#2542,#2543);
#2199=AXIS2_PLACEMENT_3D('',#3156,#2544,#2545);
#2200=AXIS2_PLACEMENT_3D('',#3158,#2546,#2547);
#2201=AXIS2_PLACEMENT_3D('',#3160,#2549,#2550);
#2202=AXIS2_PLACEMENT_3D('',#3162,#2551,#2552);
#2203=AXIS2_PLACEMENT_3D('',#3164,#2553,#2554);
#2204=AXIS2_PLACEMENT_3D('',#3166,#2556,#2557);
#2205=AXIS2_PLACEMENT_3D('',#3168,#2558,#2559);
#2206=AXIS2_PLACEMENT_3D('',#3170,#2560,#2561);
#2207=AXIS2_PLACEMENT_3D('',#3172,#2563,#2564);
#2208=AXIS2_PLACEMENT_3D('',#3178,#2568,#2569);
#2209=AXIS2_PLACEMENT_3D('',#3180,#2570,#2571);
#2210=AXIS2_PLACEMENT_3D('',#3182,#2572,#2573);
#2211=AXIS2_PLACEMENT_3D('',#3184,#2575,#2576);
#2212=AXIS2_PLACEMENT_3D('',#3190,#2580,#2581);
#2213=AXIS2_PLACEMENT_3D('',#3191,#2582,#2583);
#2214=AXIS2_PLACEMENT_3D('',#3192,#2584,#2585);
#2215=AXIS2_PLACEMENT_3D('',#3193,#2586,#2587);
#2216=AXIS2_PLACEMENT_3D('',#3195,#2589,#2590);
#2217=AXIS2_PLACEMENT_3D('',#3197,#2592,#2593);
#2218=AXIS2_PLACEMENT_3D('',#3200,#2594,#2595);
#2219=AXIS2_PLACEMENT_3D('',#3204,#2597,#2598);
#2220=AXIS2_PLACEMENT_3D('',#3206,#2600,#2601);
#2221=AXIS2_PLACEMENT_3D('',#3212,#2604,#2605);
#2222=AXIS2_PLACEMENT_3D('',#3216,#2608,#2609);
#2223=AXIS2_PLACEMENT_3D('',#3228,#2616,#2617);
#2224=AXIS2_PLACEMENT_3D('',#3230,#2618,#2619);
#2225=AXIS2_PLACEMENT_3D('',#3232,#2620,#2621);
#2226=AXIS2_PLACEMENT_3D('',#3234,#2623,#2624);
#2227=AXIS2_PLACEMENT_3D('',#3240,#2627,#2628);
#2228=AXIS2_PLACEMENT_3D('',#3242,#2630,#2631);
#2229=AXIS2_PLACEMENT_3D('',#3245,#2632,#2633);
#2230=AXIS2_PLACEMENT_3D('',#3249,#2635,#2636);
#2231=AXIS2_PLACEMENT_3D('',#3251,#2638,#2639);
#2232=AXIS2_PLACEMENT_3D('',#3256,#2642,#2643);
#2233=AXIS2_PLACEMENT_3D('',#3266,#2649,#2650);
#2234=AXIS2_PLACEMENT_3D('',#3278,#2657,#2658);
#2235=AXIS2_PLACEMENT_3D('',#3280,#2659,#2660);
#2236=AXIS2_PLACEMENT_3D('',#3282,#2662,#2663);
#2237=AXIS2_PLACEMENT_3D('',#3291,#2668,#2669);
#2238=AXIS2_PLACEMENT_3D('',#3297,#2673,#2674);
#2239=AXIS2_PLACEMENT_3D('',#3303,#2678,#2679);
#2240=AXIS2_PLACEMENT_3D('',#3306,#2682,#2683);
#2241=AXIS2_PLACEMENT_3D('',#3315,#2688,#2689);
#2242=AXIS2_PLACEMENT_3D('',#3324,#2694,#2695);
#2243=AXIS2_PLACEMENT_3D('',#3330,#2699,#2700);
#2244=AXIS2_PLACEMENT_3D('',#3331,#2701,#2702);
#2245=AXIS2_PLACEMENT_3D('',#3332,#2703,#2704);
#2246=AXIS2_PLACEMENT_3D('',#3333,#2705,#2706);
#2247=AXIS2_PLACEMENT_3D('',#3337,#2708,#2709);
#2248=AXIS2_PLACEMENT_3D('',#3341,#2712,#2713);
#2249=AXIS2_PLACEMENT_3D('',#3345,#2715,#2716);
#2250=AXIS2_PLACEMENT_3D('',#3349,#2718,#2719);
#2251=AXIS2_PLACEMENT_3D('',#3354,#2722,#2723);
#2252=AXIS2_PLACEMENT_3D('',#3355,#2724,#2725);
#2253=AXIS2_PLACEMENT_3D('',#3359,#2728,#2729);
#2254=AXIS2_PLACEMENT_3D('',#3360,#2730,#2731);
#2255=AXIS2_PLACEMENT_3D('',#3362,#2732,#2733);
#2256=AXIS2_PLACEMENT_3D('',#3365,#2735,#2736);
#2257=AXIS2_PLACEMENT_3D('',#3366,#2737,#2738);
#2258=AXIS2_PLACEMENT_3D('',#3367,#2739,#2740);
#2259=AXIS2_PLACEMENT_3D('',#3369,#2741,#2742);
#2260=AXIS2_PLACEMENT_3D('',#3372,#2744,#2745);
#2261=AXIS2_PLACEMENT_3D('',#3373,#2746,#2747);
#2262=AXIS2_PLACEMENT_3D('',#3374,#2748,#2749);
#2263=AXIS2_PLACEMENT_3D('',#3376,#2750,#2751);
#2264=AXIS2_PLACEMENT_3D('',#3378,#2753,#2754);
#2265=AXIS2_PLACEMENT_3D('',#3379,#2755,#2756);
#2266=AXIS2_PLACEMENT_3D('',#3383,#2758,#2759);
#2267=AXIS2_PLACEMENT_3D('',#3384,#2760,#2761);
#2268=AXIS2_PLACEMENT_3D('',#3394,#2767,#2768);
#2269=AXIS2_PLACEMENT_3D('',#3396,#2769,#2770);
#2270=AXIS2_PLACEMENT_3D('',#3397,#2771,#2772);
#2271=AXIS2_PLACEMENT_3D('',#3399,#2774,#2775);
#2272=AXIS2_PLACEMENT_3D('',#3403,#2778,#2779);
#2273=AXIS2_PLACEMENT_3D('',#3407,#2782,#2783);
#2274=AXIS2_PLACEMENT_3D('',#3411,#2786,#2787);
#2275=AXIS2_PLACEMENT_3D('',#3414,#2788,#2789);
#2276=AXIS2_PLACEMENT_3D('',#3416,#2790,#2791);
#2277=AXIS2_PLACEMENT_3D('',#3417,#2792,#2793);
#2278=AXIS2_PLACEMENT_3D('',#3419,#2795,#2796);
#2279=AXIS2_PLACEMENT_3D('',#3421,#2797,#2798);
#2280=AXIS2_PLACEMENT_3D('',#3423,#2799,#2800);
#2281=AXIS2_PLACEMENT_3D('',#3426,#2803,#2804);
#2282=AXIS2_PLACEMENT_3D('',#3428,#2806,#2807);
#2283=AXIS2_PLACEMENT_3D('',#3429,#2808,#2809);
#2284=AXIS2_PLACEMENT_3D('',#3431,#2811,#2812);
#2285=AXIS2_PLACEMENT_3D('',#3435,#2815,#2816);
#2286=AXIS2_PLACEMENT_3D('',#3439,#2819,#2820);
#2287=AXIS2_PLACEMENT_3D('',#3444,#2824,#2825);
#2288=AXIS2_PLACEMENT_3D('',#3446,#2827,#2828);
#2289=AXIS2_PLACEMENT_3D('',#3450,#2831,#2832);
#2290=AXIS2_PLACEMENT_3D('',#3452,#2834,#2835);
#2291=AXIS2_PLACEMENT_3D('',#3460,#2840,#2841);
#2292=AXIS2_PLACEMENT_3D('',#3463,#2842,#2843);
#2293=AXIS2_PLACEMENT_3D('',#3466,#2846,#2847);
#2294=AXIS2_PLACEMENT_3D('',#3470,#2850,#2851);
#2295=AXIS2_PLACEMENT_3D('',#3474,#2854,#2855);
#2296=AXIS2_PLACEMENT_3D('',#3485,#2861,#2862);
#2297=AXIS2_PLACEMENT_3D('',#3493,#2867,#2868);
#2298=AXIS2_PLACEMENT_3D('',#3494,#2869,#2870);
#2299=AXIS2_PLACEMENT_3D('',#3495,#2871,#2872);
#2300=AXIS2_PLACEMENT_3D('',#3496,#2873,#2874);
#2301=AXIS2_PLACEMENT_3D('',#3498,#2876,#2877);
#2302=AXIS2_PLACEMENT_3D('',#3506,#2882,#2883);
#2303=AXIS2_PLACEMENT_3D('',#3508,#2884,#2885);
#2304=AXIS2_PLACEMENT_3D('',#3511,#2887,#2888);
#2305=AXIS2_PLACEMENT_3D('',#3512,#2889,#2890);
#2306=AXIS2_PLACEMENT_3D('',#3517,#2894,#2895);
#2307=AXIS2_PLACEMENT_3D('',#3518,#2896,#2897);
#2308=AXIS2_PLACEMENT_3D('',#3524,#2901,#2902);
#2309=AXIS2_PLACEMENT_3D('',#3532,#2907,#2908);
#2310=AXIS2_PLACEMENT_3D('',#3533,#2909,#2910);
#2311=AXIS2_PLACEMENT_3D('',#3534,#2911,#2912);
#2312=AXIS2_PLACEMENT_3D('',#3536,#2914,#2915);
#2313=AXIS2_PLACEMENT_3D('',#3538,#2917,#2918);
#2314=AXIS2_PLACEMENT_3D('',#3540,#2920,#2921);
#2315=AXIS2_PLACEMENT_3D('',#3542,#2923,#2924);
#2316=AXIS2_PLACEMENT_3D('',#3544,#2926,#2927);
#2317=AXIS2_PLACEMENT_3D('',#3545,#2928,#2929);
#2318=DIRECTION('axis',(0.,0.,1.));
#2319=DIRECTION('refdir',(1.,0.,0.));
#2320=DIRECTION('center_axis',(1.83697019872103E-16,1.,-4.84424591516777E-20));
#2321=DIRECTION('ref_axis',(1.,-1.83697019872103E-16,-2.12967226794957E-18));
#2322=DIRECTION('',(1.,-1.83697019872103E-16,-2.12967226794957E-18));
#2323=DIRECTION('',(2.12967226794957E-18,4.84424591516773E-20,1.));
#2324=DIRECTION('',(1.,-1.83697019872103E-16,-2.12967226794957E-18));
#2325=DIRECTION('',(-2.12967226794957E-18,-4.84424591516773E-20,-1.));
#2326=DIRECTION('center_axis',(2.55995267108157E-16,-1.,4.84424591516768E-20));
#2327=DIRECTION('ref_axis',(-1.,-2.55995267108157E-16,2.12967226794957E-18));
#2328=DIRECTION('',(1.,2.55995267108157E-16,-2.12967226794957E-18));
#2329=DIRECTION('',(-2.12967226794957E-18,-4.84424591516773E-20,-1.));
#2330=DIRECTION('',(-1.,-2.55995267108157E-16,2.12967226794957E-18));
#2331=DIRECTION('',(-2.12967226794957E-18,-4.84424591516773E-20,-1.));
#2332=DIRECTION('center_axis',(2.12967226794957E-18,4.84424591516773E-20,
1.));
#2333=DIRECTION('ref_axis',(3.14429175220585E-15,1.,-4.8442459151684E-20));
#2334=DIRECTION('center_axis',(-2.12967226794957E-18,-4.84424591516773E-20,
-1.));
#2335=DIRECTION('ref_axis',(3.14429175220585E-15,1.,-4.8442459151684E-20));
#2336=DIRECTION('',(-2.12967226794957E-18,-4.84424591516773E-20,-1.));
#2337=DIRECTION('center_axis',(2.12967226794957E-18,4.84424591516773E-20,
1.));
#2338=DIRECTION('ref_axis',(3.14429175220585E-15,1.,-4.8442459151684E-20));
#2339=DIRECTION('center_axis',(-1.,1.83697019872103E-16,2.12967226794957E-18));
#2340=DIRECTION('ref_axis',(1.83697019872103E-16,1.,-4.84424591516777E-20));
#2341=DIRECTION('',(-1.83697019872103E-16,-1.,4.84424591516777E-20));
#2342=DIRECTION('',(-2.12967226794957E-18,-4.84424591516773E-20,-1.));
#2343=DIRECTION('',(1.83697019872103E-16,1.,-4.84424591516777E-20));
#2344=DIRECTION('center_axis',(2.12967226794957E-18,4.84424591516773E-20,
1.));
#2345=DIRECTION('ref_axis',(1.,2.03674902937822E-15,-2.12967226794957E-18));
#2346=DIRECTION('center_axis',(-2.12967226794957E-18,-4.84424591516773E-20,
-1.));
#2347=DIRECTION('ref_axis',(1.,2.03674902937822E-15,-2.12967226794957E-18));
#2348=DIRECTION('',(-2.12967226794957E-18,-4.84424591516773E-20,-1.));
#2349=DIRECTION('center_axis',(2.12967226794957E-18,4.84424591516773E-20,
1.));
#2350=DIRECTION('ref_axis',(1.,2.03674902937822E-15,-2.12967226794957E-18));
#2351=DIRECTION('center_axis',(1.83697019872103E-16,1.,-4.84424591516777E-20));
#2352=DIRECTION('ref_axis',(1.,-1.83697019872103E-16,-2.12967226794957E-18));
#2353=DIRECTION('',(1.,-1.83697019872103E-16,-2.12967226794957E-18));
#2354=DIRECTION('',(-2.12967226794957E-18,-4.84424591516773E-20,-1.));
#2355=DIRECTION('',(1.,-1.83697019872103E-16,-2.12967226794957E-18));
#2356=DIRECTION('center_axis',(2.12967226794957E-18,4.84424591516773E-20,
1.));
#2357=DIRECTION('ref_axis',(-1.83697019872103E-16,-1.,4.84424591516777E-20));
#2358=DIRECTION('center_axis',(-2.12967226794957E-18,-4.84424591516773E-20,
-1.));
#2359=DIRECTION('ref_axis',(-1.83697019872103E-16,-1.,4.84424591516777E-20));
#2360=DIRECTION('',(-2.12967226794957E-18,-4.84424591516773E-20,-1.));
#2361=DIRECTION('center_axis',(2.12967226794957E-18,4.84424591516773E-20,
1.));
#2362=DIRECTION('ref_axis',(-1.83697019872103E-16,-1.,4.84424591516777E-20));
#2363=DIRECTION('center_axis',(2.12967226794957E-18,4.84424591516773E-20,
1.));
#2364=DIRECTION('ref_axis',(-1.,7.63278329429795E-16,2.12967226794958E-18));
#2365=DIRECTION('center_axis',(-2.12967226794957E-18,-4.84424591516773E-20,
-1.));
#2366=DIRECTION('ref_axis',(0.733212591635733,-0.679999481960694,-1.52856167579001E-18));
#2367=DIRECTION('',(-2.12967226794957E-18,-4.84424591516773E-20,-1.));
#2368=DIRECTION('center_axis',(-2.12967226794957E-18,-4.84424591516773E-20,
-1.));
#2369=DIRECTION('ref_axis',(0.733212591635733,-0.679999481960694,-1.52856167579001E-18));
#2370=DIRECTION('center_axis',(2.12967226794957E-18,4.84424591516773E-20,
1.));
#2371=DIRECTION('ref_axis',(-0.733212591635744,0.679999481960682,1.52856167579004E-18));
#2372=DIRECTION('center_axis',(-2.12967226794957E-18,-4.84424591516773E-20,
-1.));
#2373=DIRECTION('ref_axis',(-0.733212591635744,0.679999481960682,1.52856167579004E-18));
#2374=DIRECTION('',(-2.12967226794957E-18,-4.84424591516773E-20,-1.));
#2375=DIRECTION('center_axis',(2.12967226794957E-18,4.84424591516773E-20,
1.));
#2376=DIRECTION('ref_axis',(-0.733212591635744,0.679999481960682,1.52856167579004E-18));
#2377=DIRECTION('center_axis',(-1.83697019872103E-16,-1.,4.84424591516777E-20));
#2378=DIRECTION('ref_axis',(-1.,1.83697019872103E-16,2.12967226794957E-18));
#2379=DIRECTION('',(1.,-1.83697019872103E-16,-2.12967226794957E-18));
#2380=DIRECTION('',(-2.12967226794957E-18,-4.84424591516773E-20,-1.));
#2381=DIRECTION('',(-1.,1.83697019872103E-16,2.12967226794957E-18));
#2382=DIRECTION('center_axis',(2.12967226794957E-18,4.84424591516773E-20,
1.));
#2383=DIRECTION('ref_axis',(1.83697019872103E-16,1.,-4.84424591516777E-20));
#2384=DIRECTION('center_axis',(-2.12967226794957E-18,-4.84424591516773E-20,
-1.));
#2385=DIRECTION('ref_axis',(1.83697019872103E-16,1.,-4.84424591516777E-20));
#2386=DIRECTION('',(-2.12967226794957E-18,-4.84424591516773E-20,-1.));
#2387=DIRECTION('center_axis',(2.12967226794957E-18,4.84424591516773E-20,
1.));
#2388=DIRECTION('ref_axis',(1.83697019872103E-16,1.,-4.84424591516777E-20));
#2389=DIRECTION('center_axis',(-1.,1.83697019872103E-16,2.12967226794957E-18));
#2390=DIRECTION('ref_axis',(1.83697019872103E-16,1.,-4.84424591516777E-20));
#2391=DIRECTION('',(-1.83697019872103E-16,-1.,4.84424591516777E-20));
#2392=DIRECTION('',(-2.12967226794957E-18,-4.84424591516773E-20,-1.));
#2393=DIRECTION('',(1.83697019872103E-16,1.,-4.84424591516777E-20));
#2394=DIRECTION('center_axis',(2.12967226794957E-18,4.84424591516773E-20,
1.));
#2395=DIRECTION('ref_axis',(1.,5.3674181032537E-15,-2.12967226794958E-18));
#2396=DIRECTION('center_axis',(-2.12967226794957E-18,-4.84424591516773E-20,
-1.));
#2397=DIRECTION('ref_axis',(1.,5.3674181032537E-15,-2.12967226794958E-18));
#2398=DIRECTION('',(-2.12967226794957E-18,-4.84424591516773E-20,-1.));
#2399=DIRECTION('center_axis',(2.12967226794957E-18,4.84424591516773E-20,
1.));
#2400=DIRECTION('ref_axis',(1.,5.3674181032537E-15,-2.12967226794958E-18));
#2401=DIRECTION('center_axis',(1.83697019872103E-16,1.,-4.84424591516777E-20));
#2402=DIRECTION('ref_axis',(1.,-1.83697019872103E-16,-2.12967226794957E-18));
#2403=DIRECTION('',(1.,-1.83697019872103E-16,-2.12967226794957E-18));
#2404=DIRECTION('',(-2.12967226794957E-18,-4.84424591516773E-20,-1.));
#2405=DIRECTION('',(1.,-1.83697019872103E-16,-2.12967226794957E-18));
#2406=DIRECTION('center_axis',(2.12967226794957E-18,4.84424591516773E-20,
1.));
#2407=DIRECTION('ref_axis',(-1.83697019872103E-16,-1.,4.84424591516777E-20));
#2408=DIRECTION('center_axis',(-2.12967226794957E-18,-4.84424591516773E-20,
-1.));
#2409=DIRECTION('ref_axis',(-1.83697019872103E-16,-1.,4.84424591516777E-20));
#2410=DIRECTION('',(-2.12967226794957E-18,-4.84424591516773E-20,-1.));
#2411=DIRECTION('center_axis',(2.12967226794957E-18,4.84424591516773E-20,
1.));
#2412=DIRECTION('ref_axis',(-1.83697019872103E-16,-1.,4.84424591516777E-20));
#2413=DIRECTION('center_axis',(2.12967226794957E-18,4.84424591516773E-20,
1.));
#2414=DIRECTION('ref_axis',(-1.,3.46944695195362E-16,2.12967226794958E-18));
#2415=DIRECTION('center_axis',(-2.12967226794957E-18,-4.84424591516773E-20,
-1.));
#2416=DIRECTION('ref_axis',(0.733212591635733,-0.679999481960694,-1.52856167579001E-18));
#2417=DIRECTION('',(-2.12967226794957E-18,-4.84424591516773E-20,-1.));
#2418=DIRECTION('center_axis',(-2.12967226794957E-18,-4.84424591516773E-20,
-1.));
#2419=DIRECTION('ref_axis',(0.733212591635733,-0.679999481960694,-1.52856167579001E-18));
#2420=DIRECTION('center_axis',(2.12967226794957E-18,4.84424591516773E-20,
1.));
#2421=DIRECTION('ref_axis',(-0.733212591635737,0.679999481960689,1.52856167579002E-18));
#2422=DIRECTION('center_axis',(-2.12967226794957E-18,-4.84424591516773E-20,
-1.));
#2423=DIRECTION('ref_axis',(-0.733212591635737,0.679999481960689,1.52856167579002E-18));
#2424=DIRECTION('',(-2.12967226794957E-18,-4.84424591516773E-20,-1.));
#2425=DIRECTION('center_axis',(2.12967226794957E-18,4.84424591516773E-20,
1.));
#2426=DIRECTION('ref_axis',(-0.733212591635737,0.679999481960689,1.52856167579002E-18));
#2427=DIRECTION('center_axis',(-1.83697019872103E-16,-1.,4.84424591516777E-20));
#2428=DIRECTION('ref_axis',(-1.,1.83697019872103E-16,2.12967226794957E-18));
#2429=DIRECTION('',(1.,-1.83697019872103E-16,-2.12967226794957E-18));
#2430=DIRECTION('',(-2.12967226794957E-18,-4.84424591516773E-20,-1.));
#2431=DIRECTION('',(-1.,1.83697019872103E-16,2.12967226794957E-18));
#2432=DIRECTION('center_axis',(2.12967226794957E-18,4.84424591516773E-20,
1.));
#2433=DIRECTION('ref_axis',(1.83697019872103E-16,1.,-4.84424591516777E-20));
#2434=DIRECTION('center_axis',(-2.12967226794957E-18,-4.84424591516773E-20,
-1.));
#2435=DIRECTION('ref_axis',(1.83697019872103E-16,1.,-4.84424591516777E-20));
#2436=DIRECTION('',(-2.12967226794957E-18,-4.84424591516773E-20,-1.));
#2437=DIRECTION('center_axis',(2.12967226794957E-18,4.84424591516773E-20,
1.));
#2438=DIRECTION('ref_axis',(1.83697019872103E-16,1.,-4.84424591516777E-20));
#2439=DIRECTION('center_axis',(-1.,1.83697019872103E-16,2.12967226794957E-18));
#2440=DIRECTION('ref_axis',(1.83697019872103E-16,1.,-4.84424591516777E-20));
#2441=DIRECTION('',(1.83697019872103E-16,1.,-4.84424591516777E-20));
#2442=DIRECTION('',(-2.12967226794957E-18,-4.84424591516773E-20,-1.));
#2443=DIRECTION('',(1.83697019872103E-16,1.,-4.84424591516777E-20));
#2444=DIRECTION('center_axis',(2.12967226794957E-18,4.84424591516773E-20,
1.));
#2445=DIRECTION('ref_axis',(1.,-9.23845702955539E-16,-2.12967226794958E-18));
#2446=DIRECTION('center_axis',(-2.12967226794957E-18,-4.84424591516773E-20,
-1.));
#2447=DIRECTION('ref_axis',(1.,-9.23845702955539E-16,-2.12967226794958E-18));
#2448=DIRECTION('center_axis',(2.12967226794957E-18,4.84424591516773E-20,
1.));
#2449=DIRECTION('ref_axis',(1.,-9.23845702955539E-16,-2.12967226794958E-18));
#2450=DIRECTION('center_axis',(-2.12967226794957E-18,-4.84424591516773E-20,
-1.));
#2451=DIRECTION('ref_axis',(1.,-1.83697019872103E-16,-2.12967226794957E-18));
#2452=DIRECTION('',(1.83697019872103E-16,1.,-4.84424591516777E-20));
#2453=DIRECTION('center_axis',(-2.12967226794957E-18,-4.84424591516773E-20,
-1.));
#2454=DIRECTION('ref_axis',(1.,-1.83697019872103E-16,-2.12967226794957E-18));
#2455=DIRECTION('',(-1.83697019872103E-16,-1.,4.84424591516777E-20));
#2456=DIRECTION('center_axis',(-1.83697019872103E-16,-1.,4.84424591516777E-20));
#2457=DIRECTION('ref_axis',(-1.,1.83697019872103E-16,2.12967226794957E-18));
#2458=DIRECTION('',(-1.,1.83697019872103E-16,2.12967226794957E-18));
#2459=DIRECTION('',(-2.12967226794957E-18,-4.84424591516773E-20,-1.));
#2460=DIRECTION('',(-1.,1.83697019872103E-16,2.12967226794957E-18));
#2461=DIRECTION('',(-2.12967226794957E-18,-4.84424591516773E-20,-1.));
#2462=DIRECTION('center_axis',(6.23389306852363E-16,1.,-4.84424591516787E-20));
#2463=DIRECTION('ref_axis',(1.,-6.23389306852363E-16,-2.12967226794957E-18));
#2464=DIRECTION('',(-1.,6.23389306852363E-16,2.12967226794957E-18));
#2465=DIRECTION('',(2.12967226794957E-18,4.84424591516773E-20,1.));
#2466=DIRECTION('',(1.,-6.23389306852363E-16,-2.12967226794957E-18));
#2467=DIRECTION('',(-2.12967226794957E-18,-4.84424591516773E-20,-1.));
#2468=DIRECTION('center_axis',(-2.12967226794957E-18,-4.84424591516773E-20,
-1.));
#2469=DIRECTION('ref_axis',(-2.77689771246165E-15,1.,-4.84424591516714E-20));
#2470=DIRECTION('center_axis',(2.12967226794957E-18,4.84424591516773E-20,
1.));
#2471=DIRECTION('ref_axis',(-2.77689771246165E-15,1.,-4.84424591516714E-20));
#2472=DIRECTION('center_axis',(-2.12967226794957E-18,-4.84424591516773E-20,
-1.));
#2473=DIRECTION('ref_axis',(-2.77689771246165E-15,1.,-4.84424591516714E-20));
#2474=DIRECTION('',(-2.12967226794957E-18,-4.84424591516773E-20,-1.));
#2475=DIRECTION('center_axis',(-1.,1.83697019872103E-16,2.12967226794957E-18));
#2476=DIRECTION('ref_axis',(1.83697019872103E-16,1.,-4.84424591516777E-20));
#2477=DIRECTION('',(-1.83697019872103E-16,-1.,4.84424591516777E-20));
#2478=DIRECTION('',(1.83697019872103E-16,1.,-4.84424591516777E-20));
#2479=DIRECTION('',(-2.12967226794957E-18,-4.84424591516773E-20,-1.));
#2480=DIRECTION('center_axis',(-2.12967226794957E-18,-4.84424591516773E-20,
-1.));
#2481=DIRECTION('ref_axis',(-1.,2.40414306912242E-15,2.12967226794957E-18));
#2482=DIRECTION('center_axis',(2.12967226794957E-18,4.84424591516773E-20,
1.));
#2483=DIRECTION('ref_axis',(-1.,2.40414306912242E-15,2.12967226794957E-18));
#2484=DIRECTION('center_axis',(-2.12967226794957E-18,-4.84424591516773E-20,
-1.));
#2485=DIRECTION('ref_axis',(-1.,2.40414306912242E-15,2.12967226794957E-18));
#2486=DIRECTION('',(-2.12967226794957E-18,-4.84424591516773E-20,-1.));
#2487=DIRECTION('center_axis',(-1.83697019872103E-16,-1.,4.84424591516777E-20));
#2488=DIRECTION('ref_axis',(-1.,1.83697019872103E-16,2.12967226794957E-18));
#2489=DIRECTION('',(-1.,1.83697019872103E-16,2.12967226794957E-18));
#2490=DIRECTION('',(-1.,1.83697019872103E-16,2.12967226794957E-18));
#2491=DIRECTION('',(-2.12967226794957E-18,-4.84424591516773E-20,-1.));
#2492=DIRECTION('center_axis',(-2.12967226794957E-18,-4.84424591516773E-20,
-1.));
#2493=DIRECTION('ref_axis',(-1.83697019872103E-16,-1.,4.84424591516777E-20));
#2494=DIRECTION('center_axis',(2.12967226794957E-18,4.84424591516773E-20,
1.));
#2495=DIRECTION('ref_axis',(-1.83697019872103E-16,-1.,4.84424591516777E-20));
#2496=DIRECTION('center_axis',(-2.12967226794957E-18,-4.84424591516773E-20,
-1.));
#2497=DIRECTION('ref_axis',(-1.83697019872103E-16,-1.,4.84424591516777E-20));
#2498=DIRECTION('',(-2.12967226794957E-18,-4.84424591516773E-20,-1.));
#2499=DIRECTION('center_axis',(-2.12967226794957E-18,-4.84424591516773E-20,
-1.));
#2500=DIRECTION('ref_axis',(1.,-6.24500451351651E-16,-2.12967226794957E-18));
#2501=DIRECTION('center_axis',(2.12967226794957E-18,4.84424591516773E-20,
1.));
#2502=DIRECTION('ref_axis',(-0.733212591635733,-0.679999481960694,1.5944433700461E-18));
#2503=DIRECTION('center_axis',(2.12967226794957E-18,4.84424591516773E-20,
1.));
#2504=DIRECTION('ref_axis',(-0.733212591635733,-0.679999481960694,1.5944433700461E-18));
#2505=DIRECTION('',(-2.12967226794957E-18,-4.84424591516773E-20,-1.));
#2506=DIRECTION('center_axis',(-2.12967226794957E-18,-4.84424591516773E-20,
-1.));
#2507=DIRECTION('ref_axis',(0.733212591635744,0.679999481960682,-1.59444337004612E-18));
#2508=DIRECTION('center_axis',(2.12967226794957E-18,4.84424591516773E-20,
1.));
#2509=DIRECTION('ref_axis',(0.733212591635744,0.679999481960682,-1.59444337004612E-18));
#2510=DIRECTION('center_axis',(-2.12967226794957E-18,-4.84424591516773E-20,
-1.));
#2511=DIRECTION('ref_axis',(0.733212591635744,0.679999481960682,-1.59444337004612E-18));
#2512=DIRECTION('',(-2.12967226794957E-18,-4.84424591516773E-20,-1.));
#2513=DIRECTION('center_axis',(1.83697019872103E-16,1.,-4.84424591516777E-20));
#2514=DIRECTION('ref_axis',(1.,-1.83697019872103E-16,-2.12967226794957E-18));
#2515=DIRECTION('',(-1.,1.83697019872103E-16,2.12967226794957E-18));
#2516=DIRECTION('',(1.,-1.83697019872103E-16,-2.12967226794957E-18));
#2517=DIRECTION('',(-2.12967226794957E-18,-4.84424591516773E-20,-1.));
#2518=DIRECTION('center_axis',(-2.12967226794957E-18,-4.84424591516773E-20,
-1.));
#2519=DIRECTION('ref_axis',(1.83697019872103E-16,1.,-4.84424591516777E-20));
#2520=DIRECTION('center_axis',(2.12967226794957E-18,4.84424591516773E-20,
1.));
#2521=DIRECTION('ref_axis',(1.83697019872103E-16,1.,-4.84424591516777E-20));
#2522=DIRECTION('center_axis',(-2.12967226794957E-18,-4.84424591516773E-20,
-1.));
#2523=DIRECTION('ref_axis',(1.83697019872103E-16,1.,-4.84424591516777E-20));
#2524=DIRECTION('',(-2.12967226794957E-18,-4.84424591516773E-20,-1.));
#2525=DIRECTION('center_axis',(-1.,1.83697019872103E-16,2.12967226794957E-18));
#2526=DIRECTION('ref_axis',(1.83697019872103E-16,1.,-4.84424591516777E-20));
#2527=DIRECTION('',(-1.83697019872103E-16,-1.,4.84424591516777E-20));
#2528=DIRECTION('',(1.83697019872103E-16,1.,-4.84424591516777E-20));
#2529=DIRECTION('',(-2.12967226794957E-18,-4.84424591516773E-20,-1.));
#2530=DIRECTION('center_axis',(-2.12967226794957E-18,-4.84424591516773E-20,
-1.));
#2531=DIRECTION('ref_axis',(-1.,5.73481214299791E-15,2.12967226794957E-18));
#2532=DIRECTION('center_axis',(2.12967226794957E-18,4.84424591516773E-20,
1.));
#2533=DIRECTION('ref_axis',(-1.,5.73481214299791E-15,2.12967226794957E-18));
#2534=DIRECTION('center_axis',(-2.12967226794957E-18,-4.84424591516773E-20,
-1.));
#2535=DIRECTION('ref_axis',(-1.,5.73481214299791E-15,2.12967226794957E-18));
#2536=DIRECTION('',(-2.12967226794957E-18,-4.84424591516773E-20,-1.));
#2537=DIRECTION('center_axis',(-1.83697019872103E-16,-1.,4.84424591516777E-20));
#2538=DIRECTION('ref_axis',(-1.,1.83697019872103E-16,2.12967226794957E-18));
#2539=DIRECTION('',(-1.,1.83697019872103E-16,2.12967226794957E-18));
#2540=DIRECTION('',(-1.,1.83697019872103E-16,2.12967226794957E-18));
#2541=DIRECTION('',(-2.12967226794957E-18,-4.84424591516773E-20,-1.));
#2542=DIRECTION('center_axis',(-2.12967226794957E-18,-4.84424591516773E-20,
-1.));
#2543=DIRECTION('ref_axis',(-1.83697019872103E-16,-1.,4.84424591516777E-20));
#2544=DIRECTION('center_axis',(2.12967226794957E-18,4.84424591516773E-20,
1.));
#2545=DIRECTION('ref_axis',(-1.83697019872103E-16,-1.,4.84424591516777E-20));
#2546=DIRECTION('center_axis',(-2.12967226794957E-18,-4.84424591516773E-20,
-1.));
#2547=DIRECTION('ref_axis',(-1.83697019872103E-16,-1.,4.84424591516777E-20));
#2548=DIRECTION('',(-2.12967226794957E-18,-4.84424591516773E-20,-1.));
#2549=DIRECTION('center_axis',(-2.12967226794957E-18,-4.84424591516773E-20,
-1.));
#2550=DIRECTION('ref_axis',(1.,-5.55111512312579E-16,-2.12967226794957E-18));
#2551=DIRECTION('center_axis',(2.12967226794957E-18,4.84424591516773E-20,
1.));
#2552=DIRECTION('ref_axis',(-0.733212591635733,-0.679999481960693,1.5944433700461E-18));
#2553=DIRECTION('center_axis',(2.12967226794957E-18,4.84424591516773E-20,
1.));
#2554=DIRECTION('ref_axis',(-0.733212591635733,-0.679999481960693,1.5944433700461E-18));
#2555=DIRECTION('',(-2.12967226794957E-18,-4.84424591516773E-20,-1.));
#2556=DIRECTION('center_axis',(-2.12967226794957E-18,-4.84424591516773E-20,
-1.));
#2557=DIRECTION('ref_axis',(0.733212591635737,0.679999481960689,-1.59444337004611E-18));
#2558=DIRECTION('center_axis',(2.12967226794957E-18,4.84424591516773E-20,
1.));
#2559=DIRECTION('ref_axis',(0.733212591635737,0.679999481960689,-1.59444337004611E-18));
#2560=DIRECTION('center_axis',(-2.12967226794957E-18,-4.84424591516773E-20,
-1.));
#2561=DIRECTION('ref_axis',(0.733212591635737,0.679999481960689,-1.59444337004611E-18));
#2562=DIRECTION('',(-2.12967226794957E-18,-4.84424591516773E-20,-1.));
#2563=DIRECTION('center_axis',(1.83697019872103E-16,1.,-4.84424591516777E-20));
#2564=DIRECTION('ref_axis',(1.,-1.83697019872103E-16,-2.12967226794957E-18));
#2565=DIRECTION('',(-1.,1.83697019872103E-16,2.12967226794957E-18));
#2566=DIRECTION('',(1.,-1.83697019872103E-16,-2.12967226794957E-18));
#2567=DIRECTION('',(-2.12967226794957E-18,-4.84424591516773E-20,-1.));
#2568=DIRECTION('center_axis',(-2.12967226794957E-18,-4.84424591516773E-20,
-1.));
#2569=DIRECTION('ref_axis',(1.83697019872103E-16,1.,-4.84424591516777E-20));
#2570=DIRECTION('center_axis',(2.12967226794957E-18,4.84424591516773E-20,
1.));
#2571=DIRECTION('ref_axis',(1.83697019872103E-16,1.,-4.84424591516777E-20));
#2572=DIRECTION('center_axis',(-2.12967226794957E-18,-4.84424591516773E-20,
-1.));
#2573=DIRECTION('ref_axis',(1.83697019872103E-16,1.,-4.84424591516777E-20));
#2574=DIRECTION('',(-2.12967226794957E-18,-4.84424591516773E-20,-1.));
#2575=DIRECTION('center_axis',(-1.,1.83697019872103E-16,2.12967226794957E-18));
#2576=DIRECTION('ref_axis',(1.83697019872103E-16,1.,-4.84424591516777E-20));
#2577=DIRECTION('',(1.83697019872103E-16,1.,-4.84424591516777E-20));
#2578=DIRECTION('',(1.83697019872103E-16,1.,-4.84424591516777E-20));
#2579=DIRECTION('',(-2.12967226794957E-18,-4.84424591516773E-20,-1.));
#2580=DIRECTION('center_axis',(-2.12967226794957E-18,-4.84424591516773E-20,
-1.));
#2581=DIRECTION('ref_axis',(-1.,-5.56451663211333E-16,2.12967226794958E-18));
#2582=DIRECTION('center_axis',(2.12967226794957E-18,4.84424591516773E-20,
1.));
#2583=DIRECTION('ref_axis',(-1.,-5.56451663211333E-16,2.12967226794958E-18));
#2584=DIRECTION('center_axis',(-2.12967226794957E-18,-4.84424591516773E-20,
-1.));
#2585=DIRECTION('ref_axis',(-1.,-5.56451663211333E-16,2.12967226794958E-18));
#2586=DIRECTION('center_axis',(2.12967226794957E-18,4.84424591516773E-20,
1.));
#2587=DIRECTION('ref_axis',(-1.,1.83697019872103E-16,2.12967226794957E-18));
#2588=DIRECTION('',(-4.05741624797134E-16,-1.,4.84424591516782E-20));
#2589=DIRECTION('center_axis',(2.12967226794957E-18,4.84424591516773E-20,
1.));
#2590=DIRECTION('ref_axis',(-1.,1.83697019872103E-16,2.12967226794957E-18));
#2591=DIRECTION('',(4.05741624797134E-16,1.,-4.84424591516782E-20));
#2592=DIRECTION('center_axis',(2.12967226794957E-18,4.84424591516773E-20,
1.));
#2593=DIRECTION('ref_axis',(-0.707106781186547,-0.707106781186549,1.54015969373558E-18));
#2594=DIRECTION('center_axis',(-2.12967226794957E-18,-4.84424591516773E-20,
-1.));
#2595=DIRECTION('ref_axis',(-0.707106781186547,-0.707106781186549,1.54015969373558E-18));
#2596=DIRECTION('',(-2.12967226794957E-18,-4.84424591516773E-20,-1.));
#2597=DIRECTION('center_axis',(2.12967226794957E-18,4.84424591516773E-20,
1.));
#2598=DIRECTION('ref_axis',(-0.707106781186547,-0.707106781186549,1.54015969373558E-18));
#2599=DIRECTION('',(2.12967226794957E-18,4.84424591516773E-20,1.));
#2600=DIRECTION('center_axis',(-2.12967226794957E-18,-4.84424591516773E-20,
-1.));
#2601=DIRECTION('ref_axis',(1.,-1.83697019872103E-16,-2.12967226794957E-18));
#2602=DIRECTION('',(-4.05741624797134E-16,-1.,4.84424591516782E-20));
#2603=DIRECTION('',(-1.,1.83697019872103E-16,2.12967226794957E-18));
#2604=DIRECTION('center_axis',(2.12967226794957E-18,4.84424591516773E-20,
1.));
#2605=DIRECTION('ref_axis',(1.83697019872103E-16,1.,-4.84424591516777E-20));
#2606=DIRECTION('',(1.83697019872103E-16,1.,-4.84424591516777E-20));
#2607=DIRECTION('',(1.,-1.83697019872103E-16,-2.12967226794957E-18));
#2608=DIRECTION('center_axis',(-1.,4.05741624797134E-16,2.12967226794957E-18));
#2609=DIRECTION('ref_axis',(-4.05741624797134E-16,-1.,4.84424591516782E-20));
#2610=DIRECTION('',(4.05741624797134E-16,1.,-4.84424591516782E-20));
#2611=DIRECTION('',(2.12967226794957E-18,4.84424591516773E-20,1.));
#2612=DIRECTION('',(-4.05741624797134E-16,-1.,4.84424591516782E-20));
#2613=DIRECTION('',(-2.12967226794957E-18,-4.84424591516773E-20,-1.));
#2614=DIRECTION('',(4.05741624797134E-16,1.,-4.84424591516782E-20));
#2615=DIRECTION('',(2.12967226794957E-18,4.84424591516773E-20,1.));
#2616=DIRECTION('center_axis',(-2.12967226794957E-18,-4.84424591516773E-20,
-1.));
#2617=DIRECTION('ref_axis',(-0.707106781186549,0.707106781186546,1.47165171100858E-18));
#2618=DIRECTION('center_axis',(2.12967226794957E-18,4.84424591516773E-20,
1.));
#2619=DIRECTION('ref_axis',(-0.707106781186549,0.707106781186546,1.47165171100858E-18));
#2620=DIRECTION('center_axis',(-2.12967226794957E-18,-4.84424591516773E-20,
-1.));
#2621=DIRECTION('ref_axis',(-0.707106781186549,0.707106781186546,1.47165171100858E-18));
#2622=DIRECTION('',(-2.12967226794957E-18,-4.84424591516773E-20,-1.));
#2623=DIRECTION('center_axis',(-2.12967226794957E-18,-4.84424591516773E-20,
-1.));
#2624=DIRECTION('ref_axis',(1.,-1.83697019872103E-16,-2.12967226794957E-18));
#2625=DIRECTION('',(-1.,1.83697019872103E-16,2.12967226794957E-18));
#2626=DIRECTION('',(1.83697019872103E-16,1.,-4.84424591516777E-20));
#2627=DIRECTION('center_axis',(2.12967226794957E-18,4.84424591516773E-20,
1.));
#2628=DIRECTION('ref_axis',(1.,-1.83697019872103E-16,-2.12967226794957E-18));
#2629=DIRECTION('',(1.,-1.83697019872103E-16,-2.12967226794957E-18));
#2630=DIRECTION('center_axis',(2.12967226794957E-18,4.84424591516773E-20,
1.));
#2631=DIRECTION('ref_axis',(0.707106781186545,-0.70710678118655,-1.47165171100857E-18));
#2632=DIRECTION('center_axis',(-2.12967226794957E-18,-4.84424591516773E-20,
-1.));
#2633=DIRECTION('ref_axis',(0.707106781186545,-0.70710678118655,-1.47165171100857E-18));
#2634=DIRECTION('',(-2.12967226794957E-18,-4.84424591516773E-20,-1.));
#2635=DIRECTION('center_axis',(2.12967226794957E-18,4.84424591516773E-20,
1.));
#2636=DIRECTION('ref_axis',(0.707106781186545,-0.70710678118655,-1.47165171100857E-18));
#2637=DIRECTION('',(2.12967226794957E-18,4.84424591516773E-20,1.));
#2638=DIRECTION('center_axis',(-2.12967226794957E-18,-4.84424591516773E-20,
-1.));
#2639=DIRECTION('ref_axis',(-1.83697019872103E-16,-1.,4.84424591516777E-20));
#2640=DIRECTION('',(-1.,1.83697019872103E-16,2.12967226794957E-18));
#2641=DIRECTION('',(-1.83697019872103E-16,-1.,4.84424591516777E-20));
#2642=DIRECTION('center_axis',(-2.12967226794957E-18,-4.84424591516773E-20,
-1.));
#2643=DIRECTION('ref_axis',(0.70710678118655,0.707106781186545,-1.54015969373559E-18));
#2644=DIRECTION('',(1.,-1.83697019872103E-16,-2.12967226794957E-18));
#2645=DIRECTION('',(-1.83697019872103E-16,-1.,4.84424591516777E-20));
#2646=DIRECTION('',(-1.,2.3934729679567E-16,2.12967226794957E-18));
#2647=DIRECTION('',(6.98279917054202E-17,1.,-4.84424591516775E-20));
#2648=DIRECTION('',(1.,-1.83697019872103E-16,-2.12967226794957E-18));
#2649=DIRECTION('center_axis',(1.,-1.83697019872103E-16,-2.12967226794957E-18));
#2650=DIRECTION('ref_axis',(1.83697019872103E-16,1.,-4.84424591516777E-20));
#2651=DIRECTION('',(1.83697019872103E-16,1.,-4.84424591516777E-20));
#2652=DIRECTION('',(-2.12967226794957E-18,-4.84424591516773E-20,-1.));
#2653=DIRECTION('',(-1.83697019872103E-16,-1.,4.84424591516777E-20));
#2654=DIRECTION('',(2.12967226794957E-18,4.84424591516773E-20,1.));
#2655=DIRECTION('',(1.83697019872103E-16,1.,-4.84424591516777E-20));
#2656=DIRECTION('',(-2.12967226794957E-18,-4.84424591516773E-20,-1.));
#2657=DIRECTION('center_axis',(2.12967226794957E-18,4.84424591516773E-20,
1.));
#2658=DIRECTION('ref_axis',(0.70710678118655,0.707106781186545,-1.54015969373559E-18));
#2659=DIRECTION('center_axis',(2.12967226794957E-18,4.84424591516773E-20,
1.));
#2660=DIRECTION('ref_axis',(0.70710678118655,0.707106781186545,-1.54015969373559E-18));
#2661=DIRECTION('',(2.12967226794957E-18,4.84424591516773E-20,1.));
#2662=DIRECTION('center_axis',(-2.8943254602688E-16,-1.,4.8442459151678E-20));
#2663=DIRECTION('ref_axis',(1.,-2.8943254602688E-16,-2.12967226794957E-18));
#2664=DIRECTION('',(-1.,2.8943254602688E-16,2.12967226794957E-18));
#2665=DIRECTION('',(2.12967226794957E-18,4.84424591516773E-20,1.));
#2666=DIRECTION('',(1.,-2.8943254602688E-16,-2.12967226794957E-18));
#2667=DIRECTION('',(2.12967226794957E-18,4.84424591516773E-20,1.));
#2668=DIRECTION('center_axis',(1.,-1.83697019872103E-16,-2.12967226794957E-18));
#2669=DIRECTION('ref_axis',(1.83697019872103E-16,1.,-4.84424591516777E-20));
#2670=DIRECTION('',(-1.83697019872103E-16,-1.,4.84424591516777E-20));
#2671=DIRECTION('',(1.83697019872103E-16,1.,-4.84424591516777E-20));
#2672=DIRECTION('',(2.12967226794957E-18,4.84424591516773E-20,1.));
#2673=DIRECTION('center_axis',(3.95168072181657E-16,1.,-4.84424591516782E-20));
#2674=DIRECTION('ref_axis',(-1.,3.95168072181657E-16,2.12967226794957E-18));
#2675=DIRECTION('',(1.,-3.95168072181657E-16,-2.12967226794957E-18));
#2676=DIRECTION('',(-1.,3.95168072181657E-16,2.12967226794957E-18));
#2677=DIRECTION('',(2.12967226794957E-18,4.84424591516773E-20,1.));
#2678=DIRECTION('center_axis',(-1.,1.14122124135744E-16,2.12967226794957E-18));
#2679=DIRECTION('ref_axis',(-1.14122124135744E-16,-1.,4.84424591516776E-20));
#2680=DIRECTION('',(1.14122124135744E-16,1.,-4.84424591516776E-20));
#2681=DIRECTION('',(-1.14122124135744E-16,-1.,4.84424591516776E-20));
#2682=DIRECTION('center_axis',(1.,-1.83697019872103E-16,-2.12967226794957E-18));
#2683=DIRECTION('ref_axis',(1.83697019872103E-16,1.,-4.84424591516777E-20));
#2684=DIRECTION('',(-1.83697019872103E-16,-1.,4.84424591516777E-20));
#2685=DIRECTION('',(2.12967226794957E-18,4.84424591516773E-20,1.));
#2686=DIRECTION('',(1.83697019872103E-16,1.,-4.84424591516777E-20));
#2687=DIRECTION('',(2.12967226794957E-18,4.84424591516773E-20,1.));
#2688=DIRECTION('center_axis',(2.72514861842116E-16,1.,-4.84424591516779E-20));
#2689=DIRECTION('ref_axis',(-1.,2.72514861842116E-16,2.12967226794957E-18));
#2690=DIRECTION('',(1.,-2.72514861842116E-16,-2.12967226794957E-18));
#2691=DIRECTION('',(2.12967226794957E-18,4.84424591516773E-20,1.));
#2692=DIRECTION('',(-1.,2.72514861842116E-16,2.12967226794957E-18));
#2693=DIRECTION('',(2.12967226794957E-18,4.84424591516773E-20,1.));
#2694=DIRECTION('center_axis',(1.,-1.83697019872103E-16,-2.12967226794957E-18));
#2695=DIRECTION('ref_axis',(1.83697019872103E-16,1.,-4.84424591516777E-20));
#2696=DIRECTION('',(-1.83697019872103E-16,-1.,4.84424591516777E-20));
#2697=DIRECTION('',(1.83697019872103E-16,1.,-4.84424591516777E-20));
#2698=DIRECTION('',(2.12967226794957E-18,4.84424591516773E-20,1.));
#2699=DIRECTION('center_axis',(2.12967226794957E-18,4.84424591516773E-20,
1.));
#2700=DIRECTION('ref_axis',(-1.83697019872103E-16,-1.,4.84424591516777E-20));
#2701=DIRECTION('center_axis',(-2.12967226794957E-18,-4.84424591516773E-20,
-1.));
#2702=DIRECTION('ref_axis',(-1.83697019872103E-16,-1.,4.84424591516777E-20));
#2703=DIRECTION('center_axis',(2.12967226794957E-18,4.84424591516773E-20,
1.));
#2704=DIRECTION('ref_axis',(-1.83697019872103E-16,-1.,4.84424591516777E-20));
#2705=DIRECTION('center_axis',(2.12967226794957E-18,4.84424591516773E-20,
1.));
#2706=DIRECTION('ref_axis',(-1.,1.83697019872103E-16,2.12967226794957E-18));
#2707=DIRECTION('',(-0.00269227952929295,-0.999996375808901,5.41759566380516E-20));
#2708=DIRECTION('center_axis',(2.12967226794957E-18,4.84424591516773E-20,
1.));
#2709=DIRECTION('ref_axis',(0.00269227952929335,0.999996375808901,-5.41759566380525E-20));
#2710=DIRECTION('',(-1.83697019872103E-16,-1.,4.84424591516777E-20));
#2711=DIRECTION('',(1.,-1.83697019872103E-16,-2.12967226794957E-18));
#2712=DIRECTION('center_axis',(2.12967226794957E-18,4.84424591516773E-20,
1.));
#2713=DIRECTION('ref_axis',(-1.,1.83697019872103E-16,2.12967226794957E-18));
#2714=DIRECTION('',(1.,-2.37748773748693E-16,-2.12967226794957E-18));
#2715=DIRECTION('center_axis',(2.12967226794957E-18,4.84424591516773E-20,
1.));
#2716=DIRECTION('ref_axis',(-0.435999978601933,-0.899946675453115,9.7213269331947E-19));
#2717=DIRECTION('',(6.98279917054202E-17,1.,-4.84424591516775E-20));
#2718=DIRECTION('center_axis',(2.12967226794957E-18,4.84424591516773E-20,
1.));
#2719=DIRECTION('ref_axis',(-0.435999978601933,-0.899946675453115,9.7213269331947E-19));
#2720=DIRECTION('',(-2.3920817068977E-16,-1.,4.84424591516779E-20));
#2721=DIRECTION('',(-0.999996375808901,0.00269227952929324,2.12953412896917E-18));
#2722=DIRECTION('center_axis',(-2.12967226794957E-18,-4.84424591516773E-20,
-1.));
#2723=DIRECTION('ref_axis',(-1.,1.83697019872103E-16,2.12967226794957E-18));
#2724=DIRECTION('center_axis',(2.12967226794957E-18,4.84424591516773E-20,
1.));
#2725=DIRECTION('ref_axis',(-1.,1.83697019872103E-16,2.12967226794957E-18));
#2726=DIRECTION('',(-0.999996375808901,0.00269227952929324,2.12953412896917E-18));
#2727=DIRECTION('',(-0.00269227952929332,-0.999996375808901,5.41759566380524E-20));
#2728=DIRECTION('center_axis',(2.12967226794957E-18,4.84424591516773E-20,
1.));
#2729=DIRECTION('ref_axis',(-1.,1.83697019872103E-16,2.12967226794957E-18));
#2730=DIRECTION('center_axis',(2.12967226794957E-18,4.84424591516773E-20,
1.));
#2731=DIRECTION('ref_axis',(-1.,1.83697019872103E-16,2.12967226794957E-18));
#2732=DIRECTION('center_axis',(2.12967226794957E-18,4.84424591516773E-20,
1.));
#2733=DIRECTION('ref_axis',(-1.,1.83697019872103E-16,2.12967226794957E-18));
#2734=DIRECTION('',(-2.12967226794957E-18,-4.84424591516773E-20,-1.));
#2735=DIRECTION('center_axis',(-2.12967226794957E-18,-4.84424591516773E-20,
-1.));
#2736=DIRECTION('ref_axis',(-1.,1.83697019872103E-16,2.12967226794957E-18));
#2737=DIRECTION('center_axis',(2.12967226794957E-18,4.84424591516773E-20,
1.));
#2738=DIRECTION('ref_axis',(-1.,1.83697019872103E-16,2.12967226794957E-18));
#2739=DIRECTION('center_axis',(2.12967226794957E-18,4.84424591516773E-20,
1.));
#2740=DIRECTION('ref_axis',(-1.,1.83697019872103E-16,2.12967226794957E-18));
#2741=DIRECTION('center_axis',(2.12967226794957E-18,4.84424591516773E-20,
1.));
#2742=DIRECTION('ref_axis',(-1.,1.83697019872103E-16,2.12967226794957E-18));
#2743=DIRECTION('',(-2.12967226794957E-18,-4.84424591516773E-20,-1.));
#2744=DIRECTION('center_axis',(-2.12967226794957E-18,-4.84424591516773E-20,
-1.));
#2745=DIRECTION('ref_axis',(-1.,1.83697019872103E-16,2.12967226794957E-18));
#2746=DIRECTION('center_axis',(2.12967226794957E-18,4.84424591516773E-20,
1.));
#2747=DIRECTION('ref_axis',(-1.,1.83697019872103E-16,2.12967226794957E-18));
#2748=DIRECTION('center_axis',(2.12967226794957E-18,4.84424591516773E-20,
1.));
#2749=DIRECTION('ref_axis',(-1.,1.83697019872103E-16,2.12967226794957E-18));
#2750=DIRECTION('center_axis',(2.12967226794957E-18,4.84424591516773E-20,
1.));
#2751=DIRECTION('ref_axis',(-1.,1.83697019872103E-16,2.12967226794957E-18));
#2752=DIRECTION('',(-2.12967226794957E-18,-4.84424591516773E-20,-1.));
#2753=DIRECTION('center_axis',(2.12967226794957E-18,4.84424591516773E-20,
1.));
#2754=DIRECTION('ref_axis',(-1.,1.83697019872103E-16,2.12967226794957E-18));
#2755=DIRECTION('center_axis',(2.12967226794957E-18,4.84424591516773E-20,
1.));
#2756=DIRECTION('ref_axis',(-1.,1.83697019872103E-16,2.12967226794957E-18));
#2757=DIRECTION('',(1.,-1.83697019872103E-16,-2.12967226794957E-18));
#2758=DIRECTION('center_axis',(2.12967226794957E-18,4.84424591516773E-20,
1.));
#2759=DIRECTION('ref_axis',(-0.435999978601933,-0.899946675453115,9.7213269331947E-19));
#2760=DIRECTION('center_axis',(-1.,1.83697019872103E-16,2.12967226794957E-18));
#2761=DIRECTION('ref_axis',(-1.83697019872103E-16,-1.,4.84424591516777E-20));
#2762=DIRECTION('',(1.83697019872103E-16,1.,-4.84424591516777E-20));
#2763=DIRECTION('',(2.12967226794957E-18,4.84424591516773E-20,1.));
#2764=DIRECTION('',(2.12967226794957E-18,4.84424591516773E-20,1.));
#2765=DIRECTION('',(1.83697019872103E-16,1.,-4.84424591516777E-20));
#2766=DIRECTION('',(2.12967226794957E-18,4.84424591516773E-20,1.));
#2767=DIRECTION('center_axis',(2.12967226794957E-18,4.84424591516773E-20,
1.));
#2768=DIRECTION('ref_axis',(-0.999999093951815,0.00134614098431765,2.12960512798424E-18));
#2769=DIRECTION('center_axis',(-2.12967226794957E-18,-4.84424591516773E-20,
-1.));
#2770=DIRECTION('ref_axis',(0.00269227952929335,0.999996375808901,-5.41759566380524E-20));
#2771=DIRECTION('center_axis',(2.12967226794957E-18,4.84424591516773E-20,
1.));
#2772=DIRECTION('ref_axis',(0.00269227952929335,0.999996375808901,-5.41759566380524E-20));
#2773=DIRECTION('',(2.12967226794957E-18,4.84424591516773E-20,1.));
#2774=DIRECTION('center_axis',(-0.999996375808901,0.00269227952929332,2.12953412896917E-18));
#2775=DIRECTION('ref_axis',(-0.00269227952929332,-0.999996375808901,5.41759566380524E-20));
#2776=DIRECTION('',(0.00269227952929332,0.999996375808901,-5.41759566380524E-20));
#2777=DIRECTION('',(2.12967226794957E-18,4.84424591516773E-20,1.));
#2778=DIRECTION('center_axis',(0.00269227952929324,0.999996375808901,-5.41759566380522E-20));
#2779=DIRECTION('ref_axis',(-0.999996375808901,0.00269227952929324,2.12953412896917E-18));
#2780=DIRECTION('',(0.999996375808901,-0.00269227952929324,-2.12953412896917E-18));
#2781=DIRECTION('',(2.12967226794957E-18,4.84424591516773E-20,1.));
#2782=DIRECTION('center_axis',(-1.,2.3920817068977E-16,2.12967226794957E-18));
#2783=DIRECTION('ref_axis',(-2.3920817068977E-16,-1.,4.84424591516779E-20));
#2784=DIRECTION('',(2.3920817068977E-16,1.,-4.84424591516779E-20));
#2785=DIRECTION('',(2.12967226794957E-18,4.84424591516773E-20,1.));
#2786=DIRECTION('center_axis',(2.12967226794957E-18,4.84424591516773E-20,
1.));
#2787=DIRECTION('ref_axis',(0.390379150762314,0.920654179727705,-8.75978403858488E-19));
#2788=DIRECTION('center_axis',(-2.12967226794957E-18,-4.84424591516773E-20,
-1.));
#2789=DIRECTION('ref_axis',(-0.435999978601933,-0.899946675453115,9.7213269331947E-19));
#2790=DIRECTION('center_axis',(2.12967226794957E-18,4.84424591516773E-20,
1.));
#2791=DIRECTION('ref_axis',(-0.435999978601933,-0.899946675453115,9.7213269331947E-19));
#2792=DIRECTION('center_axis',(-2.12967226794957E-18,-4.84424591516773E-20,
-1.));
#2793=DIRECTION('ref_axis',(-0.435999978601933,-0.899946675453115,9.7213269331947E-19));
#2794=DIRECTION('',(2.12967226794957E-18,4.84424591516773E-20,1.));
#2795=DIRECTION('center_axis',(2.12967226794957E-18,4.84424591516773E-20,
1.));
#2796=DIRECTION('ref_axis',(-0.435999978601933,-0.899946675453115,9.7213269331947E-19));
#2797=DIRECTION('center_axis',(-2.12967226794957E-18,-4.84424591516773E-20,
-1.));
#2798=DIRECTION('ref_axis',(-0.435999978601933,-0.899946675453115,9.7213269331947E-19));
#2799=DIRECTION('center_axis',(-2.12967226794957E-18,-4.84424591516773E-20,
-1.));
#2800=DIRECTION('ref_axis',(-0.435999978601933,-0.899946675453115,9.7213269331947E-19));
#2801=DIRECTION('',(2.12967226794957E-18,4.84424591516773E-20,1.));
#2802=DIRECTION('',(2.12967226794957E-18,4.84424591516773E-20,1.));
#2803=DIRECTION('center_axis',(-2.37748773748693E-16,-1.,4.84424591516779E-20));
#2804=DIRECTION('ref_axis',(1.,-2.37748773748693E-16,-2.12967226794957E-18));
#2805=DIRECTION('',(-1.,2.37748773748693E-16,2.12967226794957E-18));
#2806=DIRECTION('center_axis',(2.12967226794957E-18,4.84424591516773E-20,
1.));
#2807=DIRECTION('ref_axis',(-1.,1.83697019872103E-16,2.12967226794957E-18));
#2808=DIRECTION('center_axis',(2.12967226794957E-18,4.84424591516773E-20,
1.));
#2809=DIRECTION('ref_axis',(-1.,1.83697019872103E-16,2.12967226794957E-18));
#2810=DIRECTION('',(-1.,2.3934729679567E-16,2.12967226794957E-18));
#2811=DIRECTION('center_axis',(2.12967226794957E-18,4.84424591516773E-20,
1.));
#2812=DIRECTION('ref_axis',(1.83697019872103E-16,1.,-4.84424591516777E-20));
#2813=DIRECTION('',(1.,-1.83697019872103E-16,-2.12967226794957E-18));
#2814=DIRECTION('',(6.98279917054202E-17,1.,-4.84424591516775E-20));
#2815=DIRECTION('center_axis',(2.12967226794957E-18,4.84424591516773E-20,
1.));
#2816=DIRECTION('ref_axis',(1.83697019872103E-16,1.,-4.84424591516777E-20));
#2817=DIRECTION('',(6.98279917054202E-17,1.,-4.84424591516775E-20));
#2818=DIRECTION('',(-1.,2.3934729679567E-16,2.12967226794957E-18));
#2819=DIRECTION('center_axis',(-2.3934729679567E-16,-1.,4.84424591516779E-20));
#2820=DIRECTION('ref_axis',(-1.,2.3934729679567E-16,2.12967226794957E-18));
#2821=DIRECTION('',(-2.12967226794957E-18,-4.84424591516773E-20,-1.));
#2822=DIRECTION('',(-2.12967226794957E-18,-4.84424591516773E-20,-1.));
#2823=DIRECTION('',(-1.,2.3934729679567E-16,2.12967226794957E-18));
#2824=DIRECTION('center_axis',(-1.,6.98279917054202E-17,2.12967226794957E-18));
#2825=DIRECTION('ref_axis',(6.98279917054202E-17,1.,-4.84424591516775E-20));
#2826=DIRECTION('',(-2.12967226794957E-18,-4.84424591516773E-20,-1.));
#2827=DIRECTION('center_axis',(1.83697019872103E-16,1.,-4.84424591516777E-20));
#2828=DIRECTION('ref_axis',(1.,-1.83697019872103E-16,-2.12967226794957E-18));
#2829=DIRECTION('',(1.,-1.83697019872103E-16,-2.12967226794957E-18));
#2830=DIRECTION('',(-2.12967226794957E-18,-4.84424591516773E-20,-1.));
#2831=DIRECTION('center_axis',(1.,-1.83697019872103E-16,-2.12967226794957E-18));
#2832=DIRECTION('ref_axis',(-1.83697019872103E-16,-1.,4.84424591516777E-20));
#2833=DIRECTION('',(-1.83697019872103E-16,-1.,4.84424591516777E-20));
#2834=DIRECTION('center_axis',(-1.83697019872103E-16,-1.,4.84424591516777E-20));
#2835=DIRECTION('ref_axis',(1.,-1.83697019872103E-16,-2.12967226794957E-18));
#2836=DIRECTION('',(-2.12967226794957E-18,-4.84424591516773E-20,-1.));
#2837=DIRECTION('',(-1.,1.83697019872103E-16,2.12967226794957E-18));
#2838=DIRECTION('',(2.12967226794957E-18,4.84424591516773E-20,1.));
#2839=DIRECTION('',(1.,-1.83697019872103E-16,-2.12967226794957E-18));
#2840=DIRECTION('center_axis',(2.12967226794957E-18,4.84424591516773E-20,
1.));
#2841=DIRECTION('ref_axis',(1.83697019872103E-16,1.,-4.84424591516777E-20));
#2842=DIRECTION('center_axis',(2.12967226794957E-18,4.84424591516773E-20,
1.));
#2843=DIRECTION('ref_axis',(1.83697019872103E-16,1.,-4.84424591516777E-20));
#2844=DIRECTION('',(2.12967226794957E-18,4.84424591516773E-20,1.));
#2845=DIRECTION('',(2.12967226794957E-18,4.84424591516773E-20,1.));
#2846=DIRECTION('center_axis',(1.,-1.83697019872103E-16,-2.12967226794957E-18));
#2847=DIRECTION('ref_axis',(1.83697019872103E-16,1.,-4.84424591516777E-20));
#2848=DIRECTION('',(1.49254259527983E-16,0.819152044288992,-0.573576436351046));
#2849=DIRECTION('',(1.83697019872103E-16,1.,-4.84424591516777E-20));
#2850=DIRECTION('center_axis',(1.83697019872103E-16,1.,-4.84424591516777E-20));
#2851=DIRECTION('ref_axis',(-1.,1.83697019872103E-16,2.12967226794957E-18));
#2852=DIRECTION('',(-0.819152044288991,1.50503574811117E-16,0.573576436351047));
#2853=DIRECTION('',(-1.,1.83697019872103E-16,2.12967226794957E-18));
#2854=DIRECTION('center_axis',(-1.,1.83697019872103E-16,2.12967226794957E-18));
#2855=DIRECTION('ref_axis',(-1.83697019872103E-16,-1.,4.84424591516777E-20));
#2856=DIRECTION('',(-1.51697319188075E-16,-0.819152044288992,-0.573576436351046));
#2857=DIRECTION('',(-2.12967226794957E-18,-4.84424591516773E-20,-1.));
#2858=DIRECTION('',(-1.83697019872103E-16,-1.,4.84424591516777E-20));
#2859=DIRECTION('',(2.12967226794957E-18,4.84424591516773E-20,1.));
#2860=DIRECTION('',(-1.83697019872103E-16,-1.,4.84424591516777E-20));
#2861=DIRECTION('center_axis',(-1.83697019872103E-16,-1.,4.84424591516777E-20));
#2862=DIRECTION('ref_axis',(1.,-1.83697019872103E-16,-2.12967226794957E-18));
#2863=DIRECTION('',(0.819152044288992,-1.5044800390494E-16,0.573576436351046));
#2864=DIRECTION('',(1.,-1.83697019872103E-16,-2.12967226794957E-18));
#2865=DIRECTION('',(2.12967226794957E-18,4.84424591516773E-20,1.));
#2866=DIRECTION('',(1.,-1.83697019872103E-16,-2.12967226794957E-18));
#2867=DIRECTION('center_axis',(2.12967226794957E-18,4.84424591516773E-20,
1.));
#2868=DIRECTION('ref_axis',(-1.83697019872103E-16,-1.,4.84424591516777E-20));
#2869=DIRECTION('center_axis',(2.12967226794957E-18,4.84424591516773E-20,
1.));
#2870=DIRECTION('ref_axis',(-1.83697019872103E-16,-1.,4.84424591516777E-20));
#2871=DIRECTION('center_axis',(2.12967226794957E-18,4.84424591516773E-20,
1.));
#2872=DIRECTION('ref_axis',(-1.83697019872103E-16,-1.,4.84424591516777E-20));
#2873=DIRECTION('center_axis',(-2.12967226794957E-18,-4.84424591516773E-20,
-1.));
#2874=DIRECTION('ref_axis',(1.,-1.83697019872103E-16,-2.12967226794957E-18));
#2875=DIRECTION('',(-1.,1.83697019872103E-16,2.12967226794957E-18));
#2876=DIRECTION('center_axis',(-1.,1.83697019872103E-16,2.12967226794957E-18));
#2877=DIRECTION('ref_axis',(-1.83697019872103E-16,-1.,4.84424591516777E-20));
#2878=DIRECTION('',(-1.49254259527983E-16,-0.819152044288992,0.573576436351046));
#2879=DIRECTION('',(-1.83697019872103E-16,-1.,4.84424591516777E-20));
#2880=DIRECTION('',(2.12967226794957E-18,4.84424591516773E-20,1.));
#2881=DIRECTION('',(-1.83697019872103E-16,-1.,4.84424591516777E-20));
#2882=DIRECTION('center_axis',(2.12967226794957E-18,4.84424591516773E-20,
1.));
#2883=DIRECTION('ref_axis',(-1.,1.83697019872103E-16,2.12967226794957E-18));
#2884=DIRECTION('center_axis',(2.12967226794957E-18,4.84424591516773E-20,
1.));
#2885=DIRECTION('ref_axis',(-1.,1.83697019872103E-16,2.12967226794957E-18));
#2886=DIRECTION('',(2.12967226794957E-18,4.84424591516773E-20,1.));
#2887=DIRECTION('center_axis',(2.12967226794957E-18,4.84424591516773E-20,
1.));
#2888=DIRECTION('ref_axis',(-1.,1.83697019872103E-16,2.12967226794957E-18));
#2889=DIRECTION('center_axis',(1.83697019872103E-16,1.,-4.84424591516777E-20));
#2890=DIRECTION('ref_axis',(-1.,1.83697019872103E-16,2.12967226794957E-18));
#2891=DIRECTION('',(-0.819152044288992,1.5044800390494E-16,-0.573576436351046));
#2892=DIRECTION('',(-1.,1.83697019872103E-16,2.12967226794957E-18));
#2893=DIRECTION('',(-1.,1.83697019872103E-16,2.12967226794957E-18));
#2894=DIRECTION('center_axis',(-2.12967226794957E-18,-4.84424591516773E-20,
-1.));
#2895=DIRECTION('ref_axis',(1.,-1.83697019872103E-16,-2.12967226794957E-18));
#2896=DIRECTION('center_axis',(-1.83697019872103E-16,-1.,4.84424591516777E-20));
#2897=DIRECTION('ref_axis',(1.,-1.83697019872103E-16,-2.12967226794957E-18));
#2898=DIRECTION('',(0.819152044288991,-1.50503574811117E-16,-0.573576436351047));
#2899=DIRECTION('',(2.12967226794957E-18,4.84424591516773E-20,1.));
#2900=DIRECTION('',(1.,-1.83697019872103E-16,-2.12967226794957E-18));
#2901=DIRECTION('center_axis',(1.,-1.83697019872103E-16,-2.12967226794957E-18));
#2902=DIRECTION('ref_axis',(1.83697019872103E-16,1.,-4.84424591516777E-20));
#2903=DIRECTION('',(1.51697319188075E-16,0.819152044288992,0.573576436351046));
#2904=DIRECTION('',(1.83697019872103E-16,1.,-4.84424591516777E-20));
#2905=DIRECTION('',(2.12967226794957E-18,4.84424591516773E-20,1.));
#2906=DIRECTION('',(2.12967226794957E-18,4.84424591516773E-20,1.));
#2907=DIRECTION('center_axis',(2.12967226794957E-18,4.84424591516773E-20,
1.));
#2908=DIRECTION('ref_axis',(1.,-1.83697019872103E-16,-2.12967226794957E-18));
#2909=DIRECTION('center_axis',(2.12967226794957E-18,4.84424591516773E-20,
1.));
#2910=DIRECTION('ref_axis',(1.,-1.83697019872103E-16,-2.12967226794957E-18));
#2911=DIRECTION('center_axis',(1.83697019872103E-16,1.,-4.84424591516777E-20));
#2912=DIRECTION('ref_axis',(-1.,1.83697019872103E-16,2.12967226794957E-18));
#2913=DIRECTION('',(1.,-1.83697019872103E-16,-2.12967226794957E-18));
#2914=DIRECTION('center_axis',(-0.573576436351047,2.32684153490979E-16,
-0.819152044288991));
#2915=DIRECTION('ref_axis',(-1.83697019872103E-16,-1.,-1.55428863728152E-16));
#2916=DIRECTION('',(-4.05741624797134E-16,-1.,4.84424591516782E-20));
#2917=DIRECTION('center_axis',(-1.07108807418505E-16,-0.573576436351046,
-0.819152044288992));
#2918=DIRECTION('ref_axis',(-1.49254259527983E-16,-0.819152044288992,0.573576436351046));
#2919=DIRECTION('',(1.,-1.83697019872103E-16,-2.12967226794957E-18));
#2920=DIRECTION('center_axis',(0.573576436351046,-1.05403963765993E-16,
-0.819152044288992));
#2921=DIRECTION('ref_axis',(-1.83697019872103E-16,-1.,4.84424591516777E-20));
#2922=DIRECTION('',(1.83697019872103E-16,1.,-4.84424591516777E-20));
#2923=DIRECTION('center_axis',(1.03619756634592E-16,0.573576436351046,-0.819152044288992));
#2924=DIRECTION('ref_axis',(-1.51697319188075E-16,-0.819152044288992,-0.573576436351046));
#2925=DIRECTION('',(-1.,1.83697019872103E-16,2.12967226794957E-18));
#2926=DIRECTION('center_axis',(-2.12967226794957E-18,-4.84424591516773E-20,
-1.));
#2927=DIRECTION('ref_axis',(-1.83697019872103E-16,-1.,4.84424591516777E-20));
#2928=DIRECTION('center_axis',(2.12967226794957E-18,4.84424591516773E-20,
1.));
#2929=DIRECTION('ref_axis',(1.83697019872103E-16,1.,-4.84424591516777E-20));
#2930=CARTESIAN_POINT('',(0.,0.,0.));
#2931=CARTESIAN_POINT('Origin',(80.8454555446776,-9.00000047497452,54.5461561565033));
#2932=CARTESIAN_POINT('',(80.8454555446776,-9.00000047497452,54.5461561565033));
#2933=CARTESIAN_POINT('',(85.8954555446776,-9.00000047497452,54.5461561565033));
#2934=CARTESIAN_POINT('',(80.8454555446776,-9.00000047497452,54.5461561565033));
#2935=CARTESIAN_POINT('',(80.8454555446776,-9.00000047497452,52.0461561565033));
#2936=CARTESIAN_POINT('',(80.8454545733548,-9.00000047497452,44.3661561565033));
#2937=CARTESIAN_POINT('',(85.8954555446776,-9.00000047497452,52.0461561565033));
#2938=CARTESIAN_POINT('',(80.8454555446776,-9.00000047497452,52.0461561565033));
#2939=CARTESIAN_POINT('',(85.8954555446776,-9.00000047497452,54.5461561565033));
#2940=CARTESIAN_POINT('Origin',(85.8954555446776,9.00000047497452,54.5461561565033));
#2941=CARTESIAN_POINT('',(80.8454555446776,9.00000047497452,54.5461561565033));
#2942=CARTESIAN_POINT('',(85.8954555446776,9.00000047497452,54.5461561565033));
#2943=CARTESIAN_POINT('',(80.8454555446776,9.00000047497452,54.5461561565033));
#2944=CARTESIAN_POINT('',(85.8954555446776,9.00000047497452,52.0461561565033));
#2945=CARTESIAN_POINT('',(85.8954555446776,9.00000047497452,54.5461561565033));
#2946=CARTESIAN_POINT('',(80.8454555446776,9.00000047497452,52.0461561565033));
#2947=CARTESIAN_POINT('',(80.8454555446776,9.00000047497452,52.0461561565033));
#2948=CARTESIAN_POINT('',(80.8454545733548,9.00000047497452,44.3661561565033));
#2949=CARTESIAN_POINT('Origin',(85.8954555446776,7.50000047497451,54.5461561565033));
#2950=CARTESIAN_POINT('',(87.3954555446777,7.50000047497451,54.5461561565033));
#2951=CARTESIAN_POINT('Origin',(85.8954555446776,7.50000047497451,54.5461561565033));
#2952=CARTESIAN_POINT('',(87.3954555446777,7.50000047497451,52.0461561565033));
#2953=CARTESIAN_POINT('',(87.3954555446777,7.50000047497451,54.5461561565033));
#2954=CARTESIAN_POINT('Origin',(85.8954555446776,7.50000047497451,52.0461561565033));
#2955=CARTESIAN_POINT('Origin',(87.3954555446777,6.69999870490173,54.5461561565033));
#2956=CARTESIAN_POINT('',(87.3954555446777,6.69999870490173,54.5461561565033));
#2957=CARTESIAN_POINT('',(87.3954555446777,7.50000047497451,54.5461561565033));
#2958=CARTESIAN_POINT('',(87.3954555446777,6.69999870490173,52.0461561565033));
#2959=CARTESIAN_POINT('',(87.3954555446777,6.69999870490173,54.5461561565033));
#2960=CARTESIAN_POINT('',(87.3954555446777,7.50000047497451,52.0461561565033));
#2961=CARTESIAN_POINT('Origin',(86.8954555446777,6.69999870490173,54.5461561565033));
#2962=CARTESIAN_POINT('',(86.8954555446777,6.19999870490173,54.5461561565033));
#2963=CARTESIAN_POINT('Origin',(86.8954555446777,6.69999870490173,54.5461561565033));
#2964=CARTESIAN_POINT('',(86.8954555446777,6.19999870490174,52.0461561565033));
#2965=CARTESIAN_POINT('',(86.8954555446777,6.19999870490173,54.5461561565033));
#2966=CARTESIAN_POINT('Origin',(86.8954555446777,6.69999870490173,52.0461561565033));
#2967=CARTESIAN_POINT('Origin',(86.5284860524441,6.19999870490173,54.5461561565033));
#2968=CARTESIAN_POINT('',(86.5284860524441,6.19999870490173,54.5461561565033));
#2969=CARTESIAN_POINT('',(86.5284860524441,6.19999870490173,54.5461561565033));
#2970=CARTESIAN_POINT('',(86.5284860524441,6.19999870490173,52.0461561565033));
#2971=CARTESIAN_POINT('',(86.5284860524441,6.19999870490173,54.5461561565033));
#2972=CARTESIAN_POINT('',(86.5284860524441,6.19999870490173,52.0461561565033));
#2973=CARTESIAN_POINT('Origin',(86.5284860524441,6.69999870490173,54.5461561565033));
#2974=CARTESIAN_POINT('',(86.1618797566262,6.35999896392139,54.5461561565033));
#2975=CARTESIAN_POINT('Origin',(86.5284860524441,6.69999870490173,54.5461561565033));
#2976=CARTESIAN_POINT('',(86.1618797566262,6.35999896392139,52.0461561565033));
#2977=CARTESIAN_POINT('',(86.1618797566262,6.35999896392139,54.5461561565033));
#2978=CARTESIAN_POINT('Origin',(86.5284860524441,6.69999870490173,52.0461561565033));
#2979=CARTESIAN_POINT('Origin',(84.6954545733548,5.,54.5461561565033));
#2980=CARTESIAN_POINT('',(86.1618797566262,3.64000103607862,54.5461561565033));
#2981=CARTESIAN_POINT('Origin',(84.6954545733548,5.,54.5461561565033));
#2982=CARTESIAN_POINT('',(86.1618797566262,3.64000103607862,52.0461561565033));
#2983=CARTESIAN_POINT('',(86.1618797566262,3.64000103607862,54.5461561565033));
#2984=CARTESIAN_POINT('Origin',(84.6954545733548,5.,52.0461561565033));
#2985=CARTESIAN_POINT('Origin',(86.5284860524441,3.30000129509828,54.5461561565033));
#2986=CARTESIAN_POINT('',(86.5284860524441,3.80000129509828,54.5461561565033));
#2987=CARTESIAN_POINT('Origin',(86.5284860524441,3.30000129509828,54.5461561565033));
#2988=CARTESIAN_POINT('',(86.5284860524441,3.80000129509828,52.0461561565033));
#2989=CARTESIAN_POINT('',(86.5284860524441,3.80000129509828,54.5461561565033));
#2990=CARTESIAN_POINT('Origin',(86.5284860524441,3.30000129509828,52.0461561565033));
#2991=CARTESIAN_POINT('Origin',(86.8954555446777,3.80000129509828,54.5461561565033));
#2992=CARTESIAN_POINT('',(86.8954555446777,3.80000129509828,54.5461561565033));
#2993=CARTESIAN_POINT('',(86.5284860524441,3.80000129509828,54.5461561565033));
#2994=CARTESIAN_POINT('',(86.8954555446777,3.80000129509828,52.0461561565033));
#2995=CARTESIAN_POINT('',(86.8954555446777,3.80000129509828,54.5461561565033));
#2996=CARTESIAN_POINT('',(86.5284860524441,3.80000129509828,52.0461561565033));
#2997=CARTESIAN_POINT('Origin',(86.8954555446777,3.30000129509828,54.5461561565033));
#2998=CARTESIAN_POINT('',(87.3954555446777,3.30000129509827,54.5461561565033));
#2999=CARTESIAN_POINT('Origin',(86.8954555446777,3.30000129509828,54.5461561565033));
#3000=CARTESIAN_POINT('',(87.3954555446777,3.30000129509827,52.0461561565033));
#3001=CARTESIAN_POINT('',(87.3954555446777,3.30000129509827,54.5461561565033));
#3002=CARTESIAN_POINT('Origin',(86.8954555446777,3.30000129509828,52.0461561565033));
#3003=CARTESIAN_POINT('Origin',(87.3954555446777,-3.30000129509827,54.5461561565033));
#3004=CARTESIAN_POINT('',(87.3954555446777,-3.30000129509827,54.5461561565033));
#3005=CARTESIAN_POINT('',(87.3954555446777,3.30000129509827,54.5461561565033));
#3006=CARTESIAN_POINT('',(87.3954555446777,-3.30000129509827,52.0461561565033));
#3007=CARTESIAN_POINT('',(87.3954555446777,-3.30000129509827,54.5461561565033));
#3008=CARTESIAN_POINT('',(87.3954555446777,3.30000129509827,52.0461561565033));
#3009=CARTESIAN_POINT('Origin',(86.8954555446777,-3.30000129509827,54.5461561565033));
#3010=CARTESIAN_POINT('',(86.8954555446777,-3.80000129509827,54.5461561565033));
#3011=CARTESIAN_POINT('Origin',(86.8954555446777,-3.30000129509827,54.5461561565033));
#3012=CARTESIAN_POINT('',(86.8954555446777,-3.80000129509827,52.0461561565033));
#3013=CARTESIAN_POINT('',(86.8954555446777,-3.80000129509827,54.5461561565033));
#3014=CARTESIAN_POINT('Origin',(86.8954555446777,-3.30000129509827,52.0461561565033));
#3015=CARTESIAN_POINT('Origin',(86.5284860524441,-3.80000129509827,54.5461561565033));
#3016=CARTESIAN_POINT('',(86.5284860524441,-3.80000129509827,54.5461561565033));
#3017=CARTESIAN_POINT('',(86.5284860524441,-3.80000129509827,54.5461561565033));
#3018=CARTESIAN_POINT('',(86.5284860524441,-3.80000129509827,52.0461561565033));
#3019=CARTESIAN_POINT('',(86.5284860524441,-3.80000129509827,54.5461561565033));
#3020=CARTESIAN_POINT('',(86.5284860524441,-3.80000129509827,52.0461561565033));
#3021=CARTESIAN_POINT('Origin',(86.5284860524441,-3.30000129509828,54.5461561565033));
#3022=CARTESIAN_POINT('',(86.1618797566262,-3.64000103607861,54.5461561565033));
#3023=CARTESIAN_POINT('Origin',(86.5284860524441,-3.30000129509828,54.5461561565033));
#3024=CARTESIAN_POINT('',(86.1618797566262,-3.64000103607861,52.0461561565033));
#3025=CARTESIAN_POINT('',(86.1618797566262,-3.64000103607861,54.5461561565033));
#3026=CARTESIAN_POINT('Origin',(86.5284860524441,-3.30000129509828,52.0461561565033));
#3027=CARTESIAN_POINT('Origin',(84.6954545733548,-5.,54.5461561565033));
#3028=CARTESIAN_POINT('',(86.1618797566262,-6.35999896392138,54.5461561565033));
#3029=CARTESIAN_POINT('Origin',(84.6954545733548,-5.,54.5461561565033));
#3030=CARTESIAN_POINT('',(86.1618797566262,-6.35999896392138,52.0461561565033));
#3031=CARTESIAN_POINT('',(86.1618797566262,-6.35999896392138,54.5461561565033));
#3032=CARTESIAN_POINT('Origin',(84.6954545733548,-5.,52.0461561565033));
#3033=CARTESIAN_POINT('Origin',(86.5284860524441,-6.69999870490173,54.5461561565033));
#3034=CARTESIAN_POINT('',(86.5284860524441,-6.19999870490173,54.5461561565033));
#3035=CARTESIAN_POINT('Origin',(86.5284860524441,-6.69999870490173,54.5461561565033));
#3036=CARTESIAN_POINT('',(86.5284860524441,-6.19999870490173,52.0461561565033));
#3037=CARTESIAN_POINT('',(86.5284860524441,-6.19999870490173,54.5461561565033));
#3038=CARTESIAN_POINT('Origin',(86.5284860524441,-6.69999870490173,52.0461561565033));
#3039=CARTESIAN_POINT('Origin',(86.8954555446777,-6.19999870490173,54.5461561565033));
#3040=CARTESIAN_POINT('',(86.8954555446777,-6.19999870490173,54.5461561565033));
#3041=CARTESIAN_POINT('',(86.5284860524441,-6.19999870490173,54.5461561565033));
#3042=CARTESIAN_POINT('',(86.8954555446777,-6.19999870490173,52.0461561565033));
#3043=CARTESIAN_POINT('',(86.8954555446777,-6.19999870490173,54.5461561565033));
#3044=CARTESIAN_POINT('',(86.5284860524441,-6.19999870490173,52.0461561565033));
#3045=CARTESIAN_POINT('Origin',(86.8954555446777,-6.69999870490173,54.5461561565033));
#3046=CARTESIAN_POINT('',(87.3954555446777,-6.69999870490173,54.5461561565033));
#3047=CARTESIAN_POINT('Origin',(86.8954555446777,-6.69999870490173,54.5461561565033));
#3048=CARTESIAN_POINT('',(87.3954555446777,-6.69999870490173,52.0461561565033));
#3049=CARTESIAN_POINT('',(87.3954555446777,-6.69999870490173,54.5461561565033));
#3050=CARTESIAN_POINT('Origin',(86.8954555446777,-6.69999870490173,52.0461561565033));
#3051=CARTESIAN_POINT('Origin',(87.3954555446776,-7.50000047497451,54.5461561565033));
#3052=CARTESIAN_POINT('',(87.3954555446776,-7.50000047497451,54.5461561565033));
#3053=CARTESIAN_POINT('',(87.3954555446776,-7.50000047497451,54.5461561565033));
#3054=CARTESIAN_POINT('',(87.3954555446776,-7.50000047497451,52.0461561565033));
#3055=CARTESIAN_POINT('',(87.3954555446776,-7.50000047497451,54.5461561565033));
#3056=CARTESIAN_POINT('',(87.3954555446776,-7.50000047497451,52.0461561565033));
#3057=CARTESIAN_POINT('Origin',(85.8954555446776,-7.50000047497451,54.5461561565033));
#3058=CARTESIAN_POINT('Origin',(85.8954555446776,-7.50000047497451,54.5461561565033));
#3059=CARTESIAN_POINT('Origin',(85.8954555446776,-7.50000047497451,52.0461561565033));
#3060=CARTESIAN_POINT('Origin',(84.1204555446777,0.,54.5461561565033));
#3061=CARTESIAN_POINT('',(80.8454545733548,-5.,54.5461561565033));
#3062=CARTESIAN_POINT('Origin',(84.1204555446777,0.,52.0461561565033));
#3063=CARTESIAN_POINT('',(80.8454545733548,-5.,52.0461561565033));
#3064=CARTESIAN_POINT('Origin',(39.9454536020319,-9.00000047497451,54.5461561565033));
#3065=CARTESIAN_POINT('',(39.9454536020319,-9.00000047497451,54.5461561565033));
#3066=CARTESIAN_POINT('',(34.8954536020319,-9.00000047497451,54.5461561565033));
#3067=CARTESIAN_POINT('',(39.9454536020319,-9.00000047497451,54.5461561565033));
#3068=CARTESIAN_POINT('',(34.8954536020319,-9.00000047497451,52.0461561565033));
#3069=CARTESIAN_POINT('',(34.8954536020319,-9.00000047497451,54.5461561565033));
#3070=CARTESIAN_POINT('',(39.9454536020319,-9.00000047497451,52.0461561565033));
#3071=CARTESIAN_POINT('',(39.9454536020319,-9.00000047497451,52.0461561565033));
#3072=CARTESIAN_POINT('',(39.9454545733548,-9.00000047497451,44.3661561565033));
#3073=CARTESIAN_POINT('Origin',(34.8954536020319,9.00000047497453,54.5461561565033));
#3074=CARTESIAN_POINT('',(39.9454536020319,9.00000047497453,54.5461561565033));
#3075=CARTESIAN_POINT('',(34.8954536020319,9.00000047497453,54.5461561565033));
#3076=CARTESIAN_POINT('',(39.9454536020319,9.00000047497453,54.5461561565033));
#3077=CARTESIAN_POINT('',(39.9454536020319,9.00000047497453,52.0461561565033));
#3078=CARTESIAN_POINT('',(39.9454545733548,9.00000047497453,44.3661561565033));
#3079=CARTESIAN_POINT('',(34.8954536020319,9.00000047497453,52.0461561565033));
#3080=CARTESIAN_POINT('',(39.9454536020319,9.00000047497453,52.0461561565033));
#3081=CARTESIAN_POINT('',(34.8954536020319,9.00000047497453,54.5461561565033));
#3082=CARTESIAN_POINT('Origin',(34.8954536020319,7.50000047497452,54.5461561565033));
#3083=CARTESIAN_POINT('',(33.3954536020319,7.50000047497452,54.5461561565033));
#3084=CARTESIAN_POINT('Origin',(34.8954536020319,7.50000047497452,54.5461561565033));
#3085=CARTESIAN_POINT('',(33.3954536020319,7.50000047497452,52.0461561565033));
#3086=CARTESIAN_POINT('Origin',(34.8954536020319,7.50000047497452,52.0461561565033));
#3087=CARTESIAN_POINT('',(33.3954536020319,7.50000047497452,54.5461561565033));
#3088=CARTESIAN_POINT('Origin',(33.3954536020319,6.69999870490174,54.5461561565033));
#3089=CARTESIAN_POINT('',(33.3954536020319,6.69999870490174,54.5461561565033));
#3090=CARTESIAN_POINT('',(33.3954536020319,7.50000047497452,54.5461561565033));
#3091=CARTESIAN_POINT('',(33.3954536020319,6.69999870490174,52.0461561565033));
#3092=CARTESIAN_POINT('',(33.3954536020319,7.50000047497452,52.0461561565033));
#3093=CARTESIAN_POINT('',(33.3954536020319,6.69999870490174,54.5461561565033));
#3094=CARTESIAN_POINT('Origin',(33.8954536020319,6.69999870490174,54.5461561565033));
#3095=CARTESIAN_POINT('',(33.8954536020319,6.19999870490174,54.5461561565033));
#3096=CARTESIAN_POINT('Origin',(33.8954536020319,6.69999870490174,54.5461561565033));
#3097=CARTESIAN_POINT('',(33.8954536020319,6.19999870490175,52.0461561565033));
#3098=CARTESIAN_POINT('Origin',(33.8954536020319,6.69999870490174,52.0461561565033));
#3099=CARTESIAN_POINT('',(33.8954536020319,6.19999870490174,54.5461561565033));
#3100=CARTESIAN_POINT('Origin',(34.2624230942654,6.19999870490174,54.5461561565033));
#3101=CARTESIAN_POINT('',(34.2624230942654,6.19999870490174,54.5461561565033));
#3102=CARTESIAN_POINT('',(34.2624230942654,6.19999870490174,54.5461561565033));
#3103=CARTESIAN_POINT('',(34.2624230942654,6.19999870490174,52.0461561565033));
#3104=CARTESIAN_POINT('',(34.2624230942654,6.19999870490174,52.0461561565033));
#3105=CARTESIAN_POINT('',(34.2624230942654,6.19999870490174,54.5461561565033));
#3106=CARTESIAN_POINT('Origin',(34.2624230942654,6.69999870490174,54.5461561565033));
#3107=CARTESIAN_POINT('',(34.6290293900833,6.3599989639214,54.5461561565033));
#3108=CARTESIAN_POINT('Origin',(34.2624230942654,6.69999870490174,54.5461561565033));
#3109=CARTESIAN_POINT('',(34.6290293900833,6.3599989639214,52.0461561565033));
#3110=CARTESIAN_POINT('Origin',(34.2624230942654,6.69999870490174,52.0461561565033));
#3111=CARTESIAN_POINT('',(34.6290293900833,6.3599989639214,54.5461561565033));
#3112=CARTESIAN_POINT('Origin',(36.0954545733548,5.00000000000001,54.5461561565033));
#3113=CARTESIAN_POINT('',(34.6290293900833,3.64000103607863,54.5461561565033));
#3114=CARTESIAN_POINT('Origin',(36.0954545733548,5.00000000000001,54.5461561565033));
#3115=CARTESIAN_POINT('',(34.6290293900833,3.64000103607863,52.0461561565033));
#3116=CARTESIAN_POINT('Origin',(36.0954545733548,5.00000000000001,52.0461561565033));
#3117=CARTESIAN_POINT('',(34.6290293900833,3.64000103607863,54.5461561565033));
#3118=CARTESIAN_POINT('Origin',(34.2624230942654,3.30000129509829,54.5461561565033));
#3119=CARTESIAN_POINT('',(34.2624230942654,3.80000129509829,54.5461561565033));
#3120=CARTESIAN_POINT('Origin',(34.2624230942654,3.30000129509829,54.5461561565033));
#3121=CARTESIAN_POINT('',(34.2624230942654,3.80000129509829,52.0461561565033));
#3122=CARTESIAN_POINT('Origin',(34.2624230942654,3.30000129509829,52.0461561565033));
#3123=CARTESIAN_POINT('',(34.2624230942654,3.80000129509829,54.5461561565033));
#3124=CARTESIAN_POINT('Origin',(33.8954536020319,3.80000129509829,54.5461561565033));
#3125=CARTESIAN_POINT('',(33.8954536020319,3.80000129509829,54.5461561565033));
#3126=CARTESIAN_POINT('',(34.2624230942654,3.80000129509829,54.5461561565033));
#3127=CARTESIAN_POINT('',(33.8954536020319,3.80000129509829,52.0461561565033));
#3128=CARTESIAN_POINT('',(34.2624230942654,3.80000129509829,52.0461561565033));
#3129=CARTESIAN_POINT('',(33.8954536020319,3.80000129509829,54.5461561565033));
#3130=CARTESIAN_POINT('Origin',(33.8954536020319,3.30000129509829,54.5461561565033));
#3131=CARTESIAN_POINT('',(33.3954536020319,3.30000129509828,54.5461561565033));
#3132=CARTESIAN_POINT('Origin',(33.8954536020319,3.30000129509829,54.5461561565033));
#3133=CARTESIAN_POINT('',(33.3954536020319,3.30000129509828,52.0461561565033));
#3134=CARTESIAN_POINT('Origin',(33.8954536020319,3.30000129509829,52.0461561565033));
#3135=CARTESIAN_POINT('',(33.3954536020319,3.30000129509828,54.5461561565033));
#3136=CARTESIAN_POINT('Origin',(33.3954536020319,-3.30000129509826,54.5461561565033));
#3137=CARTESIAN_POINT('',(33.3954536020319,-3.30000129509826,54.5461561565033));
#3138=CARTESIAN_POINT('',(33.3954536020319,3.30000129509828,54.5461561565033));
#3139=CARTESIAN_POINT('',(33.3954536020319,-3.30000129509826,52.0461561565033));
#3140=CARTESIAN_POINT('',(33.3954536020319,3.30000129509828,52.0461561565033));
#3141=CARTESIAN_POINT('',(33.3954536020319,-3.30000129509826,54.5461561565033));
#3142=CARTESIAN_POINT('Origin',(33.8954536020319,-3.30000129509826,54.5461561565033));
#3143=CARTESIAN_POINT('',(33.8954536020319,-3.80000129509826,54.5461561565033));
#3144=CARTESIAN_POINT('Origin',(33.8954536020319,-3.30000129509826,54.5461561565033));
#3145=CARTESIAN_POINT('',(33.8954536020319,-3.80000129509826,52.0461561565033));
#3146=CARTESIAN_POINT('Origin',(33.8954536020319,-3.30000129509826,52.0461561565033));
#3147=CARTESIAN_POINT('',(33.8954536020319,-3.80000129509826,54.5461561565033));
#3148=CARTESIAN_POINT('Origin',(34.2624230942654,-3.80000129509826,54.5461561565033));
#3149=CARTESIAN_POINT('',(34.2624230942654,-3.80000129509826,54.5461561565033));
#3150=CARTESIAN_POINT('',(34.2624230942654,-3.80000129509826,54.5461561565033));
#3151=CARTESIAN_POINT('',(34.2624230942654,-3.80000129509826,52.0461561565033));
#3152=CARTESIAN_POINT('',(34.2624230942654,-3.80000129509826,52.0461561565033));
#3153=CARTESIAN_POINT('',(34.2624230942654,-3.80000129509826,54.5461561565033));
#3154=CARTESIAN_POINT('Origin',(34.2624230942654,-3.30000129509827,54.5461561565033));
#3155=CARTESIAN_POINT('',(34.6290293900833,-3.6400010360786,54.5461561565033));
#3156=CARTESIAN_POINT('Origin',(34.2624230942654,-3.30000129509827,54.5461561565033));
#3157=CARTESIAN_POINT('',(34.6290293900833,-3.6400010360786,52.0461561565033));
#3158=CARTESIAN_POINT('Origin',(34.2624230942654,-3.30000129509827,52.0461561565033));
#3159=CARTESIAN_POINT('',(34.6290293900833,-3.6400010360786,54.5461561565033));
#3160=CARTESIAN_POINT('Origin',(36.0954545733548,-4.99999999999999,54.5461561565033));
#3161=CARTESIAN_POINT('',(34.6290293900833,-6.35999896392137,54.5461561565033));
#3162=CARTESIAN_POINT('Origin',(36.0954545733548,-4.99999999999999,54.5461561565033));
#3163=CARTESIAN_POINT('',(34.6290293900833,-6.35999896392137,52.0461561565033));
#3164=CARTESIAN_POINT('Origin',(36.0954545733548,-4.99999999999999,52.0461561565033));
#3165=CARTESIAN_POINT('',(34.6290293900833,-6.35999896392137,54.5461561565033));
#3166=CARTESIAN_POINT('Origin',(34.2624230942654,-6.69999870490172,54.5461561565033));
#3167=CARTESIAN_POINT('',(34.2624230942654,-6.19999870490172,54.5461561565033));
#3168=CARTESIAN_POINT('Origin',(34.2624230942654,-6.69999870490172,54.5461561565033));
#3169=CARTESIAN_POINT('',(34.2624230942654,-6.19999870490172,52.0461561565033));
#3170=CARTESIAN_POINT('Origin',(34.2624230942654,-6.69999870490172,52.0461561565033));
#3171=CARTESIAN_POINT('',(34.2624230942654,-6.19999870490172,54.5461561565033));
#3172=CARTESIAN_POINT('Origin',(33.8954536020319,-6.19999870490172,54.5461561565033));
#3173=CARTESIAN_POINT('',(33.8954536020319,-6.19999870490172,54.5461561565033));
#3174=CARTESIAN_POINT('',(34.2624230942654,-6.19999870490172,54.5461561565033));
#3175=CARTESIAN_POINT('',(33.8954536020319,-6.19999870490172,52.0461561565033));
#3176=CARTESIAN_POINT('',(34.2624230942654,-6.19999870490172,52.0461561565033));
#3177=CARTESIAN_POINT('',(33.8954536020319,-6.19999870490172,54.5461561565033));
#3178=CARTESIAN_POINT('Origin',(33.8954536020319,-6.69999870490172,54.5461561565033));
#3179=CARTESIAN_POINT('',(33.3954536020319,-6.69999870490172,54.5461561565033));
#3180=CARTESIAN_POINT('Origin',(33.8954536020319,-6.69999870490172,54.5461561565033));
#3181=CARTESIAN_POINT('',(33.3954536020319,-6.69999870490172,52.0461561565033));
#3182=CARTESIAN_POINT('Origin',(33.8954536020319,-6.69999870490172,52.0461561565033));
#3183=CARTESIAN_POINT('',(33.3954536020319,-6.69999870490172,54.5461561565033));
#3184=CARTESIAN_POINT('Origin',(33.3954536020319,-7.5000004749745,54.5461561565033));
#3185=CARTESIAN_POINT('',(33.3954536020319,-7.5000004749745,54.5461561565033));
#3186=CARTESIAN_POINT('',(33.3954536020319,-7.5000004749745,54.5461561565033));
#3187=CARTESIAN_POINT('',(33.3954536020319,-7.5000004749745,52.0461561565033));
#3188=CARTESIAN_POINT('',(33.3954536020319,-7.5000004749745,52.0461561565033));
#3189=CARTESIAN_POINT('',(33.3954536020319,-7.5000004749745,54.5461561565033));
#3190=CARTESIAN_POINT('Origin',(34.8954536020319,-7.5000004749745,54.5461561565033));
#3191=CARTESIAN_POINT('Origin',(34.8954536020319,-7.5000004749745,54.5461561565033));
#3192=CARTESIAN_POINT('Origin',(34.8954536020319,-7.5000004749745,52.0461561565033));
#3193=CARTESIAN_POINT('Origin',(36.6704536020319,8.88178419700125E-15,54.5461561565033));
#3194=CARTESIAN_POINT('',(39.9454545733548,5.00000000000001,54.5461561565033));
#3195=CARTESIAN_POINT('Origin',(36.6704536020319,8.88178419700125E-15,52.0461561565033));
#3196=CARTESIAN_POINT('',(39.9454545733548,5.00000000000001,52.0461561565033));
#3197=CARTESIAN_POINT('Origin',(40.6454545733548,-9.29999999999999,34.1861561565032));
#3198=CARTESIAN_POINT('',(40.6454545733548,-9.99999999999999,59.8861561565032));
#3199=CARTESIAN_POINT('',(39.9454545733548,-9.29999999999999,59.8861561565032));
#3200=CARTESIAN_POINT('Origin',(40.6454545733548,-9.29999999999999,59.8861561565032));
#3201=CARTESIAN_POINT('',(39.9454545733548,-9.29999999999999,27.1861561565032));
#3202=CARTESIAN_POINT('',(39.9454545733548,-9.29999999999999,34.1861561565032));
#3203=CARTESIAN_POINT('',(40.6454545733548,-9.99999999999999,27.1861561565032));
#3204=CARTESIAN_POINT('Origin',(40.6454545733548,-9.29999999999999,27.1861561565032));
#3205=CARTESIAN_POINT('',(40.6454545733548,-9.99999999999999,34.1861561565032));
#3206=CARTESIAN_POINT('Origin',(42.3854550304479,-7.55999977648258,27.1861561565032));
#3207=CARTESIAN_POINT('',(39.9454550304479,-5.11999977648258,27.1861561565032));
#3208=CARTESIAN_POINT('',(39.9454545733548,1.22000011175872,27.1861561565032));
#3209=CARTESIAN_POINT('',(42.8254550304479,-5.11999977648259,27.1861561565032));
#3210=CARTESIAN_POINT('',(42.8254550304479,-5.11999977648259,27.1861561565032));
#3211=CARTESIAN_POINT('',(44.8254550304479,-7.11999977648258,27.1861561565032));
#3212=CARTESIAN_POINT('Origin',(42.8254550304479,-7.11999977648258,27.1861561565032));
#3213=CARTESIAN_POINT('',(44.8254550304479,-9.99999977648258,27.1861561565032));
#3214=CARTESIAN_POINT('',(44.8254550304479,-9.99999977648258,27.1861561565032));
#3215=CARTESIAN_POINT('',(41.1654548019013,-9.99999999999999,27.1861561565032));
#3216=CARTESIAN_POINT('Origin',(39.9454545733548,10.,34.1861561565032));
#3217=CARTESIAN_POINT('',(39.9454545733548,9.30000000000001,59.8861561565032));
#3218=CARTESIAN_POINT('',(39.9454545733548,5.00000000000001,59.8861561565032));
#3219=CARTESIAN_POINT('',(39.9454545733548,9.30000000000001,27.1861561565032));
#3220=CARTESIAN_POINT('',(39.9454545733548,9.30000000000001,34.1861561565032));
#3221=CARTESIAN_POINT('',(39.9454550304479,5.1199997764826,27.1861561565032));
#3222=CARTESIAN_POINT('',(39.9454545733548,8.7799998882413,27.1861561565032));
#3223=CARTESIAN_POINT('',(39.9454550304479,5.1199997764826,27.0865709128626));
#3224=CARTESIAN_POINT('',(39.9454545733548,5.1199997764826,29.9361561565032));
#3225=CARTESIAN_POINT('',(39.9454550304479,-5.11999977648258,27.0865709128626));
#3226=CARTESIAN_POINT('',(39.9454545733548,5.00000000000001,27.0865712329227));
#3227=CARTESIAN_POINT('',(39.9454545733548,-5.11999977648258,29.9361561565032));
#3228=CARTESIAN_POINT('Origin',(40.6454545733548,9.30000000000001,34.1861561565032));
#3229=CARTESIAN_POINT('',(40.6454545733548,10.,27.1861561565032));
#3230=CARTESIAN_POINT('Origin',(40.6454545733548,9.30000000000001,27.1861561565032));
#3231=CARTESIAN_POINT('',(40.6454545733548,10.,59.8861561565032));
#3232=CARTESIAN_POINT('Origin',(40.6454545733548,9.30000000000001,59.8861561565032));
#3233=CARTESIAN_POINT('',(40.6454545733548,10.,34.1861561565032));
#3234=CARTESIAN_POINT('Origin',(42.3854550304479,7.55999977648258,27.1861561565032));
#3235=CARTESIAN_POINT('',(44.8254550304479,9.99999977648258,27.1861561565032));
#3236=CARTESIAN_POINT('',(61.6154548019013,10.,27.1861561565032));
#3237=CARTESIAN_POINT('',(44.8254550304479,7.11999977648258,27.1861561565032));
#3238=CARTESIAN_POINT('',(44.8254550304479,9.99999977648258,27.1861561565032));
#3239=CARTESIAN_POINT('',(42.8254550304479,5.11999977648259,27.1861561565032));
#3240=CARTESIAN_POINT('Origin',(42.8254550304479,7.11999977648258,27.1861561565032));
#3241=CARTESIAN_POINT('',(42.8254550304479,5.11999977648259,27.1861561565032));
#3242=CARTESIAN_POINT('Origin',(80.1454545733548,-9.3,34.1861561565032));
#3243=CARTESIAN_POINT('',(80.8454545733548,-9.3,59.8861561565032));
#3244=CARTESIAN_POINT('',(80.1454545733548,-10.,59.8861561565032));
#3245=CARTESIAN_POINT('Origin',(80.1454545733548,-9.3,59.8861561565032));
#3246=CARTESIAN_POINT('',(80.1454545733548,-10.,27.1861561565032));
#3247=CARTESIAN_POINT('',(80.1454545733548,-10.,34.1861561565032));
#3248=CARTESIAN_POINT('',(80.8454545733548,-9.3,27.1861561565032));
#3249=CARTESIAN_POINT('Origin',(80.1454545733548,-9.3,27.1861561565032));
#3250=CARTESIAN_POINT('',(80.8454545733548,-9.3,34.1861561565032));
#3251=CARTESIAN_POINT('Origin',(60.3954545733548,0.,59.8861561565032));
#3252=CARTESIAN_POINT('',(50.1704545733548,-10.,59.8861561565032));
#3253=CARTESIAN_POINT('',(80.8454545733548,9.3,59.8861561565032));
#3254=CARTESIAN_POINT('',(80.8454545733548,-5.,59.8861561565032));
#3255=CARTESIAN_POINT('',(80.1454545733548,10.,59.8861561565032));
#3256=CARTESIAN_POINT('Origin',(80.1454545733548,9.3,59.8861561565032));
#3257=CARTESIAN_POINT('',(70.6204545733548,10.,59.8861561565032));
#3258=CARTESIAN_POINT('',(40.4454545733548,9.75000000000001,59.8861561565032));
#3259=CARTESIAN_POINT('',(40.4454545733548,-9.74999999999999,59.8861561565032));
#3260=CARTESIAN_POINT('',(40.4454545733548,9.75000000000001,59.8861561565032));
#3261=CARTESIAN_POINT('',(80.3454545733548,9.75,59.8861561565032));
#3262=CARTESIAN_POINT('',(80.3454545733548,9.75,59.8861561565032));
#3263=CARTESIAN_POINT('',(80.3454545733548,-9.75,59.8861561565032));
#3264=CARTESIAN_POINT('',(80.3454545733548,-9.75,59.8861561565032));
#3265=CARTESIAN_POINT('',(40.4454545733548,-9.74999999999999,59.8861561565032));
#3266=CARTESIAN_POINT('Origin',(80.8454545733548,-10.,34.1861561565032));
#3267=CARTESIAN_POINT('',(80.8454541162616,-5.11999977648259,27.1861561565032));
#3268=CARTESIAN_POINT('',(80.8454545733548,-8.77999988824129,27.1861561565032));
#3269=CARTESIAN_POINT('',(80.8454541162616,-5.11999977648259,27.0865709128626));
#3270=CARTESIAN_POINT('',(80.8454545733548,-5.11999977648259,29.9361561565032));
#3271=CARTESIAN_POINT('',(80.8454541162616,5.11999977648259,27.0865709128626));
#3272=CARTESIAN_POINT('',(80.8454545733548,-5.,27.0865712329227));
#3273=CARTESIAN_POINT('',(80.8454541162616,5.11999977648259,27.1861561565032));
#3274=CARTESIAN_POINT('',(80.8454545733548,5.11999977648259,29.9361561565032));
#3275=CARTESIAN_POINT('',(80.8454545733548,9.3,27.1861561565032));
#3276=CARTESIAN_POINT('',(80.8454545733548,-1.22000011175871,27.1861561565032));
#3277=CARTESIAN_POINT('',(80.8454545733548,9.3,34.1861561565032));
#3278=CARTESIAN_POINT('Origin',(80.1454545733548,9.3,34.1861561565032));
#3279=CARTESIAN_POINT('',(80.1454545733548,10.,27.1861561565032));
#3280=CARTESIAN_POINT('Origin',(80.1454545733548,9.3,27.1861561565032));
#3281=CARTESIAN_POINT('',(80.1454545733548,10.,34.1861561565032));
#3282=CARTESIAN_POINT('Origin',(46.9454545733548,7.95776902059637,62.2861561565033));
#3283=CARTESIAN_POINT('',(57.4454545733548,7.95776902059637,62.2861561565033));
#3284=CARTESIAN_POINT('',(46.9454545733548,7.95776902059637,62.2861561565033));
#3285=CARTESIAN_POINT('',(54.295453893818,7.95776902059637,62.2861561565033));
#3286=CARTESIAN_POINT('',(57.4454545733548,7.95776902059637,62.7861561565032));
#3287=CARTESIAN_POINT('',(57.4454545733548,7.95776902059637,62.2861561565033));
#3288=CARTESIAN_POINT('',(46.9454545733548,7.95776902059637,62.7861561565032));
#3289=CARTESIAN_POINT('',(57.4454545733548,7.95776902059637,62.7861561565032));
#3290=CARTESIAN_POINT('',(46.9454545733548,7.95776902059637,62.2861561565033));
#3291=CARTESIAN_POINT('Origin',(46.9454545733548,-7.99946688863365,62.2861561565033));
#3292=CARTESIAN_POINT('',(46.9454545733548,-7.99946688863365,62.2861561565033));
#3293=CARTESIAN_POINT('',(46.9454545733548,-3.99973344431682,62.2861561565033));
#3294=CARTESIAN_POINT('',(46.9454545733548,-7.99946688863365,62.7861561565032));
#3295=CARTESIAN_POINT('',(46.9454545733548,7.95776902059637,62.7861561565032));
#3296=CARTESIAN_POINT('',(46.9454545733548,-7.99946688863365,62.2861561565033));
#3297=CARTESIAN_POINT('Origin',(57.4454545733548,-7.99946688863365,62.2861561565033));
#3298=CARTESIAN_POINT('',(57.4454545733548,-7.99946688863365,62.2861561565033));
#3299=CARTESIAN_POINT('',(59.545453893818,-7.99946688863365,62.2861561565033));
#3300=CARTESIAN_POINT('',(57.4454545733548,-7.99946688863365,62.7861561565032));
#3301=CARTESIAN_POINT('',(46.9454545733548,-7.99946688863365,62.7861561565032));
#3302=CARTESIAN_POINT('',(57.4454545733548,-7.99946688863365,62.2861561565033));
#3303=CARTESIAN_POINT('Origin',(57.4454545733548,7.95776902059637,62.2861561565033));
#3304=CARTESIAN_POINT('',(57.4454545733548,3.97888451029818,62.2861561565033));
#3305=CARTESIAN_POINT('',(57.4454545733548,-7.99946688863365,62.7861561565032));
#3306=CARTESIAN_POINT('Origin',(58.4454545733548,-8.99946688863365,62.2861561565033));
#3307=CARTESIAN_POINT('',(58.4454545733548,-1.77084893401864,62.2861561565033));
#3308=CARTESIAN_POINT('',(58.4454545733548,-8.99946688863365,62.2861561565033));
#3309=CARTESIAN_POINT('',(58.4454545733548,-4.49973344431682,62.2861561565033));
#3310=CARTESIAN_POINT('',(58.4454545733548,-1.77084893401864,62.7861561565032));
#3311=CARTESIAN_POINT('',(58.4454545733548,-1.77084893401864,62.2861561565033));
#3312=CARTESIAN_POINT('',(58.4454545733548,-8.99946688863365,62.7861561565032));
#3313=CARTESIAN_POINT('',(58.4454545733548,-8.99946688863365,62.7861561565032));
#3314=CARTESIAN_POINT('',(58.4454545733548,-8.99946688863365,62.2861561565033));
#3315=CARTESIAN_POINT('Origin',(58.4454545733548,8.95776902059636,62.2861561565033));
#3316=CARTESIAN_POINT('',(45.969582351534,8.95776902059637,62.2861561565033));
#3317=CARTESIAN_POINT('',(58.4454545733548,8.95776902059636,62.2861561565033));
#3318=CARTESIAN_POINT('',(60.045453893818,8.95776902059636,62.2861561565033));
#3319=CARTESIAN_POINT('',(45.969582351534,8.95776902059637,62.7861561565032));
#3320=CARTESIAN_POINT('',(45.969582351534,8.95776902059637,62.2861561565033));
#3321=CARTESIAN_POINT('',(58.4454545733548,8.95776902059636,62.7861561565032));
#3322=CARTESIAN_POINT('',(58.4454545733548,8.95776902059636,62.7861561565032));
#3323=CARTESIAN_POINT('',(58.4454545733548,8.95776902059636,62.2861561565033));
#3324=CARTESIAN_POINT('Origin',(58.4454545733548,1.72915106598135,62.2861561565033));
#3325=CARTESIAN_POINT('',(58.4454545733548,1.72915106598135,62.2861561565033));
#3326=CARTESIAN_POINT('',(58.4454545733548,0.864575532990681,62.2861561565033));
#3327=CARTESIAN_POINT('',(58.4454545733548,1.72915106598136,62.7861561565032));
#3328=CARTESIAN_POINT('',(58.4454545733548,-8.99946688863365,62.7861561565032));
#3329=CARTESIAN_POINT('',(58.4454545733548,1.72915106598135,62.2861561565033));
#3330=CARTESIAN_POINT('Origin',(58.4454545733548,-0.0208489340186446,62.2861561565033));
#3331=CARTESIAN_POINT('Origin',(58.4454545733548,-0.0208489340186446,62.2861561565033));
#3332=CARTESIAN_POINT('Origin',(58.4454545733548,-0.0208489340186446,62.7861561565032));
#3333=CARTESIAN_POINT('Origin',(53.0704545733548,-0.0208489340186446,62.7861561565032));
#3334=CARTESIAN_POINT('',(45.9535314192607,2.99595341895191,62.7861561565032));
#3335=CARTESIAN_POINT('',(45.9696727812603,8.99135743425798,62.7861561565032));
#3336=CARTESIAN_POINT('',(45.9454545733548,2.99596429153507,62.7861561565032));
#3337=CARTESIAN_POINT('Origin',(45.9454545733548,-0.00403842661195419,62.7861561565032));
#3338=CARTESIAN_POINT('',(45.9454545733548,-8.99946688863365,62.7861561565032));
#3339=CARTESIAN_POINT('',(45.9454545733548,8.95776902059637,62.7861561565032));
#3340=CARTESIAN_POINT('',(45.9454545733548,-8.99946688863365,62.7861561565032));
#3341=CARTESIAN_POINT('Origin',(61.6454532142813,0.,62.2861561565033));
#3342=CARTESIAN_POINT('',(66.4854545733548,-8.99946688863365,62.2861561565033));
#3343=CARTESIAN_POINT('',(66.4854545733548,-8.99946688863365,62.2861561565033));
#3344=CARTESIAN_POINT('',(80.3454545733548,-3.12249902306013,62.2861561565033));
#3345=CARTESIAN_POINT('Origin',(70.8454544243432,0.,62.2861561565033));
#3346=CARTESIAN_POINT('',(80.3454545733548,3.12249902306013,62.2861561565033));
#3347=CARTESIAN_POINT('',(80.3454545733548,-9.75,62.2861561565033));
#3348=CARTESIAN_POINT('',(66.4854545733548,8.99946688863365,62.2861561565033));
#3349=CARTESIAN_POINT('Origin',(70.8454544243432,0.,62.2861561565033));
#3350=CARTESIAN_POINT('',(66.4854545733548,8.93612301473159,62.2861561565033));
#3351=CARTESIAN_POINT('',(66.4854545733548,-10.,62.2861561565033));
#3352=CARTESIAN_POINT('',(66.5095983403751,8.9360580127263,62.2861561565033));
#3353=CARTESIAN_POINT('',(77.3454544243432,0.,62.2861561565033));
#3354=CARTESIAN_POINT('Origin',(70.8454544243432,0.,62.2861561565033));
#3355=CARTESIAN_POINT('Origin',(61.6454532142813,0.,62.2861561565033));
#3356=CARTESIAN_POINT('',(45.9696727812603,8.99135743425798,62.2861561565033));
#3357=CARTESIAN_POINT('',(66.5095983403751,8.9360580127263,62.2861561565033));
#3358=CARTESIAN_POINT('',(45.9696727812603,8.99135743425798,62.2861561565033));
#3359=CARTESIAN_POINT('Origin',(61.6454532142813,0.,62.2861561565033));
#3360=CARTESIAN_POINT('Origin',(70.8454544243432,0.,64.2861561565032));
#3361=CARTESIAN_POINT('',(74.0954544243431,0.,69.2861561565032));
#3362=CARTESIAN_POINT('Origin',(70.8454544243432,0.,69.2861561565032));
#3363=CARTESIAN_POINT('',(74.0954544243431,0.,64.2861561565032));
#3364=CARTESIAN_POINT('',(74.0954544243432,-1.99005104861445E-16,64.2861561565032));
#3365=CARTESIAN_POINT('Origin',(70.8454544243432,0.,64.2861561565032));
#3366=CARTESIAN_POINT('Origin',(70.8454544243432,0.,69.2861561565032));
#3367=CARTESIAN_POINT('Origin',(70.8454544243432,0.,63.7861561565033));
#3368=CARTESIAN_POINT('',(76.3454544243431,0.,64.2861561565032));
#3369=CARTESIAN_POINT('Origin',(70.8454544243432,0.,64.2861561565032));
#3370=CARTESIAN_POINT('',(76.3454544243431,0.,63.7861561565033));
#3371=CARTESIAN_POINT('',(76.3454544243431,-3.36777869765522E-16,63.7861561565033));
#3372=CARTESIAN_POINT('Origin',(70.8454544243432,0.,63.7861561565033));
#3373=CARTESIAN_POINT('Origin',(70.8454544243432,0.,64.2861561565032));
#3374=CARTESIAN_POINT('Origin',(70.8454544243432,0.,62.2861561565033));
#3375=CARTESIAN_POINT('',(77.3454544243432,0.,63.7861561565033));
#3376=CARTESIAN_POINT('Origin',(70.8454544243432,0.,63.7861561565033));
#3377=CARTESIAN_POINT('',(77.3454544243432,-3.9801020972289E-16,62.2861561565033));
#3378=CARTESIAN_POINT('Origin',(70.8454544243432,0.,63.7861561565033));
#3379=CARTESIAN_POINT('Origin',(61.6454532142813,0.,60.2861561565032));
#3380=CARTESIAN_POINT('',(68.6234051494097,-9.75,60.2861561565032));
#3381=CARTESIAN_POINT('',(73.0675036992766,-9.75,60.2861561565032));
#3382=CARTESIAN_POINT('',(50.4204545733548,-9.75,60.2861561565032));
#3383=CARTESIAN_POINT('Origin',(70.8454544243432,0.,60.2861561565032));
#3384=CARTESIAN_POINT('Origin',(45.9454545733548,-3.00404114475898,60.2861561565032));
#3385=CARTESIAN_POINT('',(45.9454545733548,-8.99946688863365,60.2861561565032));
#3386=CARTESIAN_POINT('',(45.9454545733548,-3.00404114475898,60.2861561565032));
#3387=CARTESIAN_POINT('',(45.9454545733548,-1.50202057237949,60.2861561565032));
#3388=CARTESIAN_POINT('',(45.9454545733548,-8.99946688863365,60.2861561565032));
#3389=CARTESIAN_POINT('',(45.9454545733548,2.99596429153507,62.2861561565033));
#3390=CARTESIAN_POINT('',(45.9454545733548,2.99596429153507,62.2861561565033));
#3391=CARTESIAN_POINT('',(45.9454545733548,-3.00404114475898,62.2861561565033));
#3392=CARTESIAN_POINT('',(45.9454545733548,1.49798214576753,62.2861561565033));
#3393=CARTESIAN_POINT('',(45.9454545733548,-3.00404114475898,60.2861561565032));
#3394=CARTESIAN_POINT('Origin',(45.9454545733548,-0.00403842661195419,60.2861561565032));
#3395=CARTESIAN_POINT('',(45.9535314192607,2.99595341895191,60.2861561565032));
#3396=CARTESIAN_POINT('Origin',(45.9454545733548,-0.00403842661195419,60.2861561565032));
#3397=CARTESIAN_POINT('Origin',(45.9454545733548,-0.00403842661195419,62.2861561565033));
#3398=CARTESIAN_POINT('',(45.9535314192607,2.99595341895191,60.2861561565032));
#3399=CARTESIAN_POINT('Origin',(45.9696727812603,8.99135743425798,60.2861561565032));
#3400=CARTESIAN_POINT('',(45.9696727812603,8.99135743425798,60.2861561565032));
#3401=CARTESIAN_POINT('',(45.957621483041,4.51513035159538,60.2861561565032));
#3402=CARTESIAN_POINT('',(45.9696727812603,8.99135743425798,60.2861561565032));
#3403=CARTESIAN_POINT('Origin',(66.4854545733548,8.93612301473159,60.2861561565032));
#3404=CARTESIAN_POINT('',(66.4854545733548,8.93612301473159,60.2861561565032));
#3405=CARTESIAN_POINT('',(63.4525058715741,8.9442885900284,60.2861561565032));
#3406=CARTESIAN_POINT('',(66.4854545733548,8.93612301473159,60.2861561565032));
#3407=CARTESIAN_POINT('Origin',(66.4854545733548,8.99946688863365,60.2861561565032));
#3408=CARTESIAN_POINT('',(66.4854545733548,8.99946688863365,60.2861561565032));
#3409=CARTESIAN_POINT('',(66.4854545733548,4.49973344431683,60.2861561565032));
#3410=CARTESIAN_POINT('',(66.4854545733548,8.99946688863365,60.2861561565032));
#3411=CARTESIAN_POINT('Origin',(70.8454544243432,0.,60.2861561565032));
#3412=CARTESIAN_POINT('',(73.0675036992766,9.75,60.2861561565032));
#3413=CARTESIAN_POINT('',(80.3454545733548,3.12249902306013,60.2861561565032));
#3414=CARTESIAN_POINT('Origin',(70.8454544243432,0.,60.2861561565032));
#3415=CARTESIAN_POINT('',(68.6234051494097,9.75,60.2861561565032));
#3416=CARTESIAN_POINT('Origin',(70.8454544243432,0.,60.2861561565032));
#3417=CARTESIAN_POINT('Origin',(70.8454544243432,0.,60.2861561565032));
#3418=CARTESIAN_POINT('',(80.3454545733548,3.12249902306013,60.2861561565032));
#3419=CARTESIAN_POINT('Origin',(70.8454544243432,0.,60.2861561565032));
#3420=CARTESIAN_POINT('',(66.4854545733548,-8.99946688863365,60.2861561565032));
#3421=CARTESIAN_POINT('Origin',(70.8454544243432,0.,60.2861561565032));
#3422=CARTESIAN_POINT('',(80.3454545733548,-3.12249902306013,60.2861561565032));
#3423=CARTESIAN_POINT('Origin',(70.8454544243432,0.,60.2861561565032));
#3424=CARTESIAN_POINT('',(80.3454545733548,-3.12249902306013,60.2861561565032));
#3425=CARTESIAN_POINT('',(66.4854545733548,-8.99946688863365,60.2861561565032));
#3426=CARTESIAN_POINT('Origin',(45.9454545733548,-8.99946688863365,60.2861561565032));
#3427=CARTESIAN_POINT('',(53.1704545733548,-8.99946688863365,60.2861561565032));
#3428=CARTESIAN_POINT('Origin',(61.6454532142813,0.,62.2861561565033));
#3429=CARTESIAN_POINT('Origin',(61.6454532142813,0.,60.2861561565032));
#3430=CARTESIAN_POINT('',(70.3704545733548,9.75,60.2861561565032));
#3431=CARTESIAN_POINT('Origin',(60.3954545733548,0.,60.2861561565032));
#3432=CARTESIAN_POINT('',(80.3454545733548,-9.75,60.2861561565032));
#3433=CARTESIAN_POINT('',(50.4204545733548,-9.75,60.2861561565032));
#3434=CARTESIAN_POINT('',(80.3454545733548,-4.875,60.2861561565032));
#3435=CARTESIAN_POINT('Origin',(60.3954545733548,0.,60.2861561565032));
#3436=CARTESIAN_POINT('',(80.3454545733548,9.75,60.2861561565032));
#3437=CARTESIAN_POINT('',(80.3454545733548,-4.875,60.2861561565032));
#3438=CARTESIAN_POINT('',(70.3704545733548,9.75,60.2861561565032));
#3439=CARTESIAN_POINT('Origin',(80.3454545733548,9.75,60.2861561565032));
#3440=CARTESIAN_POINT('',(80.3454545733548,9.75,60.2861561565032));
#3441=CARTESIAN_POINT('',(40.4454545733548,9.75000000000001,60.2861561565032));
#3442=CARTESIAN_POINT('',(40.4454545733548,9.75000000000001,60.2861561565032));
#3443=CARTESIAN_POINT('',(70.3704545733548,9.75,60.2861561565032));
#3444=CARTESIAN_POINT('Origin',(80.3454545733548,-9.75,60.2861561565032));
#3445=CARTESIAN_POINT('',(80.3454545733548,-9.75,60.2861561565032));
#3446=CARTESIAN_POINT('Origin',(40.4454545733548,-9.74999999999999,60.2861561565032));
#3447=CARTESIAN_POINT('',(40.4454545733548,-9.74999999999999,60.2861561565032));
#3448=CARTESIAN_POINT('',(50.4204545733548,-9.75,60.2861561565032));
#3449=CARTESIAN_POINT('',(40.4454545733548,-9.74999999999999,60.2861561565032));
#3450=CARTESIAN_POINT('Origin',(40.4454545733548,9.75000000000001,60.2861561565032));
#3451=CARTESIAN_POINT('',(40.4454545733548,4.87500000000001,60.2861561565032));
#3452=CARTESIAN_POINT('Origin',(39.9454545733548,-9.99999999999999,34.1861561565032));
#3453=CARTESIAN_POINT('',(44.8254550304479,-9.99999977648258,27.0865710764141));
#3454=CARTESIAN_POINT('',(44.8254550304479,-10.,29.9361561565032));
#3455=CARTESIAN_POINT('',(75.9654541162617,-9.99999977648258,27.0865710764141));
#3456=CARTESIAN_POINT('',(50.1704545733548,-10.,27.0865712329227));
#3457=CARTESIAN_POINT('',(75.9654541162617,-9.99999977648258,27.1861561565032));
#3458=CARTESIAN_POINT('',(75.9654541162617,-10.,29.9361561565032));
#3459=CARTESIAN_POINT('',(59.1754543448082,-10.,27.1861561565032));
#3460=CARTESIAN_POINT('Origin',(42.8254550304479,-7.11999977648258,25.6861561565032));
#3461=CARTESIAN_POINT('',(44.8254550304479,-7.11999977648258,25.6861561565032));
#3462=CARTESIAN_POINT('',(42.8254550304479,-5.11999977648259,25.6861561565032));
#3463=CARTESIAN_POINT('Origin',(42.8254550304479,-7.11999977648258,25.6861561565032));
#3464=CARTESIAN_POINT('',(44.8254550304479,-7.11999977648258,25.6861561565032));
#3465=CARTESIAN_POINT('',(42.8254550304479,-5.11999977648259,25.6861561565032));
#3466=CARTESIAN_POINT('Origin',(44.8254550304479,-9.99999977648258,25.6861561565032));
#3467=CARTESIAN_POINT('',(44.8254550304479,-8.,25.6861561565032));
#3468=CARTESIAN_POINT('',(44.8254550304479,-9.17100999667161,26.5061061834916));
#3469=CARTESIAN_POINT('',(44.8254550304479,-4.99999988824129,25.6861561565032));
#3470=CARTESIAN_POINT('Origin',(42.8254550304479,-5.11999977648259,25.6861561565032));
#3471=CARTESIAN_POINT('',(41.9454545733548,-5.11999977648259,25.6861561565032));
#3472=CARTESIAN_POINT('',(41.7406991582435,-5.11999977648259,25.8295274416534));
#3473=CARTESIAN_POINT('',(51.6104548019013,-5.11999977648259,25.6861561565032));
#3474=CARTESIAN_POINT('Origin',(75.9654541162617,9.99999977648258,25.6861561565032));
#3475=CARTESIAN_POINT('',(75.9654541162617,9.99999977648258,27.0865710764141));
#3476=CARTESIAN_POINT('',(75.9654541162617,8.,25.6861561565032));
#3477=CARTESIAN_POINT('',(75.9654541162617,9.17100999667161,26.5061061834916));
#3478=CARTESIAN_POINT('',(75.9654541162617,9.99999977648258,27.1861561565032));
#3479=CARTESIAN_POINT('',(75.9654541162617,10.,29.9361561565032));
#3480=CARTESIAN_POINT('',(75.9654541162617,7.11999977648258,27.1861561565032));
#3481=CARTESIAN_POINT('',(75.9654541162617,9.99999977648258,27.1861561565032));
#3482=CARTESIAN_POINT('',(75.9654541162617,7.11999977648258,25.6861561565032));
#3483=CARTESIAN_POINT('',(75.9654541162617,7.11999977648258,25.6861561565032));
#3484=CARTESIAN_POINT('',(75.9654541162617,4.99999988824129,25.6861561565032));
#3485=CARTESIAN_POINT('Origin',(77.9654541162616,5.11999977648259,25.6861561565032));
#3486=CARTESIAN_POINT('',(78.8454545733548,5.11999977648259,25.6861561565032));
#3487=CARTESIAN_POINT('',(79.0502099884661,5.11999977648259,25.8295274416534));
#3488=CARTESIAN_POINT('',(77.9654541162616,5.11999977648259,25.6861561565032));
#3489=CARTESIAN_POINT('',(69.1804543448082,5.11999977648259,25.6861561565032));
#3490=CARTESIAN_POINT('',(77.9654541162616,5.11999977648259,27.1861561565032));
#3491=CARTESIAN_POINT('',(77.9654541162616,5.11999977648259,25.6861561565032));
#3492=CARTESIAN_POINT('',(77.9654541162616,5.11999977648259,27.1861561565032));
#3493=CARTESIAN_POINT('Origin',(77.9654541162616,7.11999977648258,25.6861561565032));
#3494=CARTESIAN_POINT('Origin',(77.9654541162616,7.11999977648258,25.6861561565032));
#3495=CARTESIAN_POINT('Origin',(77.9654541162616,7.11999977648258,27.1861561565032));
#3496=CARTESIAN_POINT('Origin',(78.4054541162617,7.55999977648258,27.1861561565032));
#3497=CARTESIAN_POINT('',(79.6254543448082,10.,27.1861561565032));
#3498=CARTESIAN_POINT('Origin',(75.9654541162617,-7.11999977648258,25.6861561565032));
#3499=CARTESIAN_POINT('',(75.9654541162617,-8.,25.6861561565032));
#3500=CARTESIAN_POINT('',(75.9654541162617,-8.20475549347713,25.8295274965258));
#3501=CARTESIAN_POINT('',(75.9654541162617,-7.11999977648258,25.6861561565032));
#3502=CARTESIAN_POINT('',(75.9654541162617,-3.55999988824129,25.6861561565032));
#3503=CARTESIAN_POINT('',(75.9654541162617,-7.11999977648258,27.1861561565032));
#3504=CARTESIAN_POINT('',(75.9654541162617,-7.11999977648258,25.6861561565032));
#3505=CARTESIAN_POINT('',(75.9654541162617,-9.99999977648258,27.1861561565032));
#3506=CARTESIAN_POINT('Origin',(77.9654541162616,-7.11999977648258,25.6861561565032));
#3507=CARTESIAN_POINT('',(77.9654541162616,-5.11999977648259,25.6861561565032));
#3508=CARTESIAN_POINT('Origin',(77.9654541162616,-7.11999977648258,25.6861561565032));
#3509=CARTESIAN_POINT('',(77.9654541162616,-5.11999977648259,27.1861561565032));
#3510=CARTESIAN_POINT('',(77.9654541162616,-5.11999977648259,25.6861561565032));
#3511=CARTESIAN_POINT('Origin',(77.9654541162616,-7.11999977648258,27.1861561565032));
#3512=CARTESIAN_POINT('Origin',(80.8454541162616,-5.11999977648259,25.6861561565032));
#3513=CARTESIAN_POINT('',(78.8454545733548,-5.11999977648259,25.6861561565032));
#3514=CARTESIAN_POINT('',(80.0164644916605,-5.11999977648259,26.5061061286193));
#3515=CARTESIAN_POINT('',(77.9654541162616,-5.11999977648259,27.1861561565032));
#3516=CARTESIAN_POINT('',(70.6204543448082,-5.11999977648259,25.6861561565032));
#3517=CARTESIAN_POINT('Origin',(78.4054541162617,-7.55999977648258,27.1861561565032));
#3518=CARTESIAN_POINT('Origin',(39.9454550304479,5.1199997764826,25.6861561565032));
#3519=CARTESIAN_POINT('',(41.9454545733548,5.11999977648259,25.6861561565032));
#3520=CARTESIAN_POINT('',(40.774444655049,5.1199997764826,26.5061061286193));
#3521=CARTESIAN_POINT('',(42.8254550304479,5.11999977648259,25.6861561565032));
#3522=CARTESIAN_POINT('',(42.8254550304479,5.11999977648259,25.6861561565032));
#3523=CARTESIAN_POINT('',(50.1704548019013,5.11999977648259,25.6861561565032));
#3524=CARTESIAN_POINT('Origin',(44.8254550304479,7.11999977648258,25.6861561565032));
#3525=CARTESIAN_POINT('',(44.8254550304479,8.,25.6861561565032));
#3526=CARTESIAN_POINT('',(44.8254550304479,9.99999977648258,27.0865710764141));
#3527=CARTESIAN_POINT('',(44.8254550304479,8.20475549347713,25.8295274965258));
#3528=CARTESIAN_POINT('',(44.8254550304479,7.11999977648258,25.6861561565032));
#3529=CARTESIAN_POINT('',(44.8254550304479,3.55999988824129,25.6861561565032));
#3530=CARTESIAN_POINT('',(44.8254550304479,7.11999977648258,25.6861561565032));
#3531=CARTESIAN_POINT('',(44.8254550304479,10.,29.9361561565032));
#3532=CARTESIAN_POINT('Origin',(42.8254550304479,7.11999977648258,25.6861561565032));
#3533=CARTESIAN_POINT('Origin',(42.8254550304479,7.11999977648258,25.6861561565032));
#3534=CARTESIAN_POINT('Origin',(80.8454545733548,10.,34.1861561565032));
#3535=CARTESIAN_POINT('',(70.6204545733547,10.,27.0865712329227));
#3536=CARTESIAN_POINT('Origin',(40.9454545733548,5.00000000000001,26.386363694713));
#3537=CARTESIAN_POINT('',(41.9454545733548,5.,25.6861561565032));
#3538=CARTESIAN_POINT('Origin',(50.1704545733548,-9.,26.386363694713));
#3539=CARTESIAN_POINT('',(50.1704545733548,-8.,25.6861561565032));
#3540=CARTESIAN_POINT('Origin',(79.8454545733548,-5.,26.386363694713));
#3541=CARTESIAN_POINT('',(78.8454545733548,-5.,25.6861561565032));
#3542=CARTESIAN_POINT('Origin',(70.6204545733547,9.,26.386363694713));
#3543=CARTESIAN_POINT('',(70.6204545733547,8.,25.6861561565032));
#3544=CARTESIAN_POINT('Origin',(60.3954545733548,0.,25.6861561565032));
#3545=CARTESIAN_POINT('Origin',(60.3954545733548,0.,60.2861561565032));
#3546=UNCERTAINTY_MEASURE_WITH_UNIT(LENGTH_MEASURE(0.01),#3550,
'DISTANCE_ACCURACY_VALUE',
'Maximum model space distance between geometric entities at asserted c
onnectivities');
#3547=UNCERTAINTY_MEASURE_WITH_UNIT(LENGTH_MEASURE(0.01),#3550,
'DISTANCE_ACCURACY_VALUE',
'Maximum model space distance between geometric entities at asserted c
onnectivities');
#3548=(
GEOMETRIC_REPRESENTATION_CONTEXT(3)
GLOBAL_UNCERTAINTY_ASSIGNED_CONTEXT((#3546))
GLOBAL_UNIT_ASSIGNED_CONTEXT((#3550,#3552,#3553))
REPRESENTATION_CONTEXT('','3D')
);
#3549=(
GEOMETRIC_REPRESENTATION_CONTEXT(3)
GLOBAL_UNCERTAINTY_ASSIGNED_CONTEXT((#3547))
GLOBAL_UNIT_ASSIGNED_CONTEXT((#3550,#3552,#3553))
REPRESENTATION_CONTEXT('','3D')
);
#3550=(
LENGTH_UNIT()
NAMED_UNIT(*)
SI_UNIT(.MILLI.,.METRE.)
);
#3551=(
LENGTH_UNIT()
NAMED_UNIT(*)
SI_UNIT($,.METRE.)
);
#3552=(
NAMED_UNIT(*)
PLANE_ANGLE_UNIT()
SI_UNIT($,.RADIAN.)
);
#3553=(
NAMED_UNIT(*)
SI_UNIT($,.STERADIAN.)
SOLID_ANGLE_UNIT()
);
#3554=SHAPE_DEFINITION_REPRESENTATION(#3555,#3556);
#3555=PRODUCT_DEFINITION_SHAPE('',$,#3558);
#3556=SHAPE_REPRESENTATION('',(#2122),#3548);
#3557=PRODUCT_DEFINITION_CONTEXT('part definition',#3562,'design');
#3558=PRODUCT_DEFINITION('Sservo 1','Sservo 1 v1',#3559,#3557);
#3559=PRODUCT_DEFINITION_FORMATION('',$,#3564);
#3560=PRODUCT_RELATED_PRODUCT_CATEGORY('Sservo 1 v1','Sservo 1 v1',(#3564));
#3561=APPLICATION_PROTOCOL_DEFINITION('international standard',
'automotive_design',2009,#3562);
#3562=APPLICATION_CONTEXT(
'Core Data for Automotive Mechanical Design Process');
#3563=PRODUCT_CONTEXT('part definition',#3562,'mechanical');
#3564=PRODUCT('Sservo 1','Sservo 1 v1',$,(#3563));
#3565=PRESENTATION_STYLE_ASSIGNMENT((#3566));
#3566=SURFACE_STYLE_USAGE(.BOTH.,#3567);
#3567=SURFACE_SIDE_STYLE('',(#3568));
#3568=SURFACE_STYLE_FILL_AREA(#3569);
#3569=FILL_AREA_STYLE('Steel - Satin',(#3570));
#3570=FILL_AREA_STYLE_COLOUR('Steel - Satin',#3571);
#3571=COLOUR_RGB('Steel - Satin',0.627450980392157,0.627450980392157,0.627450980392157);
ENDSEC;
END-ISO-10303-21;
